ID_Agente,ID_Caso,Agente,Atributo,Género,Calidad,Labor,Relación_crímenes,Conteo_mínimo,Tipo_Institución,Doble_Atributo,RCDA,Proceso,
IDA1,1,Persona,Perpetrador,Hombre,Sin especificar,Político del Estado,"1A, 1B, 1C",,null,Víctima,1D,Contrademanda,
IDA2,1,Persona,Perpetrador,Indeterminado,Indeterminado,Indeterminado,"1B,1D",1,null,null,,,
IDA3,1,Persona,Perpetrador,Hombre,Sin especificar,Político del Estado,1C,,null,null,,,
IDA4,2,Persona,Perpetrador,Hombre,Sin especificar,Político del Estado,2A,1,null,,,,
IDA5,2,Persona,Perpetrador,Hombre,Sin especificar,Político del Estado,2A,1,null,,,,
IDA6,2,Persona,Perpetrador,Hombre,Sin especificar,Político del Estado,2A,1,null,,,,
IDA7,3,Persona,Perpetrador,Hombre,Sin especificar,Sin especificar,3A,,null,,,,
IDA8,3,Persona,Víctima,Mujer,Sin especificar,Sin especificar,3A,,null,,,,
IDA9,4,Persona,Perpetrador,Hombre,Sin especificar,Fuerza armada,4A,,null,,,,
IDA10,4,Persona,Víctima,Hombre,Sin especificar,Fuerza armada,4A,,null,,,,
IDA11,5,Persona,Perpetrador,Hombre,Sin especificar,Sin especificar,5A,,null,,,,
IDA12,5,Persona,Víctima,Hombre,Sin especificar,Político del Estado,5A,,null,,,,
IDA13,6,Persona,Perpetrador,Hombre,Sin especificar,Sin especificar,6A,,null,,,,
IDA14,6,Persona,Víctima,Hombre,Sin especificar,Sin especificar,6A,,null,,,,
IDA15,7,Persona,Perpetrador,Hombre,Sin especificar,Sin especificar,"7A, 7B, 7C, 7D, 7E, 7F, 7G",,null,,,,
IDA16,7,Institución,Víctima,null,null,null,"7A, 7B",,La autoridad,,,,
IDA17,7,Persona,Víctima,Indeterminado,Indeterminado,Indeterminado,"7C, 7D, 7E",1,null,,,,
IDA18,8,Persona,Perpetrador,Hombre,Sin especificar,Sin especificar,8A,,null,,,,
IDA19,8,Persona,Víctima,Hombre,Sin especificar,Sin especificar,8A,,null,,,,
IDA20,9,Persona,Perpetrador,Hombre,Sin especificar,Fuerza armada,9A,,null,,,,
IDA21,9,Persona,Víctima,Mujer,Sin especificar,Sin especificar,9A,,null,,,,
IDA22,10,Persona,Perpetrador,Hombre,Sin especificar,Sin especificar,"10A, 10C",,null,,,,
IDA23,10,Persona,Perpetrador,Hombre,Sin especificar,Político del Estado,10B,,null,null,10B,,
IDA24,10,Persona,Perpetrador,Hombre,Sin especificar,Sin especificar,10B,,null,Víctima,10B,,
IDA25,10,Persona,Víctima,Hombre,Sin especificar,Político del Estado,10C,,null,,,,
IDA26,11,Persona,Perpetrador,Hombre,Sin especificar,Sin especificar,11A,,null,,,,
IDA27,11,Persona,Perpetrador,Hombre,Sin especificar,Sin especificar,11A,,null,,,,
IDA28,11,Persona,Perpetrador,Hombre,Sin especificar,Sin especificar,11A,,null,,,,
IDA29,11,Persona,Víctima,Hombre,Sin especificar,Sin especificar,11A,,null,,,,
IDA30,12,Persona,Perpetrador,Hombre,Sin especificar,Político del Estado,12A,1,null,,,,
IDA31,12,Persona,Perpetrador,Hombre,Sin especificar,Político del Estado,12A,1,null,,,,
IDA32,12,Persona,Perpetrador,Hombre,Sin especificar,Político del Estado,12A,1,null,,,,
IDA33,13,Persona,Perpetrador,Hombre,Sin especificar,Sin especificar,"13A, 13B",,null,,,,
IDA34,13,Persona,Perpetrador,Hombre,Sin especificar,Sin especificar,"13A, 13B",,null,,,,
IDA35,13,Persona,Víctima,Hombre,Indígenas,Sin especificar,13A,1,null,,,,
IDA36,13,Persona,Víctima,Hombre,Indígenas,Sin especificar,13B,1,null,,,,
IDA37,14,Persona,Perpetrador,Hombre,Sin especificar,Político del Estado,14A,1,null,,,,
IDA38,14,Persona,Perpetrador,Hombre,Sin especificar,Político del Estado,14A,1,null,,,,
IDA39,14,Persona,Perpetrador,Hombre,Sin especificar,Político del Estado,14A,1,null,,,,
IDA40,15,Persona,Perpetrador,Hombre,Sin especificar,Político del Estado,15A,,null,,,,
IDA41,16,Persona,Perpetrador,Mujer,Sin especificar,Sin especificar,16A,,null,,,,
IDA42,16,Persona,Víctima,Hombre,Sin especificar,Eclesiástico,16A,,null,,,,
IDA43,17,Persona,Perpetrador,Hombre,Sin especificar,Sin especificar,17A,,null,,,,
IDA44,17,Persona,Víctima,Hombre,Sin especificar,Sin especificar,17A,,null,,,,
IDA45,18,Persona,Perpetrador,Hombre,Sin especificar,Sin especificar,18A,,null,,,,
IDA46,18,Institución,Víctima,null,null,null,18A,,La autoridad,,,,
IDA47,19,Persona,Perpetrador,Hombre,Sin especificar,Sin especificar,19A,,null,,,,
IDA48,19,Persona,Perpetrador,Hombre,Sin especificar,Sin especificar,19A,,null,,,,
IDA49,19,Persona,Víctima,Hombre,Sin especificar,Sin especificar,19A,,null,,,,
IDA50,19,Persona,Víctima,Hombre,Sin especificar,Sin especificar,19A,,null,,,,
IDA51,20,Persona,Perpetrador,Hombre,Sin especificar,Sin especificar,20A,,null,,,,
IDA52,20,Persona,Perpetrador,Hombre,Sin especificar,Sin especificar,20A,,null,,,,
IDA53,20,Persona,Víctima,Hombre,Sin especificar,Sin especificar,20A,,null,,,,
IDA54,21,Persona,Perpetrador,Hombre,Sin especificar,Sin especificar,21A,,null,,,,
IDA55,21,Persona,Víctima,Hombre,Indígenas,Sin especificar,21A,,null,,,,
IDA56,22,Persona,Perpetrador,Hombre,Sin especificar,Sin especificar,22A,,null,,,,
IDA57,22,Persona,Perpetrador,Mujer,Indígenas,Sin especificar,22A,,null,,,,
IDA58,24,Persona,Perpetrador,Hombre,Sin especificar,Sin especificar,"24A, 24B",,null,,,,
IDA59,24,Persona,Víctima,Mujer,Sin especificar,Sin especificar,24A,,null,,,,
IDA60,24,Persona,Víctima,Mujer,Sin especificar,Sin especificar,24B,,null,,,,
IDA61,27,Persona,Perpetrador,Hombre,Sin especificar,Sin especificar,27A,,null,,,,
IDA62,27,Persona,Víctima,Hombre,Sin especificar,Sin especificar,27A,,null,,,,
IDA63,28,Persona,Perpetrador,Hombre,Sin especificar,Sin especificar,28A,,null,,,,
IDA64,28,Persona,Perpetrador,Hombre,Sin especificar,Sin especificar,28A,,null,,,,
IDA65,29,Persona,Perpetrador,Mujer,Mestizo,Sin especificar,29A,,null,,,,
IDA66,29,Persona,Víctima,Mujer,Sin especificar,Sin especificar,29A,,null,,,,
IDA67,30,Persona,Perpetrador,Hombre,Sin especificar,Sin especificar,30A,,null,,,,
IDA68,31,Persona,Perpetrador,Hombre,Sin especificar,Sin especificar,31A,,null,,,,
IDA69,31,Persona,Perpetrador,Mujer,Sin especificar,Sin especificar,31A,,null,,,,
IDA70,32,Persona,Perpetrador,Hombre,Sin especificar,Sin especificar,32A,1,null,,,,
IDA71,32,Persona,Víctima,Indeterminado,Indeterminado,Indeterminado,32A,1,null,,,,
IDA72,33,Persona,Perpetrador,Hombre,Sin especificar,Sin especificar,33A,,null,,,,
IDA73,33,Persona,Víctima,Hombre,Sin especificar,Político del Estado,33A,,null,,,,
IDA74,35,Persona,Perpetrador,Hombre,Sin especificar,Sin especificar,35A,,null,,,,
IDA75,35,Persona,Víctima,Mujer,Sin especificar,Sin especificar,35A,,null,,,,
IDA76,37,Persona,Perpetrador,Hombre,Sin especificar,Político del Estado,37A,,null,,,,
IDA77,37,Persona,Víctima,Hombre,Sin especificar,Sin especificar,37A,,null,,,,
IDA78,37,Persona,Perpetrador,Hombre,Sin especificar,Político del Estado,37A,,null,,,,
IDA79,37,Persona,Víctima,Hombre,Sin especificar,Sin especificar,37A,,null,,,,
IDA80,38,Persona,Perpetrador,Hombre,Sin especificar,Sin especificar,38A,,null,,,,
IDA81,38,Persona,Víctima,Indeterminado,Indeterminado,Indeterminado,38A,1,null,,,,
IDA82,39,Persona,Perpetrador,Hombre,Sin especificar,Sin especificar,39A,,null,,,,
IDA83,39,Persona,Perpetrador,Hombre,Sin especificar,Sin especificar,39A,,null,,,,
IDA84,39,Persona,Víctima,Hombre,Sin especificar,Sin especificar,39A,,null,,,,
IDA85,40,Persona,Perpetrador,Hombre,Sin especificar,Sin especificar,"40A, 40B",,null,,,,
IDA86,40,Persona,Perpetrador,Hombre,Sin especificar,Sin especificar,"40A, 40B",,null,,,,
IDA87,40,Persona,Víctima,Hombre,Sin especificar,Sin especificar,"40A, 40B",,null,,,,
IDA88,41,Persona,Perpetrador,Hombre,Sin especificar,Sin especificar,"41A, 41B, 41C",,null,,,,
IDA89,41,Persona,Víctima,Mujer,Sin especificar,Sin especificar,"41A, 41C",,null,,,,
IDA90,41,Persona,Perpetrador,Mujer,Sin especificar,Sin especificar,"41B, 41C",,null,,,,
IDA91,42,Persona,Perpetrador,Indeterminado,Indeterminado,Indeterminado,42A,1,null,,,,
IDA92,42,Persona,Víctima,Hombre,Sin especificar,Sin especificar,42A,,null,,,,
IDA93,43,Persona,Perpetrador,Hombre,Sin especificar,Político del Estado,43A,,null,,,,
IDA94,43,Persona,Víctima,Hombre,Sin especificar,Sin especificar,43A,,null,,,,
IDA95,43,Persona,Perpetrador,Hombre,Sin especificar,Político del Estado,43A,,null,,,,
IDA96,43,Persona,Víctima,Hombre,Sin especificar,Sin especificar,43A,,null,,,,
IDA97,44,Persona,Perpetrador,Hombre,Sin especificar,Sin especificar,44A,,null,,,,
IDA98,44,Persona,Víctima,Mujer,Sin especificar,Sin especificar,44A,,null,,,,
IDA99,45,Persona,Perpetrador,Hombre,Sin especificar,Sin especificar,45A,,null,,,,
IDA100,45,Persona,Víctima,Indeterminado,Indeterminado,Indeterminado,45A,1,null,,,,
IDA101,45,Persona,Perpetrador,Mujer,Sin especificar,Sin especificar,45A,,null,,,,
IDA102,46,Persona,Perpetrador,Hombre,Sin especificar,Sin especificar,46A,,null,,,,
IDA103,46,Persona,Víctima,Indeterminado,Indeterminado,Indeterminado,46A,1,null,,,,
IDA104,47,Persona,Perpetrador,Hombre,Sin especificar,Sin especificar,47A,,null,,,,
IDA105,47,Persona,Víctima,Mujer,Sin especificar,Sin especificar,47A,,null,,,,
IDA106,48,Persona,Perpetrador,Hombre,Sin especificar,Sin especificar,48A,,null,,,,
IDA107,48,Persona,Víctima,Mujer,Sin especificar,Sin especificar,48A,,null,,,,
IDA108,49,Persona,Perpetrador,Hombre,Sin especificar,Sin especificar,49A,,null,,,,
IDA109,49,Persona,Víctima,Hombre,Sin especificar,Sin especificar,49A,,null,,,,
IDA110,50,Persona,Cómplice,Mujer,Sin especificar,Sin especificar,50A,,null,,,,
IDA111,50,Persona,Perpetrador,Hombre,Sin especificar,Sin especificar,50A,,null,,,,
IDA112,50,Persona,Víctima,Hombre,Sin especificar,Sin especificar,50A,,null,,,,
IDA113,52,Persona,Perpetrador,Hombre,Sin especificar,Sin especificar,52A,,null,,,,
IDA114,52,Persona,Víctima,Indeterminado,Indeterminado,Indeterminado,52A,1,null,,,,
IDA115,53,Persona,Perpetrador,Hombre,Sin especificar,Sin especificar,53A,,null,,,,
IDA116,54,Persona,Perpetrador,Hombre,Sin especificar,Sin especificar,54A,,null,,,,
IDA117,55,Persona,Perpetrador,Hombre,Sin especificar,Sin especificar,"55A, 55B",,null,,,,
IDA118,55,Persona,Perpetrador,Mujer,Sin especificar,Sin especificar,55B,,null,,,,
IDA119,56,Persona,Perpetrador,Hombre,Sin especificar,Sin especificar,56A,,null,,,,
IDA120,56,Persona,Perpetrador,Mujer,Sin especificar,Sin especificar,56A,,null,,,,
IDA121,57,Persona,Perpetrador,Hombre,Sin especificar,Político del Estado,"57A, 57B",,null,,,,
IDA122,57,Persona,Víctima,Mujer,Sin especificar,Sin especificar,57A,,null,,,,
IDA123,57,Persona,Víctima,Mujer,Sin especificar,Sin especificar,57B,,null,,,,
IDA124,58,Persona,Perpetrador,Hombre,Sin especificar,Sin especificar,58A,,null,,,,
IDA125,58,Persona,Víctima,Hombre,Sin especificar,Sin especificar,58A,,null,,,,
IDA126,58,Persona,Víctima,Mujer,Sin especificar,Sin especificar,58A,,null,,,,
IDA127,60,Persona,Perpetrador,Hombre,Sin especificar,Sin especificar,60A,,null,,,,
IDA128,60,Persona,Víctima,Indeterminado,Indeterminado,Indeterminado,60A,1,null,,,,
IDA129,61,Persona,Perpetrador,Hombre,Sin especificar,Sin especificar,61A,,null,,,,
IDA130,61,Persona,Víctima,Hombre,Sin especificar,Político del Estado,61A,,null,,,,
IDA131,61,Persona,Víctima,Hombre,Sin especificar,Sin especificar,61A,,null,,,,
IDA132,62,Persona,Perpetrador,Hombre,Sin especificar,Sin especificar,62A,,null,,,,
IDA133,62,Persona,Víctima,Mujer,Sin especificar,Sin especificar,62A,,null,,,,
IDA134,63,Persona,Perpetrador,Hombre,Sin especificar,Sin especificar,63A,,null,,,,
IDA135,63,Persona,Víctima,Hombre,Sin especificar,Sin especificar,63A,,null,,,,
IDA136,64,Persona,Perpetrador,Hombre,Sin especificar,Sin especificar,64A,,null,,,,
IDA137,64,Persona,Perpetrador,Hombre,Sin especificar,Sin especificar,64A,,null,,,,
IDA138,65,Persona,Perpetrador,Hombre,Sin especificar,Sin especificar,65A,,null,,,,
IDA139,65,Persona,Víctima,Hombre,Sin especificar,Sin especificar,65A,,null,,,,
IDA140,67,Persona,Perpetrador,Hombre,Sin especificar,Sin especificar,67A,,null,,,,
IDA141,67,Persona,Víctima,Indeterminado,Indeterminado,Indeterminado,67A,1,null,,,,
IDA142,68,Persona,Perpetrador,Hombre,Sin especificar,Sin especificar,68A,,null,,,,
IDA143,68,Persona,Víctima,Hombre,Sin especificar,Sin especificar,68A,,null,,,,
IDA144,68,Persona,Víctima,Mujer,Sin especificar,Sin especificar,68A,,null,,,,
IDA145,69,Persona,Perpetrador,Hombre,Sin especificar,Sin especificar,69A,,null,,,,
IDA146,69,Persona,Perpetrador,Hombre,Sin especificar,Sin especificar,69A,,null,,,,
IDA147,69,Persona,Víctima,Hombre,Sin especificar,Sin especificar,69A,,null,,,,
IDA148,70,Persona,Perpetrador,Hombre,Sin especificar,Sin especificar,"70A, 70B",,null,,,,
IDA149,70,Persona,Perpetrador,Hombre,Sin especificar,Sin especificar,"70A, 70B",,null,,,,
IDA150,70,Persona,Perpetrador,Hombre,Sin especificar,Sin especificar,"70A, 70B",,null,,,,
IDA151,70,Persona,Perpetrador,Hombre,Sin especificar,Sin especificar,"70A, 70B",,null,,,,
IDA152,70,Persona,Víctima,Indeterminado,Indeterminado,Indeterminado,70A,1,null,,,,
IDA153,70,Persona,Víctima,Indeterminado,Indeterminado,Indeterminado,70B,1,null,,,,
IDA154,71,Persona,Perpetrador,Hombre,Sin especificar,Sin especificar,"71A, 71B, 71C, 71D",,null,Víctima,71C,,
IDA155,71,Persona,Víctima,Hombre,Sin especificar,Político del Estado,"71A, 71B, 71C, 71D",,null,Perpetrador,71C,,
IDA156,71,Persona,Perpetrador,Hombre,Sin especificar,Sin especificar,71B,,null,Víctima,71C,,
IDA157,71,Persona,Víctima,Hombre,Sin especificar,Sin especificar,"71C, 71D",,null,Víctima,,,
IDA158,71,Institución,Víctima,null,Sin especificar,Político del Estado,71B,,La autoridad,null,,,
IDA159,72,Persona,Perpetrador,Hombre,Sin especificar,Sin especificar,72A,,null,,,,
IDA160,72,Persona,Víctima,Indeterminado,Indeterminado,Indeterminado,72A,1,null,,,,
IDA161,73,Persona,Perpetrador,Hombre,Sin especificar,Sin especificar,73A,,null,,,,
IDA162,73,Persona,Víctima,Hombre,Sin especificar,Sin especificar,"73A, 73B",,null,Perpetrador,73B,,
IDA163,73,Persona,Víctima,Mujer,Sin especificar,Sin especificar,73B,,null,null,73B,,
IDA164,74,Persona,Perpetrador,Hombre,Sin especificar,Sin especificar,"74A, 74B",,null,,,,
IDA165,74,Persona,Perpetrador,Mujer,Sin especificar,Sin especificar,"74A, 74B",,null,,,,
IDA166,74,Persona,Víctima,Hombre,Sin especificar,Sin especificar,"74A, 74B",,null,,,,
IDA167,74,Persona,Víctima,Mujer,Sin especificar,Sin especificar,"74A, 74B",,null,,,,
IDA168,75,Persona,Perpetrador,Hombre,Sin especificar,Sin especificar,75A,,null,,,,
IDA169,75,Persona,Víctima,Hombre,Sin especificar,Político del Estado,75A,,null,,,,
IDA170,76,Persona,Perpetrador,Mujer,Sin especificar,Sin especificar,76A,,null,,,,
IDA171,76,Persona,Víctima,Hombre,Sin especificar,Sin especificar,76A,,null,,,,
IDA172,77,Persona,Perpetrador,Hombre,Sin especificar,Político del Estado,"77A, 77B",,null,,,,
IDA173,77,Persona,Víctima,Hombre,Sin especificar,Sin especificar,77A,,null,,,,
IDA174,78,Persona,Perpetrador,Hombre,Sin especificar,Sin especificar,78A,1,null,,,,
IDA175,78,Persona,Perpetrador,Indeterminado,Indeterminado,Indeterminado,78A,1,null,,,,
IDA176,78,Persona,Perpetrador,Indeterminado,Indeterminado,Indeterminado,78A,1,null,,,,
IDA177,78,Persona,Víctima,Hombre,Sin especificar,Sin especificar,78A,,null,,,,
IDA178,79,Persona,Perpetrador,Hombre,Sin especificar,Sin especificar,"79A, 79B",,null,,,,
IDA179,79,Persona,Perpetrador,Hombre,Sin especificar,Sin especificar,"79A, 79B",,null,,,,
IDA180,79,Persona,Víctima,Hombre,Sin especificar,Sin especificar,"79A, 79B",,null,,,,
IDA181,80,Persona,Perpetrador,Hombre,Sin especificar,Sin especificar,80A,,null,,,,
IDA182,80,Persona,Víctima,Mujer,Sin especificar,Sin especificar,80A,,null,,,,
IDA183,81,Persona,Perpetrador,Hombre,Sin especificar,Sin especificar,81A,,null,,,,
IDA184,81,Persona,Perpetrador,Hombre,Sin especificar,Sin especificar,81A,,null,,,,
IDA185,81,Persona,Víctima,Indeterminado,Indeterminado,Indeterminado,81A,1,null,,,,
IDA186,82,Persona,Perpetrador,Hombre,Sin especificar,Sin especificar,82A,,null,,,,
IDA187,82,Persona,Víctima,Indeterminado,Indeterminado,Indeterminado,82A,1,null,,,,
IDA188,83,Persona,Perpetrador,Hombre,Sin especificar,Sin especificar,83A,,null,,,,
IDA189,83,Persona,Víctima,Hombre,Sin especificar,Sin especificar,83A,,null,,,,
IDA190,84,Persona,Perpetrador,Mujer,Sin especificar,Sin especificar,84A,,null,,,,
IDA191,84,Persona,Víctima,Mujer,Sin especificar,Sin especificar,84A,,null,,,,
IDA192,85,Persona,Perpetrador,Hombre,Sin especificar,Sin especificar,85A,,null,,,,
IDA193,85,Persona,Víctima,Mujer,Sin especificar,Sin especificar,85A,,null,,,,
IDA194,86,Persona,Perpetrador,Hombre,Sin especificar,Político del Estado,86A,1,null,,,,
IDA195,86,Persona,Perpetrador,Hombre,Sin especificar,Político del Estado,86A,1,null,,,,
IDA196,86,Persona,Perpetrador,Hombre,Sin especificar,Político del Estado,86A,1,null,,,,
IDA197,86,Persona,Víctima,Indeterminado,Indeterminado,Indeterminado,86A,,null,,,,
IDA198,87,Persona,Perpetrador,Hombre,Sin especificar,Sin especificar,87A,,null,,,,
IDA199,87,Persona,Perpetrador,Hombre,Sin especificar,Sin especificar,87A,,null,,,,
IDA200,87,Persona,Víctima,Indeterminado,Indeterminado,Indeterminado,87A,,null,,,,
IDA201,88,Persona,Perpetrador,Hombre,Sin especificar,Sin especificar,"88A, 88B",,null,,,,
IDA202,88,Institución,Víctima,null,null,null,88A,,Real Audiencia ,,,,
IDA203,88,Persona,Víctima,Hombre,Sin especificar,Fuerza armada,88B,,null,,,,
IDA204,88,Persona,Víctima,Hombre,Sin especificar,Fuerza armada,88B,,null,,,,
IDA205,89,Persona,Perpetrador,Hombre,Sin especificar,Sin especificar,89A,,null,,,,
IDA206,89,Persona,Víctima,Hombre,Sin especificar,Político del Estado,89A,,null,,,,
IDA207,90,Persona,Perpetrador,Hombre,Sin especificar,Sin especificar,90A,,null,,,,
IDA208,90,Persona,Perpetrador,Hombre,Sin especificar,Sin especificar,90A,,null,,,,
IDA209,90,Persona,Perpetrador,Hombre,Sin especificar,Sin especificar,90A,,null,,,,
IDA210,90,Persona,Perpetrador,Hombre,Sin especificar,Sin especificar,90A,,null,,,,
IDA211,91,Persona,Perpetrador,Hombre,Sin especificar,Sin especificar,91A,,null,,,,
IDA212,91,Persona,Perpetrador,Hombre,Sin especificar,Sin especificar,91A,,null,,,,
IDA213,92,Persona,Perpetrador,Hombre,Sin especificar,Sin especificar,92A,,null,,,,
IDA214,92,Persona,Víctima,Hombre,Sin especificar,Sin especificar,92A,,null,,,,
IDA215,94,Persona,Perpetrador,Hombre,Sin especificar,Sin especificar,94A,,null,,,,
IDA216,94,Persona,Víctima,Hombre,Sin especificar,Sin especificar,94A,,null,,,,
IDA217,95,Persona,Perpetrador,Hombre,Sin especificar,Sin especificar,95A,,null,,,,
IDA218,95,Persona,Víctima,Mujer,Sin especificar,Sin especificar,95A,,null,,,,
IDA219,95,Persona,Perpetrador,Mujer,Sin especificar,Sin especificar,95A,,null,,,,
IDA220,98,Persona,Perpetrador,Mujer,Sin especificar,Sin especificar,98A,,null,,,,
IDA221,98,Persona,Víctima,Hombre,Sin especificar,Sin especificar,98A,,null,,,,
IDA222,99,Persona,Perpetrador,Hombre,Sin especificar,Sin especificar,99A,,null,,,,
IDA223,99,Persona,Perpetrador,Hombre,Sin especificar,Sin especificar,99A,,null,,,,
IDA224,99,Persona,Víctima,Hombre,Sin especificar,Sin especificar,"99A, 99B",,null,,,,
IDA225,99,Persona,Perpetrador,Hombre,Negro libre/mulato,Sin especificar,99B,,null,,,,
IDA226,100,Persona,Perpetrador,Hombre,Sin especificar,Sin especificar,100A,,null,,,,
IDA227,100,Persona,Víctima,Mujer,Sin especificar,Sin especificar,100A,,null,,,,
IDA228,101,Persona,Perpetrador,Hombre,Sin especificar,Sin especificar,101A,1,null,,,,
IDA229,101,Persona,Cómplice,Indeterminado,Indeterminado,Indeterminado,101A,1,null,,,,
IDA230,101,Persona,Cómplice,Indeterminado,Indeterminado,Indeterminado,101A,1,null,,,,
IDA231,101,Persona,Víctima,Hombre,Sin especificar,Sin especificar,101A,,null,,,,
IDA232,102,Persona,Perpetrador,Hombre,Sin especificar,Sin especificar,102A,,null,,,,
IDA233,103,Persona,Perpetrador,Hombre,Sin especificar,Sin especificar,103A,,null,,,,
IDA234,103,Persona,Víctima,Indeterminado,Indeterminado,Indeterminado,103A,1,null,,,,
IDA235,104,Persona,Perpetrador,Hombre,Sin especificar,Sin especificar,104A,,null,,,,
IDA236,104,Persona,Víctima,Hombre,Sin especificar,Fuerza armada,104A,,null,,,,
IDA237,105,Persona,Perpetrador,Hombre,Sin especificar,Sin especificar,105A,,null,,,,
IDA238,105,Persona,Perpetrador,Hombre,Sin especificar,Sin especificar,105A,,null,,,,
IDA239,105,Persona,Perpetrador,Hombre,Sin especificar,Sin especificar,105A,,null,,,,
IDA240,105,Persona,Perpetrador,Mujer,Sin especificar,Sin especificar,105A,,null,,,,
IDA241,105,Persona,Víctima,Hombre,Sin especificar,Sin especificar,105A,,null,,,,
IDA242,106,Persona,Perpetrador,Hombre,Sin especificar,Sin especificar,106A,,null,,,,
IDA243,106,Persona,Víctima,Mujer,Sin especificar,Sin especificar,106A,,null,,,,
IDA244,108,Persona,Perpetrador,Hombre,Sin especificar,Político del Estado,108A,,null,,,,
IDA245,108,Persona,Víctima,Hombre,Sin especificar,Sin especificar,108A,,null,,,,
IDA246,109,Persona,Perpetrador,Hombre,Sin especificar,Sin especificar,109A,,null,,,,
IDA247,109,Institución,Víctima,null,null,null,109A,,Iglesia,,,,
IDA248,110,Persona,Perpetrador,Hombre,Sin especificar,Sin especificar,110A,,null,,,,
IDA249,110,Persona,Víctima,Hombre,Sin especificar,Sin especificar,110A,,null,,,,
IDA250,111,Persona,Perpetrador,Hombre,Sin especificar,Sin especificar,111A,,null,,,,
IDA251,111,Persona,Víctima,Hombre,Sin especificar,Fuerza armada,111A,,null,,,,
IDA252,112,Persona,Perpetrador,Hombre,Sin especificar,Sin especificar,112A,,null,,,,
IDA253,112,Persona,Víctima,Hombre,Sin especificar,Fuerza armada,112A,,null,,,,
IDA254,113,Persona,Perpetrador,Hombre,Sin especificar,Sin especificar,113A,1,null,,,,
IDA255,113,Persona,Cómplice,Indeterminado,Indeterminado,Indeterminado,113A,1,null,,,,
IDA256,113,Persona,Cómplice,Indeterminado,Indeterminado,Indeterminado,113A,1,null,,,,
IDA257,113,Persona,Víctima,Hombre,Sin especificar,Sin especificar,113A,,null,,,,
IDA258,114,Persona,Perpetrador,Indeterminado,Indeterminado,Indeterminado,114A,1,null,,,,
IDA259,114,Persona,Perpetrador,Indeterminado,Indeterminado,Indeterminado,114A,1,null,,,,
IDA260,114,Persona,Víctima,Hombre,Sin especificar,Sin especificar,114A,,null,,,,
IDA261,115,Persona,Perpetrador,Mujer,Sin especificar,Sin especificar,"115A, 115B, 115C, 115H",,null,,,,
IDA262,115,Persona,Perpetrador,Hombre,Sin especificar,Sin especificar,"115A, 115B, 115C, 115H",,null,,,,
IDA263,115,Persona,Víctima,Hombre,Sin especificar,Sin especificar,"115A, 115B, 115C, 115D, 115H",,null,,,,
IDA264,116,Persona,Perpetrador,Hombre,Sin especificar,Eclesiástico,116A,,null,,,,
IDA265,116,Persona,Víctima,Hombre,Sin especificar,Sin especificar,"116A, 116B",,null,,,,
IDA266,116,Población Completa,Perpetrador,null,null,null,116B,,null,,,,
IDA267,117,Persona,Perpetrador,Hombre,Sin especificar,Sin especificar,117A,,null,,,,
IDA268,117,Persona,Perpetrador,Mujer,Sin especificar,Sin especificar,117A,,null,,,,
IDA269,117,Persona,Víctima,Mujer,Sin especificar,Sin especificar,117A,,null,,,,
IDA270,118,Persona,Perpetrador,Hombre,Sin especificar,Sin especificar,118A,,null,,,,
IDA271,118,Persona,Víctima,Hombre,Sin especificar,Sin especificar,118A,,null,,,,
IDA272,118,Persona,Víctima,Mujer,Sin especificar,Sin especificar,118A,,null,,,,
IDA273,119,Persona,Perpetrador,Hombre,Sin especificar,Fuerza armada,119A,,null,,,,
IDA274,119,Persona,Víctima,Hombre,Sin especificar,Sin especificar,119A,,null,,,,
IDA275,120,Persona,Perpetrador,Hombre,Sin especificar,Sin especificar,120A,,null,,,,
IDA276,120,Persona,Víctima,Mujer,Sin especificar,Sin especificar,120A,,null,,,,
IDA277,121,Persona,Perpetrador,Hombre,Sin especificar,Sin especificar,"121A, 121B",,null,,,,
IDA278,121,Persona,Víctima,Indeterminado,Indeterminado,Indeterminado,121A,1,null,,,,
IDA279,121,Institución,Víctima,null,null,null,121B,,La autoridad,,,,
IDA280,122,Persona,Perpetrador,Hombre,Sin especificar,Sin especificar,"122A, 122B",,null,,,,
IDA281,122,Persona,Perpetrador,Indeterminado,Indeterminado,Indeterminado,"122A, 122B",1,null,,,,
IDA282,122,Persona,Víctima,Mujer,Sin especificar,Sin especificar,"122A, 122B",,null,,,,
IDA283,123,Persona,Perpetrador,Hombre,Sin especificar,Sin especificar,123A,1,null,,,,
IDA284,123,Persona,Perpetrador,Indeterminado,Indeterminado,Indeterminado,123A,1,null,,,,
IDA285,123,Persona,Perpetrador,Indeterminado,Indeterminado,Indeterminado,123A,1,null,,,,
IDA286,123,Persona,Víctima,Indeterminado,Indeterminado,Indeterminado,123A,1,null,,,,
IDA287,125,Persona,Perpetrador,Hombre,Sin especificar,Sin especificar,125A,,null,,,,
IDA288,125,Persona,Víctima,Hombre,Sin especificar,Sin especificar,125A,,null,,,,
IDA289,126,Persona,Perpetrador,Hombre,Sin especificar,Sin especificar,126A,,null,,,,
IDA290,126,Institución,Víctima,null,null,null,126A,,Iglesia,,,,
IDA291,127,Persona,Perpetrador,Hombre,Sin especificar,Sin especificar,127A,,null,,,,
IDA292,128,Persona,Perpetrador,Indeterminado,Indeterminado,Indeterminado,128A,1,null,,,,
IDA293,128,Persona,Víctima,Hombre,Sin especificar,Sin especificar,128A,,null,,,,
IDA294,129,Persona,Perpetrador,Hombre,Sin especificar,Sin especificar,129A,,null,,,,
IDA295,129,Persona,Víctima,Mujer,Sin especificar,Sin especificar,129A,,null,,,,
IDA296,130,Persona,Perpetrador,Hombre,Sin especificar,Sin especificar,130A,,null,,,,
IDA297,130,Persona,Víctima,Indeterminado,Indeterminado,Indeterminado,130A,1,null,,,,
IDA298,131,Persona,Perpetrador,Hombre,Sin especificar,Sin especificar,131A,,null,,,,
IDA299,131,Persona,Víctima,Hombre,Sin especificar,Sin especificar,131A,,null,,,,
IDA300,133,Persona,Perpetrador,Hombre,Sin especificar,Sin especificar,133A,,null,,,,
IDA301,133,Persona,Víctima,Hombre,Sin especificar,Político del Estado,133A,,null,,,,
IDA302,133,Persona,Víctima,Mujer,Sin especificar,Sin especificar,133A,,null,,,,
IDA303,134,Persona,Perpetrador,Hombre,Sin especificar,Sin especificar,134A,,null,,,,
IDA304,134,Persona,Perpetrador,Hombre,Sin especificar,Sin especificar,134A,,null,,,,
IDA305,134,Persona,Víctima,Hombre,Sin especificar,Sin especificar,134A,,null,,,,
IDA306,135,Persona,Perpetrador,Hombre,Sin especificar,Sin especificar,"135A, 135B, 135C",,null,,,,
IDA307,135,Persona,Víctima,Mujer,Sin especificar,Sin especificar,"135A, 135B",,null,,,,
IDA308,135,Persona,Perpetrador,Mujer,Sin especificar,Sin especificar,"135B, 135C",,null,,,,
IDA309,136,Persona,Perpetrador,Hombre,Sin especificar,Sin especificar,136A,,null,,,,
IDA310,136,Persona,Víctima,Mujer,Sin especificar,Sin especificar,136A,,null,,,,
IDA311,136,Persona,Perpetrador,Mujer,Sin especificar,Sin especificar,136A,,null,,,,
IDA312,137,Persona,Perpetrador,Hombre,Sin especificar,Sin especificar,137A,,null,,,,
IDA313,137,Persona,Víctima,Hombre,Sin especificar,Sin especificar,137A,,null,,,,
IDA314,138,Persona,Perpetrador,Hombre,Sin especificar,Sin especificar,138A,,null,,,,
IDA315,138,Persona,Víctima,Hombre,Sin especificar,Sin especificar,138A,,null,,,,
IDA316,138,Persona,Víctima,Hombre,Sin especificar,Sin especificar,138A,,null,,,,
IDA317,139,Persona,Perpetrador,Mujer,Sin especificar,Sin especificar,139A,,null,,,,
IDA318,139,Persona,Víctima,Indeterminado,Indeterminado,Indeterminado,139A,1,null,,,,
IDA319,140,Persona,Perpetrador,Mujer,Sin especificar,Sin especificar,140A,,null,,,,
IDA320,140,Persona,Víctima,Mujer,Sin especificar,Sin especificar,140A,,null,,,,
IDA321,141,Persona,Perpetrador,Hombre,Sin especificar,Sin especificar,141A,,null,,,,
IDA322,141,Persona,Perpetrador,Hombre,Sin especificar,Sin especificar,141A,,null,,,,
IDA323,141,Persona,Víctima,Hombre,Sin especificar,Sin especificar,141A,,null,,,,
IDA324,142,Persona,Perpetrador,Hombre,Negro libre/mulato,Sin especificar,142A,,null,,,,
IDA325,142,Persona,Perpetrador,Hombre,Negro libre/mulato,Sin especificar,142A,,null,,,,
IDA326,142,Persona,Víctima,Mujer,Sin especificar,Sin especificar,142A,,null,,,,
IDA327,143,Persona,Perpetrador,Hombre,Sin especificar,Sin especificar,143A,,null,,,,
IDA328,143,Persona,Víctima,Hombre,Sin especificar,Sin especificar,143A,,null,,,,
IDA329,144,Persona,Perpetrador,Hombre,Sin especificar,Sin especificar,"144A, 144B",,null,,,,
IDA330,144,Persona,Perpetrador,Mujer,Sin especificar,Sin especificar,"144A, 144B",,null,,,,
IDA331,144,Persona,Víctima,Mujer,Sin especificar,Sin especificar,144B,,null,,,,
IDA332,145,Persona,Perpetrador,Hombre,Sin especificar,Sin especificar,145A,,null,,,,
IDA333,145,Persona,Víctima,Hombre,Sin especificar,Sin especificar,145A,,null,,,,
IDA334,146,Persona,Perpetrador,Hombre,Sin especificar,Sin especificar,146A,,null,,,,
IDA335,146,Persona,Perpetrador,Mujer,Indígenas,Sin especificar,146A,,null,,,,
IDA336,147,Persona,Perpetrador,Hombre,Sin especificar,Sin especificar,147A,,null,,,,
IDA337,148,Persona,Perpetrador,Hombre,Sin especificar,Sin especificar,148A,,null,,,,
IDA338,148,Persona,Perpetrador,Mujer,Sin especificar,Sin especificar,148A,,null,,,,
IDA339,148,Institución,Víctima,null,null,null,148A,,Iglesia,,,,
IDA340,149,Persona,Perpetrador,Mujer,Sin especificar,Sin especificar,149A,,null,,,,
IDA341,149,Persona,Víctima,Mujer,Sin especificar,Sirviente/lacayo,149A,,null,,,,
IDA342,150,Persona,Perpetrador,Hombre,Sin especificar,Sin especificar,150A,,null,,,,
IDA343,153,Persona,Perpetrador,Hombre,Sin especificar,Sin especificar,153A,,null,,,,
IDA344,153,Persona,Víctima,Hombre,Sin especificar,Político del Estado,153A,,null,,,,
IDA345,154,Persona,Perpetrador,Hombre,Sin especificar,Sin especificar,154A,1,null,,,,
IDA346,154,Persona,Perpetrador,Mujer,Sin especificar,Sin especificar,154A,1,null,,,,
IDA347,154,Persona,Perpetrador,Indeterminado,Indeterminado,Indeterminado,154A,1,null,,,,
IDA348,154,Persona,Perpetrador,Indeterminado,Indeterminado,Indeterminado,154A,1,null,,,,
IDA349,154,Persona,Víctima,Indeterminado,Indeterminado,Indeterminado,154A,1,null,,,,
IDA350,155,Persona,Perpetrador,Hombre,Sin especificar,Sin especificar,"155A, 155B",,null,,,,
IDA351,155,Persona,Perpetrador,Hombre,Sin especificar,Sin especificar,"155A, 155B",,null,,,,
IDA352,155,Persona,Víctima,Hombre,Sin especificar,Sin especificar,"155A, 155B",,null,,,,
IDA353,156,Persona,Perpetrador,Hombre,Sin especificar,Sin especificar,"156A, 156B, 156C, 156D",,null,,,,
IDA354,156,Institución,Víctima,null,null,null,"156A, 156B",,La autoridad,,,,
IDA355,156,Institución,Víctima,null,null,null,156D,,Real Hacienda,,,,
IDA356,157,Persona,Perpetrador,Hombre,Sin especificar,Sin especificar,157A,,null,,,,
IDA357,157,Persona,Perpetrador,Mujer,Sin especificar,Sin especificar,157A,,null,,,,
IDA358,158,Persona,Perpetrador,Hombre,Sin especificar,Sin especificar,"158A, 158B",,null,Víctima,158A,,
IDA359,158,Persona,Perpetrador,Hombre,Sin especificar,Político del Estado,"158A, 158B",,null,Víctima,158A,,
IDA360,159,Persona,Perpetrador,Mujer,Sin especificar,Sin especificar,159A,,null,,,,
IDA361,159,Persona,Víctima,Hombre,Sin especificar,Sin especificar,159A,,null,,,,
IDA362,160,Persona,Perpetrador,Hombre,Sin especificar,Sin especificar,160A,,null,,,,
IDA363,160,Persona,Víctima,Mujer,Sin especificar,Sin especificar,160A,,null,,,,
IDA364,161,Persona,Perpetrador,Hombre,Sin especificar,Sin especificar,161A,1,null,,,,
IDA365,161,Persona,Perpetrador,Hombre,Sin especificar,Sin especificar,161A,1,null,,,,
IDA366,162,Persona,Perpetrador,Hombre,Sin especificar,Sin especificar,162A,,null,,,,
IDA367,162,Persona,Víctima,Hombre,Sin especificar,Sin especificar,162A,,null,,,,
IDA368,163,Persona,Perpetrador,Hombre,Sin especificar,Sin especificar,163A,,null,,,,
IDA369,163,Persona,Víctima,Mujer,Sin especificar,Sin especificar,163A,,null,,,,
IDA370,164,Persona,Perpetrador,Hombre,Sin especificar,Sin especificar,164A,1,null,,,,
IDA371,164,Persona,Perpetrador,Indeterminado,Indeterminado,Indeterminado,164A,1,null,,,,
IDA372,164,Persona,Perpetrador,Indeterminado,Indeterminado,Indeterminado,164A,1,null,,,,
IDA373,164,Persona,Víctima,Hombre,Sin especificar,Sin especificar,164A,,null,,,,
IDA374,165,Persona,Perpetrador,Hombre,Sin especificar,Sin especificar,165A,,null,,,,
IDA375,165,Persona,Perpetrador,Mujer,Sin especificar,Sin especificar,165A,,null,,,,
IDA376,166,Persona,Perpetrador,Mujer,Sin especificar,Sin especificar,166A,,null,,,,
IDA377,166,Persona,Víctima,Mujer,Sin especificar,Sin especificar,166A,,null,,,,
IDA378,168,Persona,Perpetrador,Hombre,Sin especificar,Sin especificar,168A,,null,,,,
IDA379,168,Persona,Víctima,Indeterminado,Indeterminado,Indeterminado,168A,1,null,,,,
IDA380,169,Persona,Perpetrador,Hombre,Sin especificar,Sin especificar,169A,,null,,,,
IDA381,169,Persona,Víctima,Hombre,Sin especificar,Sin especificar,169A,,null,,,,
IDA382,171,Persona,Perpetrador,Hombre,Sin especificar,Sin especificar,171A,,null,,,,
IDA383,171,Persona,Víctima,Hombre,Sin especificar,Sin especificar,171A,,null,,,,
IDA384,172,Persona,Perpetrador,Hombre,Sin especificar,Sin especificar,172A,,null,,,,
IDA385,173,Persona,Perpetrador,Hombre,Sin especificar,Sin especificar,173A,,null,,,,
IDA386,173,Persona,Víctima,Hombre,Sin especificar,Sin especificar,173A,,null,,,,
IDA387,174,Persona,Perpetrador,Mujer,Indígenas,Sin especificar,174A,,null,,,,
IDA388,174,Persona,Víctima,Hombre,Indígenas,Sin especificar,174A,,null,,,,
IDA389,176,Persona,Perpetrador,Hombre,Sin especificar,Sin especificar,176A,,null,,,,
IDA390,176,Persona,Víctima,Indeterminado,Indeterminado,Indeterminado,176A,,null,,,,
IDA391,178,Persona,Perpetrador,Hombre,Sin especificar,Sin especificar,178A,,null,,,,
IDA392,178,Persona,Víctima,Mujer,Esclavo,Sin especificar,178A,,null,,,,
IDA393,179,Persona,Perpetrador,Hombre,Sin especificar,Sin especificar,179A,,null,,,,
IDA394,179,Persona,Víctima,Hombre,Sin especificar,Sin especificar,179A,,null,,,,
IDA395,180,Persona,Perpetrador,Hombre,Sin especificar,Sin especificar,180A,,null,,,,
IDA396,180,Persona,Perpetrador,Mujer,Sin especificar,Sin especificar,180A,,null,,,,
IDA397,180,Persona,Víctima,Mujer,Sin especificar,Sin especificar,180A,,null,,,,
IDA398,181,Persona,Perpetrador,Hombre,Sin especificar,Sin especificar,"181A, 181B",,null,,,,
IDA399,181,Persona,Víctima,Hombre,Sin especificar,Político del Estado,"181A, 181B",,null,,,,
IDA400,182,Persona,Perpetrador,Mujer,Esclavo,Sin especificar,182A,,null,,,,
IDA401,182,Persona,Víctima,Indeterminado,Indeterminado,Indeterminado,182A,1,null,,,,
IDA402,184,Persona,Perpetrador,Hombre,Sin especificar,Sin especificar,184A,,null,,,,
IDA403,184,Persona,Víctima,Hombre,Sin especificar,Sin especificar,184A,,null,,,,
IDA404,186,Persona,Perpetrador,Mujer,Sin especificar,Sin especificar,"186A, 186B",,null,Víctima,186B,,
IDA405,186,Persona,Víctima,Hombre,Sin especificar,Sin especificar,"186A, 186B",,null,Perpetrador,186B,,
IDA406,188,Persona,Perpetrador,Hombre,Sin especificar,Sin especificar,188A,,null,,,,
IDA407,188,Persona,Perpetrador,Hombre,Sin especificar,Sin especificar,188A,,null,,,,
IDA408,188,Persona,Perpetrador,Hombre,Sin especificar,Sin especificar,188A,,null,,,,
IDA409,188,Persona,Víctima,Hombre,Sin especificar,Sin especificar,188A,,null,,,,
IDA410,189,Persona,Perpetrador,Hombre,Sin especificar,Sin especificar,189A,,null,,,,
IDA411,189,Persona,Víctima,Mujer,Sin especificar,Sin especificar,189A,,null,,,,
IDA412,190,Persona,Perpetrador,Hombre,Sin especificar,Sin especificar,190A,,null,,,,
IDA413,190,Persona,Perpetrador,Hombre,Sin especificar,Sin especificar,190A,,null,,,,
IDA414,191,Persona,Perpetrador,Hombre,Sin especificar,Sin especificar,191A,1,null,,,,
IDA415,191,Persona,Perpetrador,Hombre,Sin especificar,Sin especificar,191A,1,null,,,,
IDA416,191,Persona,Perpetrador,Indeterminado,Indeterminado,Indeterminado,191A,1,null,,,,
IDA417,191,Persona,Perpetrador,Indeterminado,Indeterminado,Indeterminado,191A,1,null,,,,
IDA418,191,Persona,Víctima,Hombre,Sin especificar,Sin especificar,191A,,null,,,,
IDA419,194,Persona,Perpetrador,Hombre,Sin especificar,Político del Estado,"194A, 194B",,null,,,,
IDA420,194,Persona,Víctima,Hombre,Sin especificar,Sin especificar,"194A, 194B",,null,,,,
IDA421,195,Persona,Perpetrador,Mujer,Sin especificar,Sin especificar,"195A, 195B",,null,,,,
IDA422,195,Persona,Perpetrador,Mujer,Sin especificar,Sin especificar,"195A, 195B",,null,,,,
IDA423,195,Persona,Víctima,Hombre,Sin especificar,Sin especificar,"195A, 195B",,null,,,,
IDA424,196,Persona,Perpetrador,Hombre,Sin especificar,Sin especificar,196A,,null,,,,
IDA425,196,Persona,Víctima,Hombre,Sin especificar,Sin especificar,196A,,null,,,,
IDA426,198,Persona,Perpetrador,Hombre,Sin especificar,Sin especificar,198A,,null,,,,
IDA427,198,Persona,Víctima,Hombre,Sin especificar,Sin especificar,198A,,null,,,,
IDA428,199,Persona,Perpetrador,Hombre,Sin especificar,Sin especificar,199A,,null,,,,
IDA429,199,Persona,Cómplice,Hombre,Sin especificar,Sin especificar,199A,,null,,,,
IDA430,199,Institución,Víctima,null,null,null,199A,,Iglesia,,,,
IDA431,200,Persona,Perpetrador,Hombre,Sin especificar,Sin especificar,200A,,null,,,,
IDA432,200,Persona,Víctima,Mujer,Sin especificar,Sin especificar,200A,,null,,,,
IDA433,201,Persona,Perpetrador,Hombre,Sin especificar,Sin especificar,"201A, 201B",,null,,,,
IDA434,201,Persona,Víctima,Hombre,Sin especificar,Sin especificar,"201A, 201B",,null,,,,
IDA435,202,Persona,Perpetrador,Hombre,Sin especificar,Sin especificar,202A,,null,,,,
IDA436,202,Persona,Perpetrador,Hombre,Sin especificar,Sin especificar,202A,,null,,,,
IDA437,202,Persona,Perpetrador,Hombre,Sin especificar,Sin especificar,202A,,null,,,,
IDA438,202,Persona,Víctima,Indeterminado,Indeterminado,Indeterminado,202A,1,null,,,,
IDA439,203,Persona,Perpetrador,Hombre,Sin especificar,Sin especificar,203A,,null,,,,
IDA440,203,Persona,Víctima,Mujer,Sin especificar,Sin especificar,203A,,null,,,,
IDA441,206,Persona,Perpetrador,Hombre,Sin especificar,Sin especificar,206A,,null,,,,
IDA442,206,Persona,Víctima,Mujer,Sin especificar,Sin especificar,206A,,null,,,,
IDA443,207,Persona,Perpetrador,Hombre,Sin especificar,Sin especificar,207A,,null,,,,
IDA444,207,Persona,Víctima,Hombre,Sin especificar,Sin especificar,207A,,null,,,,
IDA445,208,Persona,Perpetrador,Hombre,Sin especificar,Sin especificar,208A,,null,,,,
IDA446,208,Persona,Víctima,Hombre,Sin especificar,Eclesiástico,208A,,null,,,,
IDA447,210,Persona,Perpetrador,Hombre,Sin especificar,Sin especificar,210A,,null,,,,
IDA448,210,Persona,Víctima,Mujer,Sin especificar,Sin especificar,210A,,null,,,,
IDA449,211,Persona,Perpetrador,Hombre,Sin especificar,Sin especificar,211A,,null,,,,
IDA450,211,Persona,Perpetrador,Hombre,Sin especificar,Sin especificar,211A,,null,,,,
IDA451,212,Persona,Perpetrador,Hombre,Sin especificar,Sin especificar,212A,,null,,,,
IDA452,212,Persona,Víctima,Hombre,Sin especificar,Político del Estado,212A,,null,,,,
IDA453,214,Persona,Perpetrador,Hombre,Sin especificar,Sin especificar,"214A, 214B",,null,,,,
IDA454,214,Persona,Perpetrador,Hombre,Sin especificar,Sin especificar,"214A, 214B",,null,,,,
IDA455,214,Persona,Víctima,Indeterminado,Indeterminado,Indeterminado,214B,1,null,,,,
IDA456,216,Persona,Perpetrador,Hombre,Sin especificar,Sin especificar,216A,,null,,,,
IDA457,216,Persona,Víctima,Mujer,Sin especificar,Sin especificar,216A,,null,,,,
IDA458,217,Persona,Perpetrador,Hombre,Sin especificar,Sin especificar,217A,,null,,,,
IDA459,217,Persona,Perpetrador,Mujer,Sin especificar,Sin especificar,217A,,null,,,,
IDA460,218,Persona,Perpetrador,Hombre,Sin especificar,Sin especificar,"218A, 218B",,null,,,,
IDA461,218,Persona,Víctima,Mujer,Sin especificar,Sin especificar,218A,,null,,,,
IDA462,218,Persona,Perpetrador,Mujer,Sin especificar,Sin especificar,218B,,null,,,,
IDA463,219,Persona,Perpetrador,Hombre,Sin especificar,Sin especificar,219A,,null,,,,
IDA464,219,Persona,Víctima,Hombre,Sin especificar,Sin especificar,219A,,null,,,,
IDA465,220,Persona,Perpetrador,Hombre,Sin especificar,Sin especificar,220A,,null,,,,
IDA466,221,Persona,Perpetrador,Hombre,Sin especificar,Sin especificar,221A,,null,,,,
IDA467,221,Persona,Perpetrador,Hombre,Sin especificar,Sin especificar,221A,,null,,,,
IDA468,221,Persona,Perpetrador,Hombre,Sin especificar,Sin especificar,221A,,null,,,,
IDA469,222,Persona,Perpetrador,Hombre,Sin especificar,Sin especificar,222A,,null,,,,
IDA470,222,Persona,Víctima,Indeterminado,Indeterminado,Indeterminado,222A,1,null,,,,
IDA471,223,Persona,Perpetrador,Hombre,Sin especificar,Sin especificar,223A,,null,,,,
IDA472,224,Persona,Perpetrador,Hombre,Sin especificar,Sin especificar,"224A, 224B",,null,,,,
IDA473,224,Persona,Víctima,Hombre,Sin especificar,Sin especificar,"224A, 224B",,null,,,,
IDA474,224,Persona,Víctima,Mujer,Sin especificar,Sin especificar,"224A, 224B",,null,,,,
IDA475,225,Persona,Perpetrador,Hombre,Sin especificar,Sin especificar,225A,,null,,,,
IDA476,225,Persona,Víctima,Hombre,Sin especificar,Sin especificar,225A,,null,,,,
IDA477,226,Persona,Perpetrador,Hombre,Sin especificar,Sin especificar,226A,,null,,,,
IDA478,226,Persona,Víctima,Hombre,Sin especificar,Sin especificar,226A,,null,,,,
IDA479,227,Persona,Perpetrador,Hombre,Sin especificar,Sin especificar,"227A, 227B",,null,,,,
IDA480,227,Persona,Víctima,Hombre,Sin especificar,Sin especificar,"227A, 227B",,null,,,,
IDA481,228,Persona,Perpetrador,Hombre,Sin especificar,Sin especificar,228A,,null,,,,
IDA482,228,Persona,Víctima,Indeterminado,Indeterminado,Indeterminado,228A,1,null,,,,
IDA483,229,Persona,Perpetrador,Hombre,Sin especificar,Sin especificar,229A,,null,,,,
IDA484,229,Persona,Víctima,Hombre,Sin especificar,Sin especificar,229A,,null,,,,
IDA485,230,Persona,Perpetrador,Hombre,Sin especificar,Sin especificar,230A,1,null,,,,
IDA486,230,Persona,Cómplice,Indeterminado,Indeterminado,Indeterminado,230A,1,null,,,,
IDA487,230,Persona,Cómplice,Indeterminado,Indeterminado,Indeterminado,230A,1,null,,,,
IDA488,230,Persona,Víctima,Mujer,Sin especificar,Sin especificar,230A,,null,,,,
IDA489,231,Persona,Perpetrador,Hombre,Sin especificar,Sin especificar,231A,,null,,,,
IDA490,231,Persona,Perpetrador,Hombre,Sin especificar,Sin especificar,231A,,null,,,,
IDA491,232,Persona,Perpetrador,Hombre,Sin especificar,Sin especificar,232A,1,null,,,,
IDA492,232,Persona,Cómplice,Indeterminado,Indeterminado,Indeterminado,232A,1,null,,,,
IDA493,232,Persona,Cómplice,Indeterminado,Indeterminado,Indeterminado,232A,1,null,,,,
IDA494,232,Persona,Víctima,Hombre,Sin especificar,Sin especificar,232A,1,null,,,,
IDA495,232,Persona,Víctima,Indeterminado,Indeterminado,Indeterminado,232A,1,null,,,,
IDA496,233,Persona,Perpetrador,Hombre,Sin especificar,Sin especificar,233A,,null,,,,
IDA497,233,Institución,Víctima,null,null,null,233A,,La justicia/jueces,,,,
IDA498,234,Persona,Perpetrador,Hombre,Sin especificar,Sin especificar,234A,,null,,,,
IDA499,234,Persona,Víctima,Hombre,Sin especificar,Sin especificar,234A,,null,,,,
IDA500,235,Persona,Perpetrador,Mujer,Sin especificar,Sin especificar,235A,,null,,,,
IDA501,235,Persona,Víctima,Hombre,Sin especificar,Sin especificar,235A,,null,,,,
IDA502,235,Persona,Perpetrador,Hombre,Sin especificar,Sin especificar,235A,,null,,,,
IDA503,236,Persona,Perpetrador,Hombre,Sin especificar,Sin especificar,"236A, 236B, 236C",,null,Víctima,236C,,
IDA504,236,Persona,Víctima,Mujer,Sin especificar,Sin especificar,"236A, 236B",,null,Perpetrador,236B,,
IDA505,236,Persona,Perpetrador,Hombre,Indeterminado,Indeterminado,236B,,null,,,,
IDA506,236,Persona,Víctima,Indeterminado,Indeterminado,Indeterminado,236B,1,null,,,,
IDA507,236,Persona,Perpetrador,Hombre,Sin especificar,Político del Estado,236C,,null,,,,
IDA508,237,Persona,Perpetrador,Hombre,Sin especificar,Sin especificar,237A,,null,,,,
IDA509,237,Persona,Perpetrador,Hombre,Sin especificar,Sin especificar,237A,,null,,,,
IDA510,237,Persona,Perpetrador,Hombre,Sin especificar,Sin especificar,237A,,null,,,,
IDA511,237,Persona,Perpetrador,Hombre,Sin especificar,Sin especificar,237A,,null,,,,
IDA512,238,Persona,Perpetrador,Hombre,Sin especificar,Sin especificar,"238A, 238B",,null,,,,
IDA513,238,Persona,Perpetrador,Mujer,Sin especificar,Sin especificar,"238A, 238B",,null,,,,
IDA514,238,Persona,Víctima,Indeterminado,Indeterminado,Indeterminado,238B,1,null,,,,
IDA515,239,Persona,Perpetrador,Hombre,Sin especificar,Sin especificar,239A,,null,,,,
IDA516,239,Persona,Víctima,Hombre,Sin especificar,Sin especificar,239A,,null,,,,
IDA517,240,Persona,Perpetrador,Hombre,Sin especificar,Sin especificar,240A,,null,,,,
IDA518,240,Persona,Perpetrador,Hombre,Sin especificar,Sin especificar,240A,,null,,,,
IDA519,241,Persona,Perpetrador,Hombre,Sin especificar,Sin especificar,"241A, 241B",,null,,,,
IDA520,241,Persona,Víctima,Mujer,Sin especificar,Sin especificar,241A,,null,,,,
IDA521,241,Persona,Víctima,Indeterminado,Indeterminado,Indeterminado,241B,1,null,,,,
IDA522,241,Persona,Víctima,Indeterminado,Indeterminado,Indeterminado,241B,1,null,,,,
IDA523,242,Persona,Perpetrador,Hombre,Sin especificar,Sin especificar,"242A, 242B",,null,,,,
IDA524,242,Persona,Víctima,Hombre,Sin especificar,Eclesiástico,"242A, 242B",,null,,,,
IDA525,243,Persona,Perpetrador,Hombre,Sin especificar,Sin especificar,243A,,null,,,,
IDA526,243,Persona,Víctima,Hombre,Sin especificar,Sin especificar,243A,,null,,,,
IDA527,244,Persona,Perpetrador,Hombre,Sin especificar,Sin especificar,"244A, 244B",,null,,,,
IDA528,245,Persona,Perpetrador,Hombre,Sin especificar,Sin especificar,245A,,null,,,,
IDA529,245,Persona,Perpetrador,Mujer,Sin especificar,Sin especificar,245A,,null,,,,
IDA530,246,Persona,Perpetrador,Hombre,Sin especificar,Sin especificar,246A,,null,,,,
IDA531,246,Persona,Perpetrador,Mujer,Sin especificar,Sin especificar,246A,,null,,,,
IDA532,247,Persona,Perpetrador,Indeterminado,Indeterminado,Indeterminado,247A,1,null,,,,
IDA533,247,Persona,Víctima,Hombre,Sin especificar,Sin especificar,247A,,null,,,,
IDA534,248,Persona,Perpetrador,Mujer,Sin especificar,Sin especificar,248A,,null,,,,
IDA535,248,Persona,Víctima,Hombre,Sin especificar,Político del Estado,248A,,null,,,,
IDA536,249,Persona,Perpetrador,Mujer,Sin especificar,Sin especificar,249A,,null,,,,
IDA537,249,Persona,Víctima,Hombre,Sin especificar,Sin especificar,249A,,null,,,,
IDA538,250,Persona,Perpetrador,Hombre,Sin especificar,Sin especificar,250A,,null,,,,
IDA539,250,Persona,Víctima,Indeterminado,Indeterminado,Indeterminado,250A,1,null,,,,
IDA540,251,Persona,Perpetrador,Hombre,Sin especificar,Sin especificar,251A,,null,,,,
IDA541,251,Persona,Víctima,Hombre,Sin especificar,Sin especificar,251A,,null,,,,
IDA542,252,Persona,Perpetrador,Hombre,Sin especificar,Sin especificar,252A,,null,,,,
IDA543,252,Institución,Víctima,null,null,null,252A,,Iglesia,,,,
IDA544,253,Persona,Perpetrador,Hombre,Sin especificar,Sin especificar,"253A, 253B",,null,,,,
IDA545,253,Persona,Víctima,Hombre,Sin especificar,Sin especificar,253A,,null,,,,
IDA546,253,Institución,Víctima,null,null,null,253B,,La autoridad,,,,
IDA547,254,Persona,Perpetrador,Hombre,Sin especificar,Sin especificar,254A,,null,,,,
IDA548,254,Persona,Perpetrador,Mujer,Sin especificar,Sin especificar,254A,,null,,,,
IDA549,254,Persona,Perpetrador,Hombre,Sin especificar,Sin especificar,254B,,null,,,,
IDA550,255,Persona,Perpetrador,Mujer,Sin especificar,Sin especificar,255A,,null,,,,
IDA551,255,Persona,Víctima,Hombre,Sin especificar,Sin especificar,255A,,null,,,,
IDA552,255,Persona,Perpetrador,Hombre,Sin especificar,Sin especificar,255A,,null,,,,
IDA553,256,Persona,Perpetrador,Hombre,Sin especificar,Sin especificar,256A,,null,,,,
IDA554,256,Persona,Víctima,Hombre,Sin especificar,Sin especificar,256A,,null,,,,
IDA555,257,Persona,Perpetrador,Hombre,Sin especificar,Sin especificar,257A,,null,,,,
IDA556,257,Persona,Víctima,Hombre,Sin especificar,Sin especificar,257A,,null,,,,
IDA557,258,Persona,Perpetrador,Hombre,Sin especificar,Sin especificar,258A,,null,,,,
IDA558,258,Persona,Víctima,Hombre,Sin especificar,Sin especificar,258A,,null,,,,
IDA559,259,Persona,Perpetrador,Hombre,Sin especificar,Sin especificar,259A,,null,,,,
IDA560,259,Persona,Víctima,Indeterminado,Indeterminado,Indeterminado,259A,1,null,,,,
IDA561,260,Persona,Perpetrador,Hombre,Sin especificar,Sin especificar,260A,,null,,,,
IDA562,260,Persona,Perpetrador,Mujer,Sin especificar,Sin especificar,260A,,null,,,,
IDA563,261,Persona,Perpetrador,Hombre,Sin especificar,Sin especificar,261A,,null,,,,
IDA564,261,Persona,Víctima,Hombre,Sin especificar,Político del Estado,261A,,null,,,,
IDA565,262,Persona,Perpetrador,Hombre,Sin especificar,Sin especificar,262A,,null,,,,
IDA566,262,Persona,Víctima,Indeterminado,Indeterminado,Indeterminado,262A,1,null,,,,
IDA567,263,Persona,Perpetrador,Hombre,Sin especificar,Sin especificar,263A,,null,,,,
IDA568,263,Persona,Perpetrador,Hombre,Sin especificar,Sin especificar,263A,,null,,,,
IDA569,263,Persona,Víctima,Mujer,Sin especificar,Sin especificar,263A,,null,,,,
IDA570,264,Persona,Perpetrador,Hombre,Sin especificar,Sin especificar,264A,,null,,,,
IDA571,264,Persona,Víctima,Indeterminado,Indeterminado,Indeterminado,264A,1,null,,,,
IDA572,265,Persona,Perpetrador,Hombre,Sin especificar,Sin especificar,"265A, 265B",,null,,,,
IDA573,265,Persona,Víctima,Hombre,Sin especificar,Sin especificar,"265A, 265B",,null,,,,
IDA574,266,Persona,Perpetrador,Hombre,Sin especificar,Fuerza armada,266A,,null,,,,
IDA575,266,Persona,Víctima,Hombre,Sin especificar,Sin especificar,266A,,null,,,,
IDA576,267,Persona,Perpetrador,Hombre,Sin especificar,Sin especificar,267A,,null,,,,
IDA577,267,Persona,Víctima,Hombre,Sin especificar,Sin especificar,267A,,null,,,,
IDA578,268,Persona,Perpetrador,Hombre,Sin especificar,Sin especificar,268A,,null,,,,
IDA579,268,Persona,Víctima,Mujer,Sin especificar,Sin especificar,268A,,null,,,,
IDA580,269,Persona,Perpetrador,Mujer,Sin especificar,Sin especificar,269A,,null,,,,
IDA581,269,Persona,Perpetrador,Mujer,Sin especificar,Sin especificar,269A,,null,,,,
IDA582,270,Persona,Perpetrador,Hombre,Sin especificar,Sin especificar,270A,,null,,,,
IDA583,270,Persona,Víctima,Hombre,Sin especificar,Sin especificar,270A,,null,,,,
IDA584,270,Persona,Víctima,Mujer,Indígenas,Sin especificar,270A,,null,,,,
IDA585,270,Persona,Víctima,Mujer,Indígenas,Sin especificar,270A,,null,,,,
IDA586,271,Persona,Perpetrador,Hombre,Sin especificar,Sin especificar,271A,,null,,,,
IDA587,271,Persona,Víctima,Hombre,Sin especificar,Sin especificar,271A,,null,,,,
IDA588,272,Persona,Perpetrador,Hombre,Sin especificar,Sin especificar,272A,,null,,,,
IDA589,272,Persona,Víctima,Hombre,Sin especificar,Político del Estado,272A,,null,,,,
IDA590,273,Persona,Perpetrador,Hombre,Sin especificar,Sin especificar,273A,,null,,,,
IDA591,273,Persona,Víctima,Hombre,Sin especificar,Eclesiástico,273A,,null,,,,
IDA592,273,Persona,Víctima,Hombre,Sin especificar,Político del Estado,273A,,null,,,,
IDA593,274,Persona,Perpetrador,Hombre,Sin especificar,Sin especificar,274A,,null,,,,
IDA594,274,Persona,Perpetrador,Mujer,Sin especificar,Sin especificar,274A,,null,,,,
IDA595,275,Persona,Perpetrador,Hombre,Sin especificar,Sin especificar,275A,1,null,,,,
IDA596,275,Persona,Perpetrador,Indeterminado,Indeterminado,Indeterminado,275A,1,null,,,,
IDA597,275,Persona,Víctima,Hombre,Sin especificar,Sin especificar,275A,,null,,,,
IDA598,276,Persona,Perpetrador,Hombre,Sin especificar,Sin especificar,"276A, 276B",,null,,,,
IDA599,276,Persona,Víctima,Indeterminado,Indeterminado,Indeterminado,276A,1,null,,,,
IDA600,276,Persona,Perpetrador,Mujer,Sin especificar,Sin especificar,276B,,null,,,,
IDA601,277,Persona,Perpetrador,Hombre,Sin especificar,Sin especificar,277A,,null,,,,
IDA602,277,Persona,Víctima,Hombre,Sin especificar,Sin especificar,277A,,null,,,,
IDA603,278,Persona,Perpetrador,Hombre,Sin especificar,Sin especificar,278A,,null,,,,
IDA604,278,Persona,Víctima,Hombre,Sin especificar,Sin especificar,278A,,null,,,,
IDA605,279,Persona,Perpetrador,Hombre,Sin especificar,Sin especificar,279A,,null,,,,
IDA606,279,Persona,Víctima,Hombre,Sin especificar,Sin especificar,279A,,null,,,,
IDA607,281,Persona,Perpetrador,Hombre,Sin especificar,Sin especificar,281A,,null,,,,
IDA608,281,Persona,Víctima,Hombre,Sin especificar,Político del Estado,281A,,null,,,,
IDA609,282,Persona,Perpetrador,Hombre,Sin especificar,Sin especificar,282A,,null,,,,
IDA610,282,Persona,Víctima,Indeterminado,Indeterminado,Indeterminado,282A,,null,,,,
IDA611,283,Persona,Perpetrador,Indeterminado,Indeterminado,Indeterminado,283A,1,null,,,,
IDA612,283,Persona,Víctima,Hombre,Sin especificar,Sin especificar,283A,,null,,,,
IDA613,284,Persona,Perpetrador,Hombre,Sin especificar,Sin especificar,284A,,null,,,,
IDA614,284,Persona,Perpetrador,Mujer,Sin especificar,Sin especificar,284A,,null,,,,
IDA615,284,Persona,Víctima,Indeterminado,Indeterminado,Indeterminado,284A,1,null,,,,
IDA616,285,Persona,Perpetrador,Hombre,Sin especificar,Sin especificar,285A,,null,,,,
IDA617,285,Persona,Perpetrador,Mujer,Sin especificar,Sin especificar,285A,,null,,,,
IDA618,286,Persona,Perpetrador,Hombre,Sin especificar,Sin especificar,286A,,null,,,,
IDA619,286,Persona,Víctima,Hombre,Sin especificar,Político del Estado,286A,,null,,,,
IDA620,287,Persona,Perpetrador,Hombre,Sin especificar,Sin especificar,287A,,null,,,,
IDA621,287,Persona,Víctima,Hombre,Sin especificar,Político del Estado,287A,,null,,,,
IDA622,289,Persona,Perpetrador,Hombre,Sin especificar,Sin especificar,289A,,null,,,,
IDA623,289,Persona,Perpetrador,Hombre,Sin especificar,Sin especificar,289A,,null,,,,
IDA624,289,Persona,Víctima,Mujer,Sin especificar,Sin especificar,289A,,null,,,,
IDA625,290,Persona,Perpetrador,Hombre,Sin especificar,Sin especificar,"290A, 290B",,null,,,,
IDA626,290,Persona,Perpetrador,Hombre,Sin especificar,Sin especificar,"290A, 290B",,null,,,,
IDA627,290,Persona,Perpetrador,Hombre,Sin especificar,Sin especificar,"290A, 290B",,null,,,,
IDA628,290,Persona,Víctima,Hombre,Sin especificar,Sin especificar,290B,,null,,,,
IDA629,291,Persona,Perpetrador,Hombre,Sin especificar,Sin especificar,291A,,null,,,,
IDA630,291,Persona,Víctima,Hombre,Sin especificar,Sin especificar,291A,,null,,,,
IDA631,292,Persona,Perpetrador,Hombre,Sin especificar,Sin especificar,292A,,null,,,,
IDA632,292,Persona,Víctima,Hombre,Sin especificar,Sin especificar,292A,,null,,,,
IDA633,295,Persona,Perpetrador,Hombre,Sin especificar,Sin especificar,295A,,null,,,,
IDA634,295,Persona,Perpetrador,Hombre,Sin especificar,Sin especificar,295A,,null,,,,
IDA635,295,Persona,Víctima,Mujer,Sin especificar,Sin especificar,295A,,null,,,,
IDA636,296,Persona,Perpetrador,Hombre,Sin especificar,Sin especificar,"296A, 296B",,null,,,,
IDA637,296,Persona,Víctima,Mujer,Sin especificar,Sin especificar,"296A, 296B",,null,,,,
IDA638,297,Persona,Perpetrador,Hombre,Sin especificar,Sin especificar,297A,,null,,,,
IDA639,297,Persona,Perpetrador,Hombre,Sin especificar,Sin especificar,297A,,null,,,,
IDA640,297,Persona,Perpetrador,Hombre,Sin especificar,Sin especificar,297A,,null,,,,
IDA641,297,Persona,Víctima,Indeterminado,Indeterminado,Indeterminado,297A,1,null,,,,
IDA642,301,Persona,Perpetrador,Hombre,Sin especificar,Sin especificar,301A,,null,,,,
IDA643,301,Persona,Víctima,Hombre,Sin especificar,Político del Estado,301A,,null,,,,
IDA644,302,Persona,Perpetrador,Hombre,Sin especificar,Sin especificar,302A,,null,,,,
IDA645,302,Persona,Víctima,Hombre,Sin especificar,Sin especificar,302A,,null,,,,
IDA646,303,Persona,Perpetrador,Hombre,Sin especificar,Sin especificar,303A,,null,,,,
IDA647,303,Persona,Víctima,Mujer,Sin especificar,Sin especificar,303A,,null,,,,
IDA648,304,Persona,Perpetrador,Hombre,Sin especificar,Sin especificar,"304A, 304B, 304C",,null,,,,
IDA649,304,Persona,Víctima,Indeterminado,Indeterminado,Indeterminado,304A,1,null,,,,
IDA650,304,Persona,Víctima,Mujer,Sin especificar,Sin especificar,304B,,null,,,,
IDA651,304,Persona,Víctima,Hombre,Sin especificar,Sin especificar,304C,,null,,,,
IDA652,305,Persona,Perpetrador,Hombre,Sin especificar,Eclesiástico,305A,,null,,,,
IDA653,305,Persona,Víctima,Hombre,Sin especificar,Sin especificar,305A,,null,,,,
IDA654,307,Persona,Perpetrador,Hombre,Sin especificar,Sin especificar,307A,,null,,,,
IDA655,307,Persona,Víctima,Indeterminado,Indeterminado,Indeterminado,307A,1,null,,,,
IDA656,308,Persona,Perpetrador,Hombre,Sin especificar,Sin especificar,308A,,null,,,,
IDA657,308,Persona,Perpetrador,Mujer,Sin especificar,Sin especificar,308A,,null,,,,
IDA658,309,Persona,Perpetrador,Hombre,Sin especificar,Sin especificar,309A,,null,,,,
IDA659,309,Persona,Víctima,Mujer,Sin especificar,Sin especificar,309A,,null,,,,
IDA660,310,Persona,Perpetrador,Hombre,Sin especificar,Sin especificar,310A,,null,,,,
IDA661,310,Persona,Víctima,Hombre,Sin especificar,Sin especificar,310A,,null,,,,
IDA662,311,Persona,Perpetrador,Hombre,Sin especificar,Sin especificar,311A,,null,,,,
IDA663,311,Persona,Víctima,Indeterminado,Indeterminado,Indeterminado,311A,1,null,,,,
IDA664,313,Persona,Perpetrador,Hombre,Sin especificar,Sin especificar,313A,,null,,,,
IDA665,313,Persona,Víctima,Mujer,Sin especificar,Sin especificar,313A,,null,,,,
IDA666,314,Persona,Perpetrador,Hombre,Sin especificar,Sin especificar,314A,,null,,,,
IDA667,315,Persona,Perpetrador,Hombre,Sin especificar,Sin especificar,315A,,null,,,,
IDA668,315,Persona,Perpetrador,Hombre,Sin especificar,Sin especificar,315A,,null,,,,
IDA669,315,Persona,Víctima,Indeterminado,Indeterminado,Indeterminado,315A,1,null,,,,
IDA670,317,Persona,Perpetrador,Hombre,Sin especificar,Sin especificar,317A,,null,,,,
IDA671,317,Persona,Víctima,Hombre,Sin especificar,Sin especificar,317A,,null,,,,
IDA672,318,Persona,Perpetrador,Mujer,Sin especificar,Sin especificar,318A,,null,,,,
IDA673,318,Institución,Víctima,null,null,null,318A,,Iglesia,,,,
IDA674,319,Persona,Perpetrador,Hombre,Sin especificar,Sin especificar,"319A, 319B",,null,,,,
IDA675,319,Persona,Víctima,Hombre,Sin especificar,Sin especificar,"319A, 319B",,null,,,,
IDA676,320,Persona,Perpetrador,Hombre,Sin especificar,Sin especificar,"320A, 320B",,null,,,,
IDA677,320,Persona,Víctima,Hombre,Sin especificar,Sin especificar,320B,,null,,,,
IDA678,321,Persona,Perpetrador,Hombre,Sin especificar,Sin especificar,321A,,null,,,,
IDA679,321,Persona,Víctima,Hombre,Sin especificar,Eclesiástico,321A,,null,,,,
IDA680,322,Persona,Perpetrador,Hombre,Sin especificar,Sin especificar,322A,,null,,,,
IDA681,322,Persona,Víctima,Mujer,Sin especificar,Sin especificar,322A,,null,,,,
IDA682,323,Persona,Perpetrador,Mujer,Sin especificar,Sin especificar,323A,,null,,,,
IDA683,323,Persona,Víctima,Hombre,Sin especificar,Sin especificar,323A,,null,,,,
IDA684,323,Persona,Víctima,Mujer,Sin especificar,Sin especificar,323A,,null,,,,
IDA685,323,Persona,Víctima,Mujer,Sin especificar,Sin especificar,323A,,null,,,,
IDA686,325,Persona,Perpetrador,Hombre,Sin especificar,Sin especificar,325A,,null,,,,
IDA687,325,Institución,Víctima,null,null,null,325A,,Iglesia,,,,
IDA688,326,Persona,Perpetrador,Hombre,Sin especificar,Sin especificar,326A,,null,,,,
IDA689,326,Persona,Víctima,Hombre,Sin especificar,Sin especificar,326A,,null,,,,
IDA690,327,Persona,Perpetrador,Hombre,Sin especificar,Sin especificar,327A,,null,,,,
IDA691,327,Persona,Perpetrador,Hombre,Sin especificar,Sin especificar,327A,,null,,,,
IDA692,328,Persona,Perpetrador,Hombre,Sin especificar,Sin especificar,328A,,null,,,,
IDA693,328,Persona,Víctima,Hombre,Sin especificar,Sin especificar,328A,,null,,,,
IDA694,330,Persona,Perpetrador,Hombre,Sin especificar,Sin especificar,330A,,null,,,,
IDA695,330,Persona,Perpetrador,Hombre,Sin especificar,Sin especificar,330A,,null,,,,
IDA696,330,Persona,Víctima,Hombre,Sin especificar,Eclesiástico,330A,,null,,,,
IDA697,331,Persona,Perpetrador,Hombre,Sin especificar,Sin especificar,331A,,null,,,,
IDA698,331,Persona,Víctima,Hombre,Sin especificar,Sin especificar,331A,,null,,,,
IDA699,332,Persona,Perpetrador,Mujer,Sin especificar,Sin especificar,332A,,null,,,,
IDA700,332,Persona,Víctima,Hombre,Sin especificar,Sin especificar,332A,,null,,,,
IDA701,332,Persona,Perpetrador,Hombre,Sin especificar,Sirviente/lacayo,332A,,null,,,,
IDA702,334,Persona,Perpetrador,Hombre,Sin especificar,Sin especificar,334A,,null,,,,
IDA703,334,Persona,Víctima,Mujer,Sin especificar,Sin especificar,334A,,null,,,,
IDA704,335,Persona,Perpetrador,Hombre,Sin especificar,Sin especificar,"335A, 335B, 335C",,null,,,,
IDA705,335,Persona,Perpetrador,Mujer,Sin especificar,Sin especificar,"335A, 335B, 335C",,null,,,,
IDA706,335,Persona,Víctima,Hombre,Sin especificar,Político del Estado,"335A, 335B, 335C",,null,,,,
IDA707,336,Persona,Perpetrador,Hombre,Sin especificar,Sin especificar,336A,,null,,,,
IDA708,336,Persona,Víctima,Hombre,Sin especificar,Sin especificar,336A,,null,,,,
IDA709,337,Persona,Perpetrador,Hombre,Sin especificar,Sin especificar,337A,,null,,,,
IDA710,337,Persona,Víctima,Hombre,Sin especificar,Sin especificar,337A,,null,,,,
IDA711,338,Persona,Perpetrador,Hombre,Sin especificar,Sin especificar,338A,,null,,,,
IDA712,338,Persona,Víctima,Indeterminado,Indeterminado,Indeterminado,338A,1,null,,,,
IDA713,339,Persona,Perpetrador,Mujer,Sin especificar,Sin especificar,339A,,null,,,,
IDA714,339,Persona,Perpetrador,Mujer,Sin especificar,Sin especificar,339A,,null,,,,
IDA715,339,Persona,Perpetrador,Hombre,Esclavo,Sin especificar,339A,,null,,,,
IDA716,339,Persona,Víctima,Hombre,Sin especificar,Sin especificar,339A,,null,,,,
IDA717,340,Persona,Víctima,Hombre,Sin especificar,Político del Estado,"340A, 340B",,null,Perpetrador,340A,,
IDA718,340,Persona,Perpetrador,Hombre,Sin especificar,Sin especificar,"340A, 340B",,null,Víctima,340A,,
IDA719,340,Persona,Víctima,Hombre,Sin especificar,Sin especificar,340B,,null,null,,,
IDA720,341,Persona,Víctima,Hombre,Sin especificar,Político del Estado,341A,,null,,,,
IDA721,341,Persona,Perpetrador,Hombre,Sin especificar,Sin especificar,"341A, 341B",,null,Víctima,341B,,
IDA722,341,Persona,Perpetrador,Hombre,Sin especificar,Político del Estado,341B,,null,,341B,,
IDA723,342,Persona,Perpetrador,Hombre,Sin especificar,Sin especificar,342A,,null,,342A,,
IDA724,342,Persona,Perpetrador,Mujer,Sin especificar,Sin especificar,342A,,null,,342A,,
IDA725,342,Persona,Víctima,Hombre,Sin especificar,Político del Estado,342A,,null,,342A,,
IDA726,343,Persona,Perpetrador,Hombre,Sin especificar,Sin especificar,343A,,null,,,,
IDA727,343,Persona,Perpetrador,Mujer,Sin especificar,Sin especificar,343A,,null,,,,
IDA728,343,Persona,Perpetrador,Mujer,Sin especificar,Sin especificar,343A,,null,,,,
IDA729,343,Persona,Perpetrador,Mujer,Sin especificar,Sin especificar,343A,,null,,,,
IDA730,343,Persona,Víctima,Mujer,Sin especificar,Sin especificar,343A,,null,,,,
IDA731,344,Persona,Perpetrador,Hombre,Sin especificar,Sin especificar,"344A, 344B",,null,,,,
IDA732,344,Persona,Víctima,Hombre,Sin especificar,Sin especificar,344A,,null,,,,
IDA733,344,Persona,Víctima,Indeterminado,Indeterminado,Indeterminado,344B,1,null,,,,
IDA734,345,Persona,Perpetrador,Hombre,Sin especificar,Sin especificar,"345A, 345B, 345C",,null,,345C,,
IDA735,345,Persona,Víctima,Mujer,Sin especificar,Sin especificar,"345A, 345C",,null,,345C,,
IDA736,345,Persona,Perpetrador,Mujer,Sin especificar,Sin especificar,"345B, 345C",,null,,345C,,
IDA737,345,Persona,Perpetrador,Hombre,Sin especificar,Político del Estado,"345D, 345E, 345F",,null,,345D,,
IDA738,345,Persona,Víctima,Hombre,Sin especificar,Sin especificar,"345D, 345E, 345F",,null,,345D,,
IDA739,346,Persona,Perpetrador,Hombre,Sin especificar,Sin especificar,346A,,null,,,,
IDA740,346,Persona,Perpetrador,Hombre,Sin especificar,Sin especificar,346A,,null,,,,
IDA741,346,Persona,Víctima,Indeterminado,Indeterminado,Indeterminado,346A,1,null,,,,
IDA742,348,Persona,Perpetrador,Hombre,Sin especificar,Sin especificar,"348A, 348B",,null,,,,
IDA743,348,Persona,Víctima,Hombre,Sin especificar,Sin especificar,"348A, 348B",,null,,,,
IDA744,349,Persona,Perpetrador,Hombre,Sin especificar,Sin especificar,349A,,null,,,,
IDA745,349,Persona,Víctima,Hombre,Sin especificar,Sin especificar,349A,,null,,,,
IDA746,351,Persona,Perpetrador,Hombre,Sin especificar,Sin especificar,351A,,null,,,,
IDA747,351,Persona,Perpetrador,Mujer,Sin especificar,Sin especificar,351A,,null,,,,
IDA748,351,Persona,Cómplice,Mujer,Sin especificar,Sin especificar,351A,,null,,,,
IDA749,351,Persona,Cómplice,Mujer,Sin especificar,Sin especificar,351A,,null,,,,
IDA750,351,Persona,Cómplice,Mujer,Sin especificar,Sin especificar,351A,,null,,,,
IDA751,351,Persona,Víctima,Mujer,Sin especificar,Sin especificar,351A,,null,,,,
IDA752,352,Persona,Perpetrador,Hombre,Sin especificar,Sin especificar,352A,,null,,,,
IDA753,352,Persona,Perpetrador,Hombre,Sin especificar,Sin especificar,352A,,null,,,,
IDA754,352,Persona,Víctima,Indeterminado,Indeterminado,Indeterminado,352A,1,null,,,,
IDA755,353,Persona,Perpetrador,Hombre,Sin especificar,Sin especificar,353A,,null,,,,
IDA756,353,Persona,Víctima,Mujer,Sin especificar,Sin especificar,353A,,null,,,,
IDA757,353,Persona,Víctima,Mujer,Sin especificar,Sin especificar,353A,,null,,,,
IDA758,354,Persona,Perpetrador,Mujer,Sin especificar,Sin especificar,354A,,null,,,,
IDA759,354,Persona,Víctima,Mujer,Sin especificar,Sin especificar,354A,,null,,,,
IDA760,355,Persona,Perpetrador,Hombre,Sin especificar,Sin especificar,355A,,null,,,,
IDA761,355,Persona,Perpetrador,Mujer,Sin especificar,Sin especificar,355A,,null,,,,
IDA762,356,Persona,Perpetrador,Hombre,Sin especificar,Sin especificar,"356A, 356B",,null,,,,
IDA763,356,Persona,Víctima,Indeterminado,Indeterminado,Indeterminado,356A,1,null,,,,
IDA764,356,Persona,Víctima,Indeterminado,Indeterminado,Indeterminado,356B,1,null,,,,
IDA765,357,Persona,Perpetrador,Hombre,Sin especificar,Sin especificar,357A,,null,,,,
IDA766,357,Persona,Víctima,Hombre,Sin especificar,Sin especificar,357A,,null,,,,
IDA767,358,Persona,Perpetrador,Hombre,Sin especificar,Sin especificar,358A,,null,,,,
IDA768,358,Persona,Víctima,Hombre,Sin especificar,Sin especificar,358A,,null,,,,
IDA769,359,Persona,Perpetrador,Hombre,Sin especificar,Sin especificar,359A,,null,,,,
IDA770,359,Persona,Víctima,Mujer,Sin especificar,Sin especificar,359A,,null,,,,
IDA771,360,Persona,Perpetrador,Hombre,Sin especificar,Sin especificar,360A,,null,,,,
IDA772,360,Persona,Perpetrador,Hombre,Sin especificar,Sin especificar,360A,,null,,,,
IDA773,360,Persona,Víctima,Hombre,Sin especificar,Político del Estado,360A,,null,,,,
IDA774,361,Persona,Perpetrador,Hombre,Sin especificar,Sin especificar,361A,,null,,,,
IDA775,361,Persona,Víctima,Hombre,Sin especificar,Sin especificar,361A,,null,,,,
IDA776,362,Persona,Perpetrador,Hombre,Sin especificar,Sin especificar,362A,,null,,,,
IDA777,362,Persona,Víctima,Hombre,Sin especificar,Sin especificar,362A,,null,,,,
IDA778,363,Persona,Perpetrador,Hombre,Indígenas,Sin especificar,363A,,null,,,,
IDA779,363,Persona,Perpetrador,Mujer,Indígenas,Sin especificar,363A,,null,,,,
IDA780,363,Persona,Víctima,Hombre,Sin especificar,Sin especificar,363A,,null,,,,
IDA781,364,Persona,Perpetrador,Hombre,Sin especificar,Sin especificar,364A,,null,,,,
IDA782,364,Persona,Perpetrador,Hombre,Sin especificar,Sin especificar,364A,,null,,,,
IDA783,364,Persona,Perpetrador,Hombre,Sin especificar,Sin especificar,364A,,null,,,,
IDA784,365,Persona,Perpetrador,Hombre,Sin especificar,Político del Estado,365A,,null,,,,
IDA785,365,Persona,Perpetrador,Hombre,Sin especificar,Sin especificar,365B,1,null,,,,
IDA786,365,Persona,Perpetrador,Hombre,Sin especificar,Sin especificar,365B,1,null,,,,
IDA787,366,Persona,Perpetrador,Hombre,Sin especificar,Sin especificar,"366A, 366B",,null,,,,
IDA788,366,Persona,Víctima,Indeterminado,Indeterminado,Indeterminado,366A,1,null,,,,
IDA789,366,Persona,Víctima,Indeterminado,Indeterminado,Indeterminado,366B,1,null,,,,
IDA790,367,Persona,Perpetrador,Hombre,Sin especificar,Sin especificar,367A,,null,,,,
IDA791,367,Persona,Víctima,Mujer,Sin especificar,Sin especificar,367A,,null,,,,
IDA792,368,Persona,Perpetrador,Hombre,Sin especificar,Sin especificar,368A,,null,,,,
IDA793,368,Persona,Perpetrador,Hombre,Sin especificar,Sin especificar,368B,1,null,,,,
IDA794,368,Persona,Perpetrador,Hombre,Sin especificar,Sin especificar,368B,1,null,,,,
IDA795,369,Persona,Perpetrador,Mujer,Sin especificar,Sin especificar,369A,,null,,,,
IDA796,369,Persona,Víctima,Hombre,Sin especificar,Sin especificar,369A,,null,,,,
IDA797,370,Persona,Perpetrador,Hombre,Sin especificar,Sin especificar,370A,,null,,,,
IDA798,370,Persona,Víctima,Hombre,Sin especificar,Sin especificar,370A,,null,,,,
IDA799,370,Persona,Víctima,Mujer,Sin especificar,Sin especificar,370A,,null,,,,
IDA800,371,Persona,Perpetrador,Hombre,Sin especificar,Sin especificar,371A,,null,,,,
IDA801,371,Persona,Víctima,Hombre,Sin especificar,Sin especificar,371A,,null,,,,
IDA802,372,Persona,Perpetrador,Hombre,Sin especificar,Sin especificar,372A,,null,,,,
IDA803,372,Persona,Perpetrador,Hombre,Sin especificar,Sin especificar,372B,,null,,,,
IDA804,372,Persona,Perpetrador,Hombre,Sin especificar,Sin especificar,372B,,null,,,,
IDA805,372,Persona,Perpetrador,Indeterminado,Indeterminado,Indeterminado,372B,1,null,,,,
IDA806,372,Persona,Perpetrador,Indeterminado,Indeterminado,Indeterminado,372B,1,null,,,,
IDA807,373,Persona,Perpetrador,Hombre,Esclavo,Sin especificar,373A,1,null,,,,
IDA808,373,Persona,Perpetrador,Hombre,Esclavo,Sin especificar,373A,1,null,,,,
IDA809,373,Persona,Víctima,Hombre,Sin especificar,Sin especificar,373A,,null,,,,
IDA810,373,Persona,Víctima,Mujer,Sin especificar,Sin especificar,373A,,null,,,,
IDA811,374,Persona,Perpetrador,Hombre,Sin especificar,Sin especificar,374A,1,null,,,,
IDA812,374,Persona,Perpetrador,Hombre,Sin especificar,Sin especificar,374A,1,null,,,,
IDA813,374,Persona,Perpetrador,Hombre,Sin especificar,Sin especificar,374A,1,null,,,,
IDA814,375,Persona,Perpetrador,Hombre,Sin especificar,Sin especificar,375A,,null,,,,
IDA815,375,Persona,Víctima,Hombre,Sin especificar,Sin especificar,375A,,null,,,,
IDA816,376,Persona,Perpetrador,Hombre,Sin especificar,Sin especificar,376A,,null,,,,
IDA817,376,Persona,Víctima,Mujer,Sin especificar,Sin especificar,376A,,null,,,,
IDA818,377,Persona,Perpetrador,Hombre,Sin especificar,Sin especificar,377A,,null,,,,
IDA819,377,Persona,Víctima,Hombre,Sin especificar,Sin especificar,377A,,null,,,,
IDA820,379,Persona,Perpetrador,Hombre,Sin especificar,Sin especificar,"379A, 379B",,null,,,,
IDA821,379,Persona,Víctima,Indeterminado,Indeterminado,Indeterminado,379A,1,null,,,,
IDA822,380,Persona,Perpetrador,Hombre,Sin especificar,Sin especificar,380A,,null,,,,
IDA823,380,Persona,Víctima,Hombre,Sin especificar,Político del Estado,380A,,null,,,,
IDA824,382,Persona,Perpetrador,Hombre,Sin especificar,Sin especificar,382A,,null,,,,
IDA825,382,Persona,Víctima,Hombre,Sin especificar,Sin especificar,382A,,null,,,,
IDA826,383,Persona,Perpetrador,Hombre,Sin especificar,Sin especificar,383A,,null,,,,
IDA827,383,Persona,Perpetrador,Mujer,Esclavo,Sin especificar,383A,,null,,,,
IDA828,384,Persona,Perpetrador,Hombre,Sin especificar,Sin especificar,384A,,null,,,,
IDA829,384,Persona,Víctima,Mujer,Sin especificar,Sin especificar,384A,,null,,,,
IDA830,385,Persona,Perpetrador,Hombre,Sin especificar,Sin especificar,385A,,null,,,,
IDA831,385,Persona,Víctima,Indeterminado,Indeterminado,Indeterminado,385A,1,null,,,,
IDA832,386,Persona,Perpetrador,Hombre,Sin especificar,Sin especificar,386A,,null,,,,
IDA833,386,Persona,Perpetrador,Hombre,Sin especificar,Sin especificar,386A,,null,,,,
IDA834,386,Persona,Víctima,Hombre,Sin especificar,Sin especificar,386A,,null,,,,
IDA835,388,Persona,Perpetrador,Hombre,Sin especificar,Sin especificar,388A,,null,,,,
IDA836,388,Persona,Víctima,Mujer,Sin especificar,Sin especificar,388A,,null,,,,
IDA837,389,Persona,Perpetrador,Hombre,Sin especificar,Sin especificar,"389A, 389B",,null,,,,
IDA838,389,Persona,Perpetrador,Indeterminado,Indeterminado,Indeterminado,"389A, 389B",1,null,,,,
IDA839,389,Persona,Víctima,Mujer,Sin especificar,Sin especificar,"389A, 389B",,null,,,,
IDA840,390,Persona,Perpetrador,Hombre,Sin especificar,Sirviente/lacayo,390A,,null,,,,
IDA841,390,Persona,Víctima,Hombre,Sin especificar,Sin especificar,390A,,null,,,,
IDA842,391,Persona,Perpetrador,Hombre,Sin especificar,Sin especificar,391A,,null,,,,
IDA843,391,Persona,Perpetrador,Mujer,Sin especificar,Sin especificar,391A,,null,,,,
IDA844,391,Persona,Víctima,Hombre,Sin especificar,Sin especificar,391A,,null,,,,
IDA845,392,Persona,Perpetrador,Hombre,Sin especificar,Sin especificar,392A,,null,,,,
IDA846,392,Persona,Víctima,Hombre,Sin especificar,Sin especificar,392A,,null,,,,
IDA847,393,Persona,Perpetrador,Hombre,Sin especificar,Sin especificar,393A,,null,,,,
IDA848,393,Persona,Víctima,Mujer,Sin especificar,Sin especificar,393A,,null,,,,
IDA849,394,Persona,Perpetrador,Hombre,Sin especificar,Sin especificar,394A,,null,,,,
IDA850,394,Institución,Víctima,null,null,null,394A,,La autoridad,,,,
IDA851,395,Persona,Perpetrador,Hombre,Sin especificar,Sin especificar,395A,,null,,,,
IDA852,395,Persona,Perpetrador,Hombre,Sin especificar,Sin especificar,395A,,null,,,,
IDA853,395,Persona,Víctima,Hombre,Sin especificar,Sin especificar,"395A, 395B, 395C",,null,,,,
IDA854,395,Persona,Perpetrador,Hombre,Sin especificar,Político del Estado,"395B, 395C",,null,,,,
IDA855,396,Persona,Perpetrador,Hombre,Sin especificar,Sin especificar,"396A, 396B",,null,,,,
IDA856,396,Persona,Perpetrador,Hombre,Sin especificar,Sin especificar,"396A, 396B",,null,,,,
IDA857,396,Persona,Víctima,Indeterminado,Indeterminado,Indeterminado,396A,1,null,,,,
IDA858,396,Persona,Víctima,Indeterminado,Indeterminado,Indeterminado,396B,1,null,,,,
IDA859,397,Persona,Perpetrador,Hombre,Sin especificar,Sin especificar,"397A, 397B",,null,,,,
IDA860,397,Persona,Víctima,Hombre,Sin especificar,Sin especificar,"397A, 397B",,null,,,,
IDA861,398,Persona,Perpetrador,Hombre,Sin especificar,Sin especificar,398A,,null,,,,
IDA862,398,Persona,Cómplice,Hombre,Sin especificar,Sin especificar,398A,,null,,,,
IDA863,398,Persona,Cómplice,Hombre,Sin especificar,Sin especificar,398A,,null,,,,
IDA864,399,Persona,Perpetrador,Hombre,Sin especificar,Sin especificar,"399A, 399B",,null,,,,
IDA865,399,Persona,Víctima,Hombre,Sin especificar,Sin especificar,399A,,null,,,,
IDA866,399,Persona,Víctima,Hombre,Sin especificar,Político del Estado,399B,,null,,,,
IDA867,400,Persona,Perpetrador,Hombre,Sin especificar,Sin especificar,400A,,null,,,,
IDA868,400,Persona,Perpetrador,Hombre,Sin especificar,Sin especificar,400A,,null,,,,
IDA869,402,Persona,Perpetrador,Hombre,Sin especificar,Sin especificar,402A,1,null,,,,
IDA870,402,Persona,Perpetrador,Indeterminado,Indeterminado,Indeterminado,402A,1,null,,,,
IDA871,402,Persona,Perpetrador,Indeterminado,Indeterminado,Indeterminado,402A,1,null,,,,
IDA872,402,Persona,Víctima,Hombre,Sin especificar,Sin especificar,402A,,null,,,,
IDA873,403,Persona,Perpetrador,Hombre,Sin especificar,Sin especificar,403A,,null,,,,
IDA874,403,Persona,Víctima,Mujer,Sin especificar,Sin especificar,403A,,null,,,,
IDA875,404,Persona,Perpetrador,Hombre,Sin especificar,Político del Estado,404A,,null,,,,
IDA876,404,Persona,Víctima,Hombre,Sin especificar,Político del Estado,404A,,null,,,,
IDA877,405,Persona,Perpetrador,Hombre,Sin especificar,Sin especificar,"405A, 405B",,null,,,,
IDA878,405,Persona,Víctima,Hombre,Sin especificar,Sin especificar,405A,,null,,,,
IDA879,405,Persona,Víctima,Indeterminado,Indeterminado,Indeterminado,405B,1,null,,,,
IDA880,406,Persona,Perpetrador,Hombre,Sin especificar,Sin especificar,"406A, 406B",,null,,,,
IDA881,406,Persona,Perpetrador,Mujer,Sin especificar,Sin especificar,"406A, 406B",,null,,,,
IDA882,406,Persona,Víctima,Hombre,Sin especificar,Sin especificar,406A,,null,,,,
IDA883,407,Persona,Perpetrador,Hombre,Sin especificar,Sin especificar,"407A, 407B",,null,,,,
IDA884,407,Persona,Víctima,Mujer,Sin especificar,Sin especificar,407A,,null,,,,
IDA885,408,Persona,Perpetrador,Hombre,Sin especificar,Sin especificar,408A,,null,,,,
IDA886,408,Persona,Víctima,Mujer,Sin especificar,Sin especificar,408A,,null,,,,
IDA887,408,Persona,Perpetrador,Hombre,Sin especificar,Sin especificar,408A,,null,,,,
IDA888,409,Persona,Perpetrador,Hombre,Sin especificar,Sin especificar,"409A, 409B",,null,,,,
IDA889,409,Persona,Perpetrador,Mujer,Sin especificar,Sin especificar,409B,,null,,,,
IDA890,409,Persona,Perpetrador,Mujer,Sin especificar,Sin especificar,409B,,null,,,,
IDA891,409,Persona,Víctima,Mujer,Sin especificar,Sin especificar,409A,,null,,,,
IDA892,409,Persona,Víctima,Mujer,Sin especificar,Sin especificar,409A,,null,,,,
IDA893,410,Persona,Perpetrador,Hombre,Sin especificar,Sin especificar,410A,,null,,,,
IDA894,410,Persona,Víctima,Hombre,Sin especificar,Sin especificar,410A,,null,,,,
IDA895,411,Persona,Perpetrador,Hombre,Sin especificar,Sin especificar,411A,,null,,,,
IDA896,411,Persona,Perpetrador,Hombre,Sin especificar,Sin especificar,411A,,null,,,,
IDA897,411,Persona,Víctima,Mujer,Sin especificar,Sin especificar,411A,,null,,,,
IDA898,412,Persona,Perpetrador,Hombre,Sin especificar,Sin especificar,412A,,null,,,,
IDA899,412,Persona,Perpetrador,Mujer,Sin especificar,Sin especificar,412A,,null,,,,
IDA900,413,Persona,Perpetrador,Hombre,Sin especificar,Sin especificar,413A,,null,,,,
IDA901,413,Persona,Víctima,Hombre,Sin especificar,Sin especificar,413A,,null,,,,
IDA902,414,Persona,Perpetrador,Hombre,Sin especificar,Sin especificar,414A,,null,,,,
IDA903,414,Persona,Perpetrador,Hombre,Sin especificar,Sin especificar,414A,,null,,,,
IDA904,414,Persona,Víctima,Indeterminado,Indeterminado,Indeterminado,414A,1,null,,,,
IDA905,416,Persona,Perpetrador,Hombre,Sin especificar,Sin especificar,416A,,null,,,,
IDA906,418,Persona,Perpetrador,Hombre,Sin especificar,Sin especificar,418A,,null,,,,
IDA907,418,Persona,Víctima,Mujer,Sin especificar,Sin especificar,418A,,null,,,,
IDA908,419,Persona,Perpetrador,Hombre,Sin especificar,Sin especificar,419A,,null,,,,
IDA909,419,Persona,Víctima,Hombre,Sin especificar,Sin especificar,419A,,null,,,,
IDA910,420,Persona,Perpetrador,Hombre,Sin especificar,Sin especificar,420A,,null,,,,
IDA911,420,Persona,Perpetrador,Mujer,Sin especificar,Sin especificar,420A,,null,,,,
IDA912,421,Persona,Perpetrador,Hombre,Sin especificar,Sin especificar,421A,,null,,,,
IDA913,421,Persona,Perpetrador,Mujer,Sin especificar,Sin especificar,421A,,null,,,,
IDA914,421,Persona,Víctima,Hombre,Sin especificar,Sin especificar,421A,,null,,,,
IDA915,423,Persona,Perpetrador,Hombre,Sin especificar,Sin especificar,"423A, 423B, 423C",,null,,,,
IDA916,423,Persona,Víctima,Mujer,Sin especificar,Sin especificar,423A,,null,,,,
IDA917,423,Persona,Víctima,Hombre,Sin especificar,Sin especificar,423B,,null,,,,
IDA918,423,Persona,Víctima,Hombre,Sin especificar,Sin especificar,423C,,null,,,,
IDA919,424,Persona,Perpetrador,Hombre,Sin especificar,Sin especificar,424A,,null,,,,
IDA920,426,Persona,Perpetrador,Mujer,Sin especificar,Sin especificar,"426A, 426B",,null,,,,
IDA921,426,Persona,Víctima,Mujer,Sin especificar,Sin especificar,"426A, 426B",,null,,,,
IDA922,427,Persona,Perpetrador,Hombre,Sin especificar,Sin especificar,427A,1,null,,,,
IDA923,427,Persona,Perpetrador,Indeterminado,Indeterminado,Indeterminado,427A,1,null,,,,
IDA924,427,Persona,Perpetrador,Indeterminado,Indeterminado,Indeterminado,427A,1,null,,,,
IDA925,427,Persona,Víctima,Hombre,Sin especificar,Sin especificar,427A,,null,,,,
IDA926,428,Persona,Perpetrador,Mujer,Sin especificar,Sin especificar,"428A, 428B",,null,,,,
IDA927,428,Persona,Víctima,Hombre,Sin especificar,Sin especificar,"428A, 428B",,null,,,,
IDA928,429,Persona,Perpetrador,Hombre,Sin especificar,Sin especificar,429A,,null,,,,
IDA929,429,Persona,Víctima,Hombre,Sin especificar,Sin especificar,429A,,null,,,,
IDA930,429,Persona,Víctima,Mujer,Sin especificar,Sin especificar,429A,,null,,,,
IDA931,430,Persona,Perpetrador,Hombre,Sin especificar,Sin especificar,430A,,null,,,,
IDA932,430,Persona,Víctima,Hombre,Sin especificar,Sin especificar,430A,,null,,,,
IDA933,432,Persona,Perpetrador,Hombre,Sin especificar,Sin especificar,432A,,null,,,,
IDA934,432,Persona,Víctima,Mujer,Sin especificar,Sin especificar,432A,,null,,,,
IDA935,434,Persona,Perpetrador,Hombre,Sin especificar,Sin especificar,"434A, 434B",,null,,,,
IDA936,434,Institución,Víctima,null,null,null,434A,,Iglesia,,,,
IDA937,434,Institución,Víctima,null,null,null,434B,,La autoridad,,,,
IDA938,435,Persona,Perpetrador,Hombre,Sin especificar,Sin especificar,435A,,null,,,,
IDA939,435,Persona,Víctima,Mujer,Sin especificar,Sin especificar,435A,,null,,,,
IDA940,436,Persona,Perpetrador,Hombre,Sin especificar,Sin especificar,"436A, 436B",,null,,,,
IDA941,436,Persona,Perpetrador,Mujer,Sin especificar,Sin especificar,"436A, 436B",,null,,,,
IDA942,436,Persona,Víctima,Hombre,Sin especificar,Sin especificar,436A,,null,,,,
IDA943,437,Persona,Perpetrador,Hombre,Sin especificar,Sin especificar,437A,,null,,,,
IDA944,438,Persona,Perpetrador,Hombre,Sin especificar,Sin especificar,438A,1,null,,,,
IDA945,438,Persona,Perpetrador,Hombre,Sin especificar,Sin especificar,438A,1,null,,,,
IDA946,438,Persona,Perpetrador,Indeterminado,Indeterminado,Indeterminado,438A,1,null,,,,
IDA947,438,Persona,Perpetrador,Indeterminado,Indeterminado,Indeterminado,438A,1,null,,,,
IDA948,440,Persona,Perpetrador,Hombre,Sin especificar,Sin especificar,440A,,null,,,,
IDA949,440,Persona,Víctima,Mujer,Sin especificar,Sin especificar,440A,,null,,,,
IDA950,441,Persona,Perpetrador,Hombre,Sin especificar,Sin especificar,441A,,null,,,,
IDA951,441,Persona,Perpetrador,Hombre,Sin especificar,Sin especificar,441A,,null,,,,
IDA952,441,Persona,Víctima,Hombre,Sin especificar,Político del Estado,441A,,null,,,,
IDA953,442,Persona,Perpetrador,Hombre,Sin especificar,Sin especificar,442A,,null,,,,
IDA954,442,Persona,Víctima,Hombre,Sin especificar,Sin especificar,442A,,null,,,,
IDA955,443,Persona,Perpetrador,Hombre,Sin especificar,Sin especificar,443A,,null,,,,
IDA956,443,Persona,Víctima,Mujer,Negro libre/mulato,Sin especificar,443A,,null,,,,
IDA957,444,Persona,Perpetrador,Hombre,Sin especificar,Sin especificar,"444A, 444B",,null,,,,
IDA958,444,Persona,Víctima,Hombre,Sin especificar,Sin especificar,"444A, 444B",,null,,,,
IDA959,444,Persona,Víctima,Hombre,Sin especificar,Sin especificar,444A,,null,,,,
IDA960,445,Persona,Perpetrador,Hombre,Sin especificar,Sin especificar,445A,,null,,,,
IDA961,445,Persona,Perpetrador,Mujer,Sin especificar,Sin especificar,445A,,null,,,,
IDA962,446,Persona,Perpetrador,Hombre,Sin especificar,Sin especificar,446A,,null,,,,
IDA963,446,Persona,Perpetrador,Mujer,Sin especificar,Sin especificar,446A,,null,,,,
IDA964,447,Persona,Perpetrador,Hombre,Sin especificar,Político del Estado,447A,,null,,,,
IDA965,447,Persona,Perpetrador,Hombre,Sin especificar,Sin especificar,447B,1,null,,,,
IDA966,447,Persona,Perpetrador,Hombre,Sin especificar,Sin especificar,447B,1,null,,,,
IDA967,448,Persona,Perpetrador,Hombre,Sin especificar,Sin especificar,448A,,null,,,,
IDA968,448,Persona,Perpetrador,Mujer,Mestizo,Sin especificar,448A,,null,,,,
IDA969,449,Persona,Perpetrador,Hombre,Sin especificar,Sin especificar,449A,,null,,,,
IDA970,449,Persona,Perpetrador,Hombre,Sin especificar,Sin especificar,449A,,null,,,,
IDA971,449,Persona,Perpetrador,Hombre,Sin especificar,Sin especificar,449A,,null,,,,
IDA972,449,Persona,Cómplice,Indeterminado,Indeterminado,Indeterminado,449A,1,null,,,,
IDA973,449,Persona,Cómplice,Indeterminado,Indeterminado,Indeterminado,449A,1,null,,,,
IDA974,449,Persona,Víctima,Hombre,Sin especificar,Sin especificar,449A,,null,,,,
IDA975,450,Persona,Perpetrador,Hombre,Sin especificar,Sin especificar,450A,,null,,,,
IDA976,450,Persona,Víctima,Indeterminado,Indeterminado,Indeterminado,450A,1,null,,,,
IDA977,451,Persona,Perpetrador,Hombre,Sin especificar,Sin especificar,451A,,null,,,,
IDA978,451,Persona,Perpetrador,Hombre,Sin especificar,Sin especificar,451A,,null,,,,
IDA979,451,Persona,Perpetrador,Hombre,Sin especificar,Sin especificar,451A,,null,,,,
IDA980,451,Persona,Víctima,Indeterminado,Indeterminado,Indeterminado,451A,1,null,,,,
IDA981,452,Persona,Perpetrador,Hombre,Sin especificar,Sin especificar,452A,,null,,,,
IDA982,452,Persona,Víctima,Mujer,Sin especificar,Sin especificar,452A,,null,,,,
IDA983,453,Persona,Perpetrador,Hombre,Sin especificar,Fuerza armada,453A,,null,,,,
IDA984,453,Persona,Víctima,Hombre,Sin especificar,Político del Estado,453A,,null,,,,
IDA985,454,Persona,Perpetrador,Hombre,Sin especificar,Sin especificar,454A,,null,,,,
IDA986,454,Persona,Víctima,Hombre,Sin especificar,Sin especificar,454A,,null,,,,
IDA987,455,Persona,Perpetrador,Hombre,Sin especificar,Sin especificar,455A,,null,,,,
IDA988,455,Persona,Perpetrador,Mujer,Sin especificar,Sin especificar,455A,,null,,,,
IDA989,455,Persona,Víctima,Hombre,Sin especificar,Sin especificar,455A,,null,,,,
IDA990,455,Persona,Víctima,Hombre,Sin especificar,Sin especificar,455A,,null,,,,
IDA991,457,Persona,Perpetrador,Hombre,Sin especificar,Sin especificar,457A,,null,,,,
IDA992,457,Persona,Víctima,Mujer,Sin especificar,Sin especificar,457A,,null,,,,
IDA993,458,Persona,Perpetrador,Hombre,Sin especificar,Sin especificar,"458A, 458B",,null,,,,
IDA994,458,Persona,Perpetrador,Hombre,Sin especificar,Sin especificar,"458A, 458B",,null,,,,
IDA995,458,Institución,Víctima,null,null,null,458A,,Iglesia,,,,
IDA996,458,Persona,Víctima,Indeterminado,Indeterminado,Indeterminado,458B,1,null,,,,
IDA997,459,Persona,Perpetrador,Hombre,Sin especificar,Sin especificar,459A,,null,,,,
IDA998,459,Persona,Víctima,Hombre,Sin especificar,Político del Estado,459A,,null,,,,
IDA999,460,Persona,Perpetrador,Hombre,Sin especificar,Sin especificar,"460A, 460B",,null,,460A,,
IDA1000,460,Persona,Perpetrador,Mujer,Sin especificar,Sin especificar,460A,,null,,460A,,
IDA1001,460,Persona,Víctima,Hombre,Sin especificar,Político del Estado,460B,,null,,460A,,
IDA1002,461,Persona,Perpetrador,Hombre,Sin especificar,Sin especificar,461A,,null,,,,
IDA1003,461,Persona,Víctima,Mujer,Sin especificar,Sin especificar,461A,,null,,,,
IDA1004,462,Persona,Perpetrador,Hombre,Sin especificar,Sin especificar,462A,,null,,,,
IDA1005,462,Persona,Víctima,Hombre,Sin especificar,Político del Estado,462A,,null,,,,
IDA1006,462,Persona,Víctima,Hombre,Sin especificar,Político del Estado,462A,,null,,,,
IDA1007,464,Persona,Perpetrador,Hombre,Sin especificar,Sin especificar,464A,,null,,,,
IDA1008,464,Persona,Víctima,Mujer,Sin especificar,Sin especificar,464A,,null,,,,
IDA1009,465,Persona,Perpetrador,Hombre,Sin especificar,Sin especificar,465A,,null,,,,
IDA1010,465,Persona,Víctima,Hombre,Sin especificar,Sin especificar,465A,,null,,,,
IDA1011,466,Persona,Perpetrador,Hombre,Sin especificar,Sin especificar,466A,,null,,,,
IDA1012,466,Persona,Víctima,Hombre,Sin especificar,Sin especificar,466A,,null,,,,
IDA1013,467,Persona,Perpetrador,Mujer,Sin especificar,Sin especificar,467A,,null,,,,
IDA1014,467,Persona,Víctima,Indeterminado,Indeterminado,Indeterminado,467A,1,null,,,,
IDA1015,468,Persona,Perpetrador,Hombre,Sin especificar,Sin especificar,468A,,null,,,,
IDA1016,468,Persona,Perpetrador,Mujer,Sin especificar,Sin especificar,468A,,null,,,,
IDA1017,468,Persona,Víctima,Hombre,Sin especificar,Sin especificar,468A,,null,,,,
IDA1018,470,Persona,Perpetrador,Hombre,Sin especificar,Sin especificar,470A,,null,,,,
IDA1019,470,Persona,Víctima,Mujer,Sin especificar,Sin especificar,470A,,null,,,,
IDA1020,471,Persona,Perpetrador,Hombre,Sin especificar,Sin especificar,471A,,null,,,,
IDA1021,471,Persona,Perpetrador,Hombre,Sin especificar,Sin especificar,471A,,null,,,,
IDA1022,472,Persona,Perpetrador,Hombre,Indígenas,Sin especificar,472A,,null,,,,
IDA1023,472,Persona,Perpetrador,Hombre,Indígenas,Sin especificar,472A,,null,,,,
IDA1024,472,Persona,Perpetrador,Mujer,Indígenas,Sin especificar,472A,,null,,,,
IDA1025,472,Persona,Víctima,Hombre,Sin especificar,Sin especificar,472A,,null,,,,
IDA1026,473,Persona,Perpetrador,Hombre,Sin especificar,Sin especificar,473A,,null,,,,
IDA1027,473,Persona,Víctima,Mujer,Sin especificar,Sin especificar,473A,,null,,,,
IDA1028,474,Persona,Perpetrador,Hombre,Sin especificar,Político del Estado,"474A, 474B",,null,,,,
IDA1029,474,Persona,Víctima,Hombre,Indígenas,Sin especificar,"474A, 474B",,null,,,,
IDA1030,475,Persona,Perpetrador,Hombre,Sin especificar,Sin especificar,475A,,null,,,,
IDA1031,475,Persona,Perpetrador,Hombre,Sin especificar,Sin especificar,475A,,null,,,,
IDA1032,476,Persona,Perpetrador,Hombre,Sin especificar,Sin especificar,476A,,null,,,,
IDA1033,477,Persona,Perpetrador,Hombre,Sin especificar,Sin especificar,"477A, 477B",,null,,,,
IDA1034,477,Persona,Víctima,Hombre,Sin especificar,Político del Estado,"477A, 477B",,null,,,,
IDA1035,478,Persona,Perpetrador,Hombre,Sin especificar,Sin especificar,478A,,null,,,,
IDA1036,478,Persona,Víctima,Hombre,Sin especificar,Eclesiástico,478A,,null,,,,
IDA1037,480,Persona,Perpetrador,Hombre,Sin especificar,Sin especificar,"480A, 480B",,null,,,,
IDA1038,480,Persona,Perpetrador,Hombre,Sin especificar,Sin especificar,480A,,null,,,,
IDA1039,480,Persona,Víctima,Hombre,Sin especificar,Sin especificar,480A,,null,,,,
IDA1040,480,Persona,Víctima,Mujer,Sin especificar,Sin especificar,480A,,null,,,,
IDA1041,480,Persona,Perpetrador,Mujer,Sin especificar,Sin especificar,480B,,null,,,,
IDA1042,481,Persona,Perpetrador,Hombre,Sin especificar,Sin especificar,481A,,null,,,,
IDA1043,481,Institución,Víctima,null,null,null,481A,,Real Audiencia ,,,,
IDA1044,482,Persona,Perpetrador,Hombre,Sin especificar,Sin especificar,482A,,null,,,,
IDA1045,482,Persona,Perpetrador,Hombre,Sin especificar,Sin especificar,482A,,null,,,,
IDA1046,482,Persona,Perpetrador,Hombre,Sin especificar,Sin especificar,482A,,null,,,,
IDA1047,482,Persona,Víctima,Hombre,Sin especificar,Sin especificar,482A,,null,,,,
IDA1048,486,Persona,Perpetrador,Hombre,Sin especificar,Sin especificar,486A,,null,,,,
IDA1049,486,Persona,Víctima,Indeterminado,Indeterminado,Indeterminado,486A,1,null,,,,
IDA1050,487,Persona,Perpetrador,Hombre,Sin especificar,Sin especificar,487A,,null,,487A,,
IDA1051,487,Persona,Víctima,Hombre,Sin especificar,Político del Estado,487A,,null,,487A,,
IDA1052,487,Persona,Perpetrador,Hombre,Sin especificar,Político del Estado,487B,,null,,487B,,
IDA1053,487,Persona,Víctima,Hombre,Sin especificar,Sin especificar,487B,,null,,487B,,
IDA1054,488,Persona,Perpetrador,Hombre,Esclavo,Sin especificar,488A,,null,,,,
IDA1055,488,Persona,Víctima,Hombre,Sin especificar,Sin especificar,488A,,null,,,,
IDA1056,489,Persona,Perpetrador,Hombre,Sin especificar,Político del Estado,"489A, 489B",,null,,489A,,
IDA1057,489,Persona,Víctima,Hombre,Sin especificar,Político del Estado,489B,,null,,489A,,
IDA1058,490,Persona,Perpetrador,Hombre,Sin especificar,Sin especificar,"490A, 490E, 490J",,null,,489A,,
IDA1059,490,Persona,Perpetrador,Mujer,Sin especificar,Sin especificar,"490A, 490E",,null,,489A,,
IDA1060,490,Persona,Víctima,Hombre,Sin especificar,Sin especificar,490A,,null,,489A,,
IDA1061,490,Persona,Víctima,Mujer,Sin especificar,Sin especificar,490E,,null,,489A,,
IDA1062,490,Persona,Víctima,Hombre,Sin especificar,Político del Estado,490J,,null,,489A,,
IDA1063,491,Persona,Perpetrador,Hombre,Sin especificar,Sin especificar,491A,,null,,,,
IDA1064,491,Persona,Perpetrador,Hombre,Sin especificar,Sin especificar,491A,,null,,,,
IDA1065,492,Persona,Perpetrador,Hombre,Sin especificar,Sin especificar,492A,,null,,,,
IDA1066,492,Persona,Perpetrador,Mujer,Mestizo,Sin especificar,492A,,null,,,,
IDA1067,492,Persona,Víctima,Hombre,Sin especificar,Sin especificar,492A,,null,,,,
IDA1068,492,Persona,Víctima,Hombre,Sin especificar,Sin especificar,492A,,null,,,,
IDA1069,493,Persona,Perpetrador,Hombre,Sin especificar,Sin especificar,493A,,null,,,,
IDA1070,493,Persona,Víctima,Hombre,Sin especificar,Sin especificar,493A,,null,,,,
IDA1071,494,Persona,Perpetrador,Hombre,Sin especificar,Sin especificar,"494A, 494B",,null,,,,
IDA1072,494,Persona,Perpetrador,Hombre,Sin especificar,Sin especificar,"494A, 494B",,null,,,,
IDA1073,494,Persona,Víctima,Hombre,Sin especificar,Sin especificar,494A,,null,,,,
IDA1074,494,Persona,Víctima,Indeterminado,Indeterminado,Indeterminado,494B,1,null,,,,
IDA1075,495,Persona,Perpetrador,Hombre,Sin especificar,Sin especificar,495A,,null,,,,
IDA1076,495,Persona,Perpetrador,Hombre,Sin especificar,Sin especificar,495A,,null,,,,
IDA1077,495,Persona,Víctima,Hombre,Sin especificar,Sin especificar,495A,,null,,,,
IDA1078,497,Persona,Perpetrador,Hombre,Indígenas,Sin especificar,497A,,null,,,,
IDA1079,497,Persona,Víctima,Mujer,Sin especificar,Sin especificar,497A,,null,,,,
IDA1080,498,Persona,Perpetrador,Hombre,Sin especificar,Sin especificar,498A,,null,,,,
IDA1081,498,Persona,Perpetrador,Hombre,Sin especificar,Sin especificar,498A,,null,,,,
IDA1082,498,Persona,Víctima,Hombre,Sin especificar,Sin especificar,498A,,null,,,,
IDA1083,499,Persona,Perpetrador,Hombre,Sin especificar,Sin especificar,499A,,null,,,,
IDA1084,499,Persona,Perpetrador,Hombre,Sin especificar,Sin especificar,499A,,null,,,,
IDA1085,500,Persona,Perpetrador,Hombre,Sin especificar,Sin especificar,500A,,null,,,,
IDA1086,500,Persona,Víctima,Hombre,Sin especificar,Sin especificar,500A,,null,,,,
IDA1087,502,Persona,Perpetrador,Hombre,Sin especificar,Político del Estado,502A,1,null,,,,
IDA1088,502,Persona,Perpetrador,Hombre,Sin especificar,Político del Estado,502A,1,null,,,,
IDA1089,503,Persona,Perpetrador,Indeterminado,Indeterminado,Indeterminado,503A,1,null,,,,
IDA1090,503,Persona,Víctima,Hombre,Sin especificar,Sin especificar,503A,,null,,,,
IDA1091,503,Persona,Perpetrador,Hombre,Sin especificar,Sin especificar,503B,,null,,,,
IDA1092,504,Persona,Perpetrador,Indeterminado,Indeterminado,Indeterminado,504A,1,null,,,,
IDA1093,504,Persona,Víctima,Mujer,Sin especificar,Sin especificar,504A,,null,,,,
IDA1094,505,Persona,Perpetrador,Hombre,Sin especificar,Político del Estado,505A,,null,,,,
IDA1095,505,Persona,Víctima,Hombre,Sin especificar,Político del Estado,505A,,null,,,,
IDA1096,505,Persona,Víctima,Hombre,Sin especificar,Político del Estado,505A,,null,,,,
IDA1097,505,Persona,Víctima,Hombre,Sin especificar,Político del Estado,505A,,null,,,,
IDA1098,506,Persona,Perpetrador,Hombre,Sin especificar,Sin especificar,506A,,null,,,,
IDA1099,506,Persona,Perpetrador,Hombre,Sin especificar,Sin especificar,506A,,null,,,,
IDA1100,506,Persona,Víctima,Hombre,Sin especificar,Sin especificar,506A,,null,,,,
IDA1101,507,Persona,Perpetrador,Hombre,Sin especificar,Sin especificar,507A,,null,,,,
IDA1102,507,Persona,Víctima,Hombre,Sin especificar,Sin especificar,507A,,null,,,,
IDA1103,508,Persona,Perpetrador,Indeterminado,Indeterminado,Indeterminado,508A,1,null,,,,
IDA1104,508,Persona,Víctima,Hombre,Sin especificar,Sin especificar,508A,,null,,,,
IDA1105,509,Persona,Perpetrador,Hombre,Sin especificar,Sin especificar,509A,,null,,,,
IDA1106,509,Persona,Víctima,Hombre,Sin especificar,Sin especificar,509A,,null,,,,
IDA1107,510,Persona,Perpetrador,Indeterminado,Indeterminado,Indeterminado,510A,1,null,,,,
IDA1108,510,Persona,Perpetrador,Indeterminado,Indeterminado,Indeterminado,510A,1,null,,,,
IDA1109,510,Persona,Víctima,Hombre,Sin especificar,Sin especificar,510A,,null,,,,
IDA1110,511,Persona,Perpetrador,Hombre,Sin especificar,Sin especificar,"511A, 511B, 511C",,null,,,,
IDA1111,511,Persona,Víctima,Mujer,Sin especificar,Sin especificar,"511A, 511B, 511C",,null,,,,
IDA1112,513,Persona,Perpetrador,Hombre,Sin especificar,Sin especificar,513A,1,null,,,,
IDA1113,513,Persona,Perpetrador,Hombre,Sin especificar,Sin especificar,513A,1,null,,,,
IDA1114,513,Persona,Cómplice,Indeterminado,Indeterminado,Indeterminado,513A,1,null,,,,
IDA1115,513,Persona,Cómplice,Indeterminado,Indeterminado,Indeterminado,513A,1,null,,,,
IDA1116,513,Persona,Víctima,Hombre,Sin especificar,Sin especificar,513A,,null,,,,
IDA1117,513,Persona,Víctima,Hombre,Sin especificar,Sin especificar,513A,,null,,,,
IDA1118,514,Persona,Perpetrador,Hombre,Sin especificar,Sin especificar,514A,,null,,,,
IDA1119,514,Persona,Víctima,Mujer,Sin especificar,Sin especificar,514A,,null,,,,
IDA1120,515,Persona,Perpetrador,Hombre,Sin especificar,Sin especificar,515A,,null,,,,
IDA1121,515,Persona,Perpetrador,Hombre,Sin especificar,Sin especificar,515A,,null,,,,
IDA1122,515,Persona,Perpetrador,Hombre,Sin especificar,Sin especificar,515A,,null,,,,
IDA1123,515,Institución,Víctima,null,null,null,515A,,Iglesia,,,,
IDA1124,516,Persona,Perpetrador,Hombre,Sin especificar,Sin especificar,516A,,null,,,,
IDA1125,516,Persona,Víctima,Mujer,Sin especificar,Sin especificar,516A,,null,,,,
IDA1126,517,Persona,Perpetrador,Hombre,Sin especificar,Sin especificar,517A,,null,,,,
IDA1127,517,Persona,Víctima,Mujer,Sin especificar,Sin especificar,517A,,null,,,,
IDA1128,520,Persona,Perpetrador,Hombre,Sin especificar,Fuerza armada,520A,,null,,,,
IDA1129,520,Persona,Víctima,Hombre,Sin especificar,Sin especificar,520A,,null,,,,
IDA1130,521,Persona,Perpetrador,Hombre,Sin especificar,Sin especificar,521A,,null,,,,
IDA1131,521,Persona,Perpetrador,Hombre,Sin especificar,Sin especificar,521A,,null,,,,
IDA1132,521,Persona,Víctima,Hombre,Sin especificar,Sin especificar,521A,,null,,,,
IDA1133,522,Persona,Perpetrador,Hombre,Sin especificar,Sin especificar,522A,1,null,,,,
IDA1134,522,Persona,Perpetrador,Hombre,Sin especificar,Sin especificar,522A,1,null,,,,
IDA1135,522,Persona,Cómplice,Indeterminado,Indeterminado,Indeterminado,522A,1,null,,,,
IDA1136,522,Persona,Cómplice,Indeterminado,Indeterminado,Indeterminado,522A,1,null,,,,
IDA1137,522,Persona,Víctima,Hombre,Sin especificar,Sin especificar,522A,,null,,,,
IDA1138,523,Persona,Perpetrador,Hombre,Sin especificar,Sin especificar,523A,,null,,,,
IDA1139,523,Persona,Perpetrador,Hombre,Sin especificar,Sin especificar,523A,,null,,,,
IDA1140,523,Persona,Víctima,Hombre,Sin especificar,Sin especificar,523A,,null,,,,
IDA1141,524,Persona,Perpetrador,Mujer,Sin especificar,Sin especificar,524A,,null,,,,
IDA1142,525,Persona,Perpetrador,Mujer,Sin especificar,Sin especificar,525A,,null,,,,
IDA1143,526,Persona,Perpetrador,Hombre,Sin especificar,Sin especificar,"526A, 526B",,null,,,,
IDA1144,526,Persona,Perpetrador,Mujer,Sin especificar,Sin especificar,"526A, 526B",,null,,,,
IDA1145,526,Persona,Víctima,Hombre,Sin especificar,Sin especificar,526B,,null,,,,
IDA1146,528,Persona,Perpetrador,Hombre,Sin especificar,Sin especificar,"528A, 528B",,null,,,,
IDA1147,528,Persona,Víctima,Mujer,Sin especificar,Sin especificar,528A,,null,,,,
IDA1148,529,Persona,Perpetrador,Hombre,Sin especificar,Sin especificar,529A,,null,,,,
IDA1149,529,Persona,Víctima,Mujer,Sin especificar,Sin especificar,529A,,null,,,,
IDA1150,529,Persona,Víctima,Mujer,Sin especificar,Sin especificar,529A,,null,,,,
IDA1151,530,Persona,Perpetrador,Hombre,Sin especificar,Sin especificar,"530A, 530B",,null,,,,
IDA1152,530,Persona,Víctima,Mujer,Sin especificar,Sin especificar,530A,,null,,,,
IDA1153,531,Persona,Perpetrador,Hombre,Sin especificar,Sin especificar,531A,,null,,,,
IDA1154,531,Persona,Perpetrador,Mujer,Sin especificar,Sin especificar,531A,,null,,,,
IDA1155,531,Persona,Perpetrador,Mujer,Sin especificar,Sin especificar,531B,,null,,,,
IDA1156,532,Persona,Perpetrador,Hombre,Sin especificar,Sin especificar,"532A, 532B",,null,,532B,,
IDA1157,532,Persona,Víctima,Mujer,Sin especificar,Sin especificar,532A,,null,,532B,,
IDA1158,532,Persona,Perpetrador,Mujer,Sin especificar,Sin especificar,532B,,null,,532B,,
IDA1159,532,Persona,Perpetrador,Hombre,Sin especificar,Sin especificar,"532B, 532A",,null,,532B,,
IDA1160,532,Persona,Perpetrador,Mujer,Sin especificar,Sin especificar,532B,,null,,532B,,
IDA1161,532,Persona,Víctima,Mujer,Sin especificar,Sin especificar,532A,,null,,532B,,
IDA1162,533,Persona,Perpetrador,Hombre,Sin especificar,Sin especificar,533A,,null,,,,
IDA1163,533,Persona,Víctima,Mujer,Sin especificar,Sin especificar,533A,,null,,,,
IDA1164,534,Persona,Perpetrador,Hombre,Sin especificar,Sin especificar,534A,,null,,,,
IDA1165,534,Persona,Perpetrador,Mujer,Sin especificar,Sin especificar,534A,,null,,,,
IDA1166,534,Persona,Víctima,Hombre,Sin especificar,Sin especificar,534A,,null,,,,
IDA1167,534,Persona,Víctima,Hombre,Sin especificar,Sin especificar,534A,,null,,,,
IDA1168,535,Persona,Perpetrador,Hombre,Sin especificar,Sin especificar,535A,,null,,,,
IDA1169,535,Persona,Perpetrador,Mujer,Sin especificar,Sirviente/lacayo,535A,,null,,,,
IDA1170,535,Persona,Víctima,Hombre,Sin especificar,Sin especificar,535A,,null,,,,
IDA1171,536,Persona,Perpetrador,Hombre,Sin especificar,Sin especificar,536A,,null,,,,
IDA1172,536,Persona,Víctima,Hombre,Sin especificar,Sin especificar,536A,,null,,,,
IDA1173,537,Persona,Perpetrador,Hombre,Sin especificar,Sin especificar,537A,,null,,,,
IDA1174,537,Persona,Víctima,Mujer,Sin especificar,Sin especificar,537A,,null,,,,
IDA1175,538,Persona,Perpetrador,Hombre,Sin especificar,Sin especificar,"538A, 538B",,null,,,,
IDA1176,538,Persona,Víctima,Hombre,Sin especificar,Sin especificar,"538A, 538B",,null,,,,
IDA1177,539,Persona,Perpetrador,Hombre,Sin especificar,Sin especificar,539A,,null,,,,
IDA1178,540,Persona,Perpetrador,Mujer,Sin especificar,Sin especificar,540A,,null,,,,
IDA1179,541,Persona,Perpetrador,Hombre,Sin especificar,Sin especificar,"541A, 541B",,null,,,,
IDA1180,541,Persona,Víctima,Mujer,Sin especificar,Sin especificar,"541A, 541B",,null,,,,
IDA1181,542,Persona,Perpetrador,Hombre,Sin especificar,Sin especificar,"542A, 542B",,null,,,,
IDA1182,542,Persona,Perpetrador,Indeterminado,Indeterminado,Indeterminado,"542A, 542B",1,null,,,,
IDA1183,542,Persona,Perpetrador,Indeterminado,Indeterminado,Indeterminado,"542A, 542B",1,null,,,,
IDA1184,542,Persona,Víctima,Hombre,Sin especificar,Sin especificar,"542A, 542B",,null,,,,
IDA1185,543,Persona,Perpetrador,Hombre,Sin especificar,Sin especificar,543A,,null,,,,
IDA1186,543,Persona,Víctima,Hombre,Sin especificar,Sin especificar,543A,,null,,,,
IDA1187,547,Persona,Perpetrador,Hombre,Sin especificar,Sin especificar,547A,,null,,,,
IDA1188,547,Persona,Víctima,Hombre,Sin especificar,Sin especificar,547A,,null,,,,
IDA1189,551,Persona,Perpetrador,Hombre,Sin especificar,Sin especificar,551A,,null,,,,
IDA1190,551,Persona,Víctima,Hombre,Sin especificar,Sin especificar,551A,,null,,,,
IDA1191,552,Persona,Perpetrador,Hombre,Sin especificar,Sin especificar,552A,,null,,,,
IDA1192,552,Persona,Víctima,Indeterminado,Indeterminado,Indeterminado,552A,1,null,,,,
IDA1193,554,Persona,Perpetrador,Hombre,Sin especificar,Sin especificar,554A,,null,,,,
IDA1194,554,Persona,Víctima,Hombre,Sin especificar,Sin especificar,554A,,null,,,,
IDA1195,555,Persona,Perpetrador,Hombre,Sin especificar,Sin especificar,555A,,null,,,,
IDA1196,556,Persona,Perpetrador,Hombre,Sin especificar,Sin especificar,556A,,null,,,,
IDA1197,556,Persona,Perpetrador,Hombre,Sin especificar,Sin especificar,556A,,null,,,,
IDA1198,556,Persona,Víctima,Hombre,Sin especificar,Sin especificar,556A,,null,,,,
IDA1199,557,Persona,Perpetrador,Hombre,Sin especificar,Sin especificar,557A,,null,,,,
IDA1200,557,Persona,Víctima,Hombre,Sin especificar,Sin especificar,557A,,null,,,,
IDA1201,558,Persona,Perpetrador,Hombre,Sin especificar,Político del Estado,558A,,null,,,,
IDA1202,559,Persona,Perpetrador,Hombre,Sin especificar,Sin especificar,559A,,null,,,,
IDA1203,559,Persona,Víctima,Mujer,Sin especificar,Sin especificar,559A,,null,,,,
IDA1204,560,Persona,Perpetrador,Mujer,Sin especificar,Sin especificar,"560A, 560B",,null,,560B,,
IDA1205,560,Persona,Víctima,Mujer,Sin especificar,Sin especificar,"560A, 560B",,null,,560B,,
IDA1206,561,Persona,Perpetrador,Hombre,Sin especificar,Sin especificar,561A,,null,,,,
IDA1207,561,Persona,Víctima,Hombre,Sin especificar,Fuerza armada,561A,1,null,,,,
IDA1208,561,Persona,Víctima,Hombre,Sin especificar,Fuerza armada,561A,1,null,,,,
IDA1209,562,Persona,Perpetrador,Hombre,Sin especificar,Político del Estado,562A,,null,,,,
IDA1210,562,Persona,Víctima,Hombre,Sin especificar,Sin especificar,562A,,null,,,,
IDA1211,563,Persona,Perpetrador,Hombre,Sin especificar,Sin especificar,563D,,null,,,,
IDA1212,563,Persona,Perpetrador,Hombre,Sin especificar,Sin especificar,563A,,null,,,,
IDA1213,563,Persona,Perpetrador,Hombre,Sin especificar,Sin especificar,563A,,null,,,,
IDA1214,563,Persona,Perpetrador,Hombre,Sin especificar,Sin especificar,563A,,null,,,,
IDA1215,564,Persona,Perpetrador,Hombre,Sin especificar,Sin especificar,564A,,null,,,,
IDA1216,564,Persona,Perpetrador,Indeterminado,Indeterminado,Indeterminado,564A,1,null,,,,
IDA1217,564,Persona,Perpetrador,Indeterminado,Indeterminado,Indeterminado,564A,1,null,,,,
IDA1218,564,Persona,Víctima,Hombre,Sin especificar,Sin especificar,"564A, 564B",,null,,,,
IDA1219,564,Persona,Perpetrador,Hombre,Sin especificar,Político del Estado,564B,,null,,,,
IDA1220,565,Persona,Perpetrador,Hombre,Sin especificar,Político del Estado,"565A, 565B",,null,,,,
IDA1221,565,Persona,Víctima,Hombre,Sin especificar,Sin especificar,"565A, 565B",,null,,,,
IDA1222,566,Persona,Perpetrador,Hombre,Sin especificar,Sin especificar,566A,,null,,,,
IDA1223,566,Persona,Víctima,Hombre,Sin especificar,Sin especificar,566A,,null,,,,
IDA1224,567,Persona,Perpetrador,Hombre,Sin especificar,Político del Estado,567A,,null,,,,
IDA1225,567,Persona,Víctima,Hombre,Sin especificar,Sin especificar,567A,,null,,,,
IDA1226,568,Persona,Perpetrador,Hombre,Sin especificar,Sin especificar,"568A, 568B",,null,,,,
IDA1227,568,Persona,Víctima,Indeterminado,Indeterminado,Indeterminado,568B,1,null,,,,
IDA1228,569,Persona,Perpetrador,Hombre,Sin especificar,Sin especificar,569A,,null,,,,
IDA1229,569,Persona,Perpetrador,Mujer,Sin especificar,Sin especificar,569A,,null,,,,
IDA1230,569,Persona,Víctima,Hombre,Sin especificar,Sin especificar,569A,,null,,,,
IDA1231,570,Persona,Perpetrador,Hombre,Indígenas,Sin especificar,570A,,null,,,,
IDA1232,570,Persona,Víctima,Hombre,Indígenas,Sin especificar,570A,,null,,,,
IDA1233,572,Persona,Perpetrador,Hombre,Sin especificar,Sin especificar,572A,,null,,,,
IDA1234,572,Persona,Víctima,Mujer,Sin especificar,Sin especificar,572A,,null,,,,
IDA1235,573,Persona,Perpetrador,Hombre,Sin especificar,Político del Estado,"573A, 573B, 573C",,null,,,,
IDA1236,573,Persona,Víctima,Hombre,Sin especificar,Sin especificar,"573A, 573B, 573C",,null,,,,
IDA1237,574,Persona,Perpetrador,Hombre,Sin especificar,Sin especificar,574A,,null,,,,
IDA1238,574,Persona,Víctima,Mujer,Sin especificar,Sin especificar,574A,,null,,,,
IDA1239,575,Persona,Perpetrador,Indeterminado,Indeterminado,Indeterminado,575A,1,null,,,,
IDA1240,575,Persona,Víctima,Hombre,Sin especificar,Sin especificar,575A,,null,,,,
IDA1241,576,Persona,Perpetrador,Hombre,Sin especificar,Político del Estado,576A,,null,,,,
IDA1242,576,Persona,Víctima,Hombre,Sin especificar,Sin especificar,576A,,null,,,,
IDA1243,577,Persona,Perpetrador,Hombre,Sin especificar,Sin especificar,577A,,null,,,,
IDA1244,577,Persona,Víctima,Hombre,Sin especificar,Sin especificar,577A,,null,,,,
IDA1245,578,Persona,Perpetrador,Hombre,Negro libre/mulato,Sin especificar,578A,,null,,,,
IDA1246,578,Persona,Víctima,Mujer,Sin especificar,Sin especificar,578A,,null,,,,
IDA1247,579,Persona,Perpetrador,Hombre,Sin especificar,Sin especificar,579A,,null,,,,
IDA1248,579,Persona,Perpetrador,Hombre,Sin especificar,Sin especificar,579A,,null,,,,
IDA1249,580,Persona,Perpetrador,Hombre,Sin especificar,Sin especificar,"580A, 580B",,null,,580B,,
IDA1250,580,Persona,Perpetrador,Hombre,Sin especificar,Sin especificar,580A,,null,,580B,,
IDA1251,580,Persona,Víctima,Hombre,Sin especificar,Sin especificar,580B,,null,,580B,,
IDA1252,580,Persona,Perpetrador,Hombre,Sin especificar,Sin especificar,"580B, 580A",,null,,580B,,
IDA1253,580,Persona,Víctima,Hombre,Sin especificar,Sin especificar,580B,,null,,580B,,
IDA1254,580,Persona,Perpetrador,Hombre,Sin especificar,Sin especificar,580A,,null,,580B,,
IDA1255,581,Persona,Perpetrador,Hombre,Sin especificar,Sin especificar,581A,,null,,,,
IDA1256,581,Persona,Perpetrador,Mujer,Sin especificar,Sin especificar,581A,,null,,,,
IDA1257,581,Persona,Víctima,Hombre,Sin especificar,Sin especificar,581A,,null,,,,
IDA1258,582,Persona,Perpetrador,Hombre,Sin especificar,Sin especificar,"582A, 582B",,null,,,,
IDA1259,582,Persona,Víctima,Mujer,Sin especificar,Sin especificar,582A,,null,,,,
IDA1260,582,Institución,Víctima,null,null,null,582B,,La autoridad,,,,
IDA1261,583,Persona,Perpetrador,Hombre,Sin especificar,Sin especificar,583A,,null,,,,
IDA1262,583,Persona,Perpetrador,Mujer,Sin especificar,Sin especificar,583A,,null,,,,
IDA1263,583,Persona,Víctima,Hombre,Sin especificar,Sin especificar,583A,,null,,,,
IDA1264,584,Persona,Perpetrador,Hombre,Sin especificar,Sin especificar,584A,,null,,,,
IDA1265,584,Persona,Víctima,Hombre,Sin especificar,Sin especificar,584A,,null,,,,
IDA1266,585,Persona,Perpetrador,Hombre,Sin especificar,Sin especificar,585A,,null,,,,
IDA1267,586,Persona,Perpetrador,Hombre,Sin especificar,Sin especificar,"586A, 586B",,null,,,,
IDA1268,586,Persona,Perpetrador,Hombre,Sin especificar,Sin especificar,586A,,null,,,,
IDA1269,586,Persona,Víctima,Hombre,Sin especificar,Fuerza armada,586B,,null,,,,
IDA1270,588,Persona,Perpetrador,Hombre,Sin especificar,Sin especificar,588A,,null,,,,
IDA1271,588,Persona,Víctima,Hombre,Sin especificar,Sin especificar,588A,,null,,,,
IDA1272,589,Persona,Perpetrador,Hombre,Sin especificar,Sin especificar,589A,,null,,,,
IDA1273,589,Persona,Perpetrador,Mujer,Sin especificar,Sin especificar,589A,,null,,,,
IDA1274,590,Persona,Perpetrador,Hombre,Sin especificar,Sin especificar,590A,,null,,,,
IDA1275,590,Persona,Perpetrador,Mujer,Sin especificar,Sin especificar,590A,,null,,,,
IDA1276,591,Persona,Perpetrador,Hombre,Sin especificar,Sin especificar,591A,,null,,,,
IDA1277,591,Persona,Víctima,Hombre,Sin especificar,Sin especificar,591A,,null,,,,
IDA1278,592,Persona,Perpetrador,Hombre,Sin especificar,Sin especificar,592A,,null,,,,
IDA1279,592,Persona,Víctima,Hombre,Sin especificar,Sin especificar,592A,,null,,,,
IDA1280,593,Persona,Perpetrador,Hombre,Sin especificar,Sin especificar,593A,1,null,,,,
IDA1281,593,Persona,Perpetrador,Indeterminado,Indeterminado,Indeterminado,593A,1,null,,,,
IDA1282,593,Persona,Perpetrador,Indeterminado,Indeterminado,Indeterminado,593A,1,null,,,,
IDA1283,595,Persona,Perpetrador,Hombre,Sin especificar,Sin especificar,595A,,null,,,,
IDA1284,595,Persona,Víctima,Hombre,Sin especificar,Sin especificar,595A,,null,,,,
IDA1285,597,Persona,Perpetrador,Hombre,Sin especificar,Sin especificar,597A,,null,,,,
IDA1286,597,Persona,Víctima,Hombre,Sin especificar,Sin especificar,597A,,null,,,,
IDA1287,598,Persona,Perpetrador,Hombre,Sin especificar,Fuerza armada,598A,,null,,,,
IDA1288,598,Persona,Perpetrador,Hombre,Sin especificar,Fuerza armada,598A,,null,,,,
IDA1289,598,Persona,Perpetrador,Hombre,Sin especificar,Fuerza armada,598A,,null,,,,
IDA1290,598,Persona,Víctima,Hombre,Sin especificar,Político del Estado,598A,,null,,,,
IDA1291,599,Persona,Perpetrador,Hombre,Sin especificar,Sin especificar,599A,,null,,599A,,
IDA1292,599,Persona,Víctima,Hombre,Sin especificar,Sin especificar,"599A, 599B",,null,,599A,,
IDA1293,599,Persona,Perpetrador,Hombre,Sin especificar,Político del Estado,599B,,null,,599A,,
IDA1294,600,Persona,Perpetrador,Hombre,Sin especificar,Sin especificar,600A,,null,,,,
IDA1295,600,Persona,Víctima,Hombre,Sin especificar,Político del Estado,600A,,null,,,,
IDA1296,601,Persona,Perpetrador,Hombre,Sin especificar,Sin especificar,"601A, 601B",,null,,601A,,
IDA1297,601,Persona,Perpetrador,Hombre,Sin especificar,Sin especificar,601A,,null,,601A,,
IDA1298,601,Persona,Perpetrador,Hombre,Sin especificar,Sin especificar,601A,,null,,601A,,
IDA1299,601,Persona,Víctima,Hombre,Sin especificar,Sin especificar,601B,,null,,601A,,
IDA1300,602,Persona,Perpetrador,Indeterminado,Indeterminado,Indeterminado,602A,1,null,,,,
IDA1301,602,Persona,Víctima,Hombre,Sin especificar,Político del Estado,602A,,null,,,,
IDA1302,603,Persona,Perpetrador,Hombre,Sin especificar,Sin especificar,603A,,null,,,,
IDA1303,603,Persona,Víctima,Indeterminado,Indeterminado,Indeterminado,603A,1,null,,,,
IDA1304,604,Persona,Perpetrador,Hombre,Sin especificar,Sin especificar,604A,,null,,,,
IDA1305,604,Persona,Víctima,Hombre,Esclavo,Sin especificar,604A,1,null,,,,
IDA1306,604,Persona,Víctima,Hombre,Esclavo,Sin especificar,604A,1,null,,,,
IDA1307,606,Persona,Perpetrador,Hombre,Sin especificar,Sin especificar,606A,,null,,,,
IDA1308,606,Persona,Víctima,Indeterminado,Indeterminado,Indeterminado,606A,1,null,,,,
IDA1309,607,Persona,Perpetrador,Hombre,Sin especificar,Político del Estado,607A,,null,,,,
IDA1310,607,Persona,Víctima,Hombre,Sin especificar,Político del Estado,607A,,null,,,,
IDA1311,608,Persona,Perpetrador,Hombre,Sin especificar,Sin especificar,"608A, 608B",,null,,,,
IDA1312,608,Persona,Víctima,Indeterminado,Indeterminado,Indeterminado,608A,1,null,,,,
IDA1313,608,Persona,Víctima,Indeterminado,Indeterminado,Indeterminado,608B,,null,,,,
IDA1314,608,Persona,Perpetrador,Mujer,Sin especificar,Sin especificar,608B,,null,,,,
IDA1315,609,Persona,Perpetrador,Hombre,Sin especificar,Sin especificar,609A,,null,,,,
IDA1316,609,Persona,Víctima,Indeterminado,Indeterminado,Indeterminado,609A,1,null,,,,
IDA1317,610,Persona,Perpetrador,Hombre,Sin especificar,Sin especificar,610A,,null,,,,
IDA1318,610,Persona,Perpetrador,Mujer,Sin especificar,Sin especificar,610A,,null,,,,
IDA1319,611,Persona,Perpetrador,Hombre,Sin especificar,Sin especificar,611A,,null,,,,
IDA1320,611,Persona,Víctima,Hombre,Sin especificar,Sin especificar,611A,,null,,,,
IDA1321,611,Persona,Perpetrador,Hombre,Sin especificar,Político del Estado,611B,,null,,,,
IDA1322,611,Persona,Víctima,Mujer,Sin especificar,Sin especificar,611B,,null,,,,
IDA1323,612,Persona,Perpetrador,Hombre,Sin especificar,Sin especificar,612A,,null,,,,
IDA1324,612,Persona,Cómplice,Hombre,Sin especificar,Sin especificar,612A,,null,,,,
IDA1325,612,Persona,Cómplice,Hombre,Sin especificar,Sin especificar,612A,,null,,,,
IDA1326,612,Persona,Cómplice,Hombre,Sin especificar,Sin especificar,612A,,null,,,,
IDA1327,612,Persona,Víctima,Hombre,Sin especificar,Sin especificar,612A,,null,,,,
IDA1328,613,Persona,Perpetrador,Hombre,Sin especificar,Sin especificar,613A,,null,,,,
IDA1329,613,Persona,Víctima,Hombre,Sin especificar,Sin especificar,613A,,null,,,,
IDA1330,614,Persona,Perpetrador,Hombre,Sin especificar,Sin especificar,"614A, 614B",,null,,,,
IDA1331,614,Persona,Víctima,Indeterminado,Indeterminado,Indeterminado,614B,1,null,,,,
IDA1332,615,Persona,Perpetrador,Hombre,Sin especificar,Sin especificar,615A,,null,,,,
IDA1333,615,Persona,Víctima,Hombre,Sin especificar,Político del Estado,615A,,null,,,,
IDA1334,616,Persona,Perpetrador,Hombre,Sin especificar,Sin especificar,"616A, 616B",,null,,,,
IDA1335,617,Persona,Perpetrador,Hombre,Sin especificar,Sin especificar,617A,,null,,,,
IDA1336,617,Persona,Víctima,Hombre,Sin especificar,Sin especificar,617A,,null,,,,
IDA1337,618,Persona,Perpetrador,Hombre,Sin especificar,Sin especificar,"618A, 618B",,null,,,,
IDA1338,618,Persona,Víctima,Mujer,Sin especificar,Sin especificar,618A,,null,,,,
IDA1339,618,Persona,Víctima,Mujer,Sin especificar,Sin especificar,618A,,null,,,,
IDA1340,618,Persona,Perpetrador,Mujer,Sin especificar,Sin especificar,618B,,null,,,,
IDA1341,619,Persona,Perpetrador,Mujer,Sin especificar,Sin especificar,619A,,null,,,,
IDA1342,619,Persona,Víctima,Mujer,Sin especificar,Sin especificar,619A,,null,,,,
IDA1343,620,Persona,Perpetrador,Hombre,Sin especificar,Sin especificar,620A,,null,,,,
IDA1344,620,Persona,Víctima,Hombre,Sin especificar,Sin especificar,620A,,null,,,,
IDA1345,621,Persona,Perpetrador,Hombre,Sin especificar,Político del Estado,621A,,null,,,,
IDA1346,621,Persona,Víctima,Hombre,Sin especificar,Político del Estado,621A,,null,,,,
IDA1347,622,Persona,Perpetrador,Hombre,Sin especificar,Sin especificar,"622A, 622B",,null,,,,
IDA1348,622,Persona,Perpetrador,Hombre,Sin especificar,Sin especificar,622C,,null,,,,
IDA1349,622,Persona,Víctima,Hombre,Sin especificar,Político del Estado,622A,,null,,,,
IDA1350,623,Persona,Perpetrador,Hombre,Sin especificar,Sin especificar,623A,,null,,,,
IDA1351,623,Persona,Perpetrador,Mujer,Sin especificar,Sin especificar,623A,,null,,,,
IDA1352,623,Persona,Víctima,Hombre,Sin especificar,Sin especificar,623A,,null,,,,
IDA1353,624,Persona,Perpetrador,Hombre,Sin especificar,Sin especificar,624A,,null,,,,
IDA1354,624,Persona,Víctima,Hombre,Sin especificar,Político del Estado,624A,,null,,,,
IDA1355,625,Persona,Perpetrador,Hombre,Sin especificar,Político del Estado,625A,,null,,,,
IDA1356,625,Persona,Víctima,Hombre,Sin especificar,Sin especificar,625A,,null,,,,
IDA1357,626,Persona,Perpetrador,Hombre,Sin especificar,Sin especificar,"626A, 626B, 626C",,null,,,,
IDA1358,626,Persona,Perpetrador,Hombre,Sin especificar,Sin especificar,"626A, 626B",,null,,,,
IDA1359,626,Persona,Perpetrador,Hombre,Sin especificar,Político del Estado,626D,,null,,,,
IDA1360,627,Persona,Perpetrador,Hombre,Sin especificar,Sin especificar,627A,,null,,,,
IDA1361,627,Persona,Perpetrador,Mujer,Sin especificar,Sin especificar,627A,,null,,,,
IDA1362,628,Persona,Perpetrador,Hombre,Sin especificar,Sin especificar,628A,,null,,,,
IDA1363,628,Persona,Perpetrador,Mujer,Sin especificar,Sin especificar,628A,,null,,,,
IDA1364,628,Persona,Víctima,Hombre,Sin especificar,Sin especificar,628A,,null,,,,
IDA1365,629,Persona,Perpetrador,Hombre,Sin especificar,Sin especificar,629A,,null,,,,
IDA1366,629,Persona,Perpetrador,Mujer,Sin especificar,Sin especificar,629A,,null,,,,
IDA1367,629,Persona,Víctima,Hombre,Sin especificar,Sin especificar,629A,,null,,,,
IDA1368,630,Persona,Perpetrador,Hombre,Sin especificar,Sin especificar,630A,,null,,,,
IDA1369,630,Persona,Víctima,Hombre,Sin especificar,Sin especificar,630A,,null,,,,
IDA1370,631,Persona,Perpetrador,Hombre,Sin especificar,Sin especificar,631A,,null,,,,
IDA1371,631,Persona,Víctima,Mujer,Sin especificar,Sin especificar,631A,,null,,,,
IDA1372,632,Persona,Perpetrador,Hombre,Sin especificar,Sin especificar,"632A, 632B",,null,,,,
IDA1373,632,Persona,Perpetrador,Hombre,Sin especificar,Sin especificar,632C,,null,,,,
IDA1374,632,Persona,Víctima,Hombre,Sin especificar,Sin especificar,632A,,null,,,,
IDA1375,633,Persona,Perpetrador,Hombre,Sin especificar,Sin especificar,633A,,null,,,,
IDA1376,633,Persona,Perpetrador,Mujer,Sin especificar,Sin especificar,633A,,null,,,,
IDA1377,633,Persona,Víctima,Mujer,Sin especificar,Sin especificar,633A,,null,,,,
IDA1378,633,Persona,Víctima,Hombre,Sin especificar,Sin especificar,633A,,null,,,,
IDA1379,634,Persona,Perpetrador,Hombre,Sin especificar,Sin especificar,634A,,null,,,,
IDA1380,634,Persona,Víctima,Hombre,Sin especificar,Sin especificar,634A,,null,,,,
IDA1381,635,Persona,Perpetrador,Mujer,Sin especificar,Sin especificar,635A,,null,,635A,,
IDA1382,635,Persona,Perpetrador,Mujer,Sin especificar,Sin especificar,635A,,null,,635A,,
IDA1383,635,Persona,Perpetrador,Mujer,Sin especificar,Sin especificar,635A,,null,,635A,,
IDA1384,635,Persona,Víctima,Indeterminado,Indeterminado,Indeterminado,635A,1,null,,635A,,
IDA1385,635,Persona,Perpetrador,Hombre,Sin especificar,Político del Estado,635B,,null,,635B,,
IDA1386,635,Persona,Víctima,Mujer,Sin especificar,Sin especificar,635B,,null,,635B,,
IDA1387,635,Persona,Víctima,Mujer,Sin especificar,Sin especificar,635B,,null,,635B,,
IDA1388,635,Persona,Víctima,Mujer,Sin especificar,Sin especificar,635B,,null,,635B,,
IDA1389,636,Persona,Perpetrador,Hombre,Sin especificar,Sin especificar,636A,,null,,,,
IDA1390,636,Persona,Víctima,Hombre,Sin especificar,Sin especificar,636A,,null,,,,
IDA1391,637,Persona,Perpetrador,Hombre,Sin especificar,Sin especificar,637A,,null,,,,
IDA1392,637,Persona,Perpetrador,Hombre,Sin especificar,Sin especificar,637A,,null,,,,
IDA1393,637,Persona,Víctima,Hombre,Sin especificar,Sin especificar,637A,,null,,,,
IDA1394,638,Persona,Perpetrador,Hombre,Sin especificar,Sin especificar,638A,,null,,,,
IDA1395,638,Persona,Víctima,Hombre,Sin especificar,Sin especificar,638A,,null,,,,
IDA1396,639,Persona,Perpetrador,Hombre,Sin especificar,Sin especificar,"639A, 639B",,null,,,,
IDA1397,639,Persona,Víctima,Hombre,Sin especificar,Sin especificar,"639A, 639B",,null,,,,
IDA1398,640,Persona,Perpetrador,Hombre,Sin especificar,Sin especificar,"640A, 640B",,null,,,,
IDA1399,640,Persona,Perpetrador,Mujer,Sin especificar,Sin especificar,"640A, 640B",,null,,,,
IDA1400,640,Persona,Víctima,Mujer,Sin especificar,Sin especificar,640B,,null,,,,
IDA1401,641,Persona,Perpetrador,Hombre,Sin especificar,Sin especificar,641A,,null,,641B,,
IDA1402,641,Persona,Víctima,Hombre,Sin especificar,Sin especificar,"641A, 641B",,null,,641B,,
IDA1403,641,Persona,Perpetrador,Hombre,Sin especificar,Político del Estado,641B,,null,,641B,,
IDA1404,641,Persona,Perpetrador,Hombre,Sin especificar,Político del Estado,641B,,null,,641B,,
IDA1405,641,Persona,Víctima,Hombre,Sin especificar,Sin especificar,"641B, 641A",,null,,641B,,
IDA1406,641,Persona,Perpetrador,Hombre,Sin especificar,Sin especificar,641A,,null,,641B,,
IDA1407,642,Persona,Perpetrador,Hombre,Sin especificar,Sin especificar,642A,,null,,,,
IDA1408,642,Institución,Víctima,null,null,null,642A,,La justicia/jueces,,,,
IDA1409,643,Persona,Perpetrador,Hombre,Sin especificar,Sin especificar,643A,,null,,,,
IDA1410,643,Persona,Víctima,Hombre,Sin especificar,Sin especificar,643A,,null,,,,
IDA1411,643,Persona,Víctima,Hombre,Sin especificar,Eclesiástico,643A,,null,,,,
IDA1412,644,Persona,Perpetrador,Hombre,Sin especificar,Sin especificar,644A,,null,,,,
IDA1413,644,Persona,Víctima,Indeterminado,Indeterminado,Indeterminado,644A,1,null,,,,
IDA1414,646,Persona,Perpetrador,Hombre,Sin especificar,Político del Estado,646A,,null,,,,
IDA1415,646,Persona,Víctima,Hombre,Sin especificar,Sin especificar,646A,,null,,,,
IDA1416,647,Persona,Perpetrador,Hombre,Sin especificar,Sin especificar,"647A, 647B",,null,,,,
IDA1417,647,Persona,Víctima,Indeterminado,Indeterminado,Indeterminado,647A,1,null,,,,
IDA1418,648,Persona,Perpetrador,Indeterminado,Indeterminado,Indeterminado,"648A, 648B",1,null,,,,
IDA1419,648,Persona,Víctima,Hombre,Sin especificar,Fuerza armada,"648A, 648B",,null,,,,
IDA1420,649,Persona,Perpetrador,Hombre,Sin especificar,Sin especificar,649A,,null,,,,
IDA1421,649,Persona,Víctima,Indeterminado,Indeterminado,Indeterminado,649A,1,null,,,,
IDA1422,649,Persona,Perpetrador,Hombre,Sin especificar,Político del Estado,649B,,null,,,,
IDA1423,649,Persona,Víctima,Hombre,Sin especificar,Sin especificar,649B,,null,,,,
IDA1424,649,Persona,Perpetrador,Hombre,Sin especificar,Político del Estado,649B,,null,,,,
IDA1425,649,Persona,Víctima,Hombre,Sin especificar,Sin especificar,649B,,null,,,,
IDA1426,649,Persona,Perpetrador,Hombre,Sin especificar,Sin especificar,649A,,null,,,,
IDA1427,650,Persona,Perpetrador,Hombre,Sin especificar,Sin especificar,650A,,null,,,,
IDA1428,650,Persona,Víctima,Hombre,Sin especificar,Político del Estado,650A,,null,,,,
IDA1429,651,Persona,Perpetrador,Hombre,Sin especificar,Sin especificar,"651A, 651B",,null,,,,
IDA1430,651,Persona,Víctima,Hombre,Sin especificar,Eclesiástico,651A,,null,,,,
IDA1431,652,Persona,Perpetrador,Hombre,Sin especificar,Sin especificar,"652A, 652B, 652C, 652D",,null,,,,
IDA1432,652,Persona,Perpetrador,Mujer,Sin especificar,Sin especificar,652A,,null,,,,
IDA1433,652,Persona,Perpetrador,Mujer,Sin especificar,Sin especificar,652B,,null,,,,
IDA1434,652,Persona,Víctima,Indeterminado,Indeterminado,Indeterminado,652C,1,null,,,,
IDA1435,655,Persona,Perpetrador,Hombre,Sin especificar,Sin especificar,"655A, 655B",,null,,,,
IDA1436,655,Persona,Perpetrador,Hombre,Sin especificar,Sin especificar,"655A, 655B",,null,,,,
IDA1437,655,Persona,Perpetrador,Hombre,Sin especificar,Sin especificar,"655A, 655B",,null,,,,
IDA1438,655,Institución,Víctima,null,null,null,655B,,La autoridad,,,,
IDA1439,656,Persona,Perpetrador,Hombre,Sin especificar,Sin especificar,656A,,null,,,,
IDA1440,656,Persona,Víctima,Mujer,Sin especificar,Sin especificar,656A,,null,,,,
IDA1441,657,Persona,Perpetrador,Hombre,Sin especificar,Sin especificar,"657A, 657B",,null,,,,
IDA1442,657,Persona,Perpetrador,Mujer,Sin especificar,Sin especificar,"657A, 657B",,null,,,,
IDA1443,657,Persona,Víctima,Hombre,Sin especificar,Sin especificar,657B,,null,,,,
IDA1444,658,Persona,Perpetrador,Hombre,Sin especificar,Sin especificar,658A,,null,,,,
IDA1445,658,Persona,Víctima,Hombre,Sin especificar,Sin especificar,658A,,null,,,,
IDA1446,659,Persona,Perpetrador,Hombre,Sin especificar,Sin especificar,"659A, 659B",,null,,,,
IDA1447,659,Persona,Víctima,Indeterminado,Indeterminado,Indeterminado,659B,1,null,,,,
IDA1448,661,Persona,Perpetrador,Hombre,Sin especificar,Sin especificar,"661A, 661B",,null,,,,
IDA1449,661,Persona,Víctima,Hombre,Sin especificar,Eclesiástico,661A,,null,,,,
IDA1450,663,Persona,Perpetrador,Hombre,Sin especificar,Sin especificar,663A,,null,,,,
IDA1451,663,Persona,Perpetrador,Hombre,Sin especificar,Sin especificar,663A,,null,,,,
IDA1452,663,Persona,Víctima,Indeterminado,Indeterminado,Indeterminado,663A,1,null,,,,
IDA1453,664,Persona,Perpetrador,Hombre,Sin especificar,Sin especificar,"664A, 664B",,null,,,,
IDA1454,664,Persona,Perpetrador,Mujer,Sin especificar,Sin especificar,"664A, 664B",,null,,,,
IDA1455,664,Persona,Víctima,Hombre,Esclavo,Sin especificar,"664A, 664B",,null,,,,
IDA1456,665,Persona,Perpetrador,Hombre,Sin especificar,Sin especificar,665A,,null,,,,
IDA1457,665,Persona,Perpetrador,Mujer,Sin especificar,Sin especificar,665A,,null,,,,
IDA1458,665,Persona,Víctima,Mujer,Sin especificar,Sin especificar,665A,,null,,,,
IDA1459,666,Persona,Perpetrador,Hombre,Sin especificar,Sin especificar,666A,,null,,,,
IDA1460,666,Persona,Víctima,Hombre,Sin especificar,Sin especificar,666A,,null,,,,
IDA1461,668,Persona,Perpetrador,Hombre,Sin especificar,Sin especificar,668A,,null,,,,
IDA1462,668,Población Completa,Víctima,null,null,null,668A,,null,,,,
IDA1463,669,Persona,Perpetrador,Hombre,Sin especificar,Sin especificar,669A,,null,,,,
IDA1464,669,Persona,Perpetrador,Hombre,Sin especificar,Sin especificar,669A,,null,,,,
IDA1465,669,Persona,Perpetrador,Hombre,Sin especificar,Sin especificar,669A,,null,,,,
IDA1466,670,Persona,Perpetrador,Hombre,Sin especificar,Fuerza armada,670A,,null,,,,
IDA1467,671,Persona,Perpetrador,Hombre,Sin especificar,Sin especificar,671A,1,null,,,,
IDA1468,671,Persona,Perpetrador,Indeterminado,Indeterminado,Indeterminado,671A,1,null,,,,
IDA1469,671,Persona,Perpetrador,Indeterminado,Indeterminado,Indeterminado,671A,1,null,,,,
IDA1470,671,Persona,Víctima,Hombre,Sin especificar,Sin especificar,671A,,null,,,,
IDA1471,672,Persona,Perpetrador,Hombre,Sin especificar,Sin especificar,"672A, 672B, 672C, 672D",,null,,,,
IDA1472,672,Persona,Víctima,Mujer,Sin especificar,Sin especificar,"672B, 672C",,null,,,,
IDA1473,672,Persona,Perpetrador,Mujer,Indígenas,Sin especificar,"672A, 672B, 672D",,null,,,,
IDA1474,673,Persona,Perpetrador,Hombre,Sin especificar,Sin especificar,673A,,null,,,,
IDA1475,673,Persona,Perpetrador,Indeterminado,Indeterminado,Indeterminado,673A,,null,,,,
IDA1476,673,Persona,Perpetrador,Indeterminado,Indeterminado,Indeterminado,673A,,null,,,,
IDA1477,673,Persona,Víctima,Hombre,Sin especificar,Sin especificar,673A,,null,,,,
IDA1478,674,Persona,Perpetrador,Hombre,Sin especificar,Político del Estado,"674A, 674B, 674C",,null,,674C,,
IDA1479,674,Persona,Víctima,Hombre,Sin especificar,Sin especificar,674C,,null,,674C,,
IDA1480,674,Persona,Perpetrador,Hombre,Sin especificar,Sin especificar,"674D, 674E",,null,,674C,,
IDA1481,674,Persona,Víctima,Hombre,Sin especificar,Político del Estado,"674D, 674E",,null,,674C,,
IDA1482,675,Persona,Perpetrador,Hombre,Sin especificar,Sin especificar,"675A, 675E",,null,,,,
IDA1483,675,Persona,Víctima,Mujer,Sin especificar,Sin especificar,675A,,null,,,,
IDA1484,675,Persona,Víctima,Mujer,Sin especificar,Sin especificar,675A,,null,,,,
IDA1485,675,Persona,Víctima,Mujer,Sin especificar,Sin especificar,675A,1,null,,,,
IDA1486,675,Persona,Víctima,Mujer,Sin especificar,Sin especificar,675A,1,null,,,,
IDA1487,675,Persona,Perpetrador,Indeterminado,Indeterminado,Indeterminado,675F,1,null,,,,
IDA1488,675,Persona,Perpetrador,Indeterminado,Indeterminado,Indeterminado,675F,1,null,,,,
IDA1489,676,Persona,Perpetrador,Hombre,Sin especificar,Sin especificar,676A,,null,,,,
IDA1490,676,Persona,Víctima,Hombre,Sin especificar,Sirviente/lacayo,676A,,null,,,,
IDA1491,677,Persona,Perpetrador,Hombre,Sin especificar,Sin especificar,677B,,null,,,,
IDA1492,678,Persona,Perpetrador,Hombre,Sin especificar,Sin especificar,678A,,null,,,,
IDA1493,678,Persona,Víctima,Hombre,Sin especificar,Sin especificar,678A,,null,,,,
IDA1494,679,Persona,Perpetrador,Hombre,Sin especificar,Sin especificar,679A,,null,,,,
IDA1495,679,Persona,Víctima,Hombre,Sin especificar,Político del Estado,679A,,null,,,,
IDA1496,681,Población Indígena Completa,Perpetrador,null,null,null,681A,,null,,,,
IDA1497,681,Institución,Víctima,null,null,null,681A,,La autoridad,,,,
IDA1498,682,Persona,Perpetrador,Hombre,Sin especificar,Sin especificar,"682A, 682B, 682C",,null,,,,
IDA1499,682,Persona,Perpetrador,Mujer,Sin especificar,Sin especificar,682A,,null,,,,
IDA1500,682,Persona,Víctima,Indeterminado,Indeterminado,Indeterminado,682A,1,null,,,,
IDA1501,682,Persona,Víctima,Indeterminado,Indeterminado,Indeterminado,682B,1,null,,,,
IDA1502,683,Persona,Perpetrador,Hombre,Sin especificar,Político del Estado,683A,,null,,683B,,
IDA1503,683,Persona,Perpetrador,Hombre,Sin especificar,Eclesiástico,683B,,null,,683B,,
IDA1504,683,Persona,Víctima,Hombre,Sin especificar,Político del Estado,683B,,null,,683B,,
IDA1505,684,Persona,Perpetrador,Hombre,Sin especificar,Sin especificar,684A,,null,,,,
IDA1506,684,Persona,Víctima,Hombre,Sin especificar,Sin especificar,684A,,null,,,,
IDA1507,685,Persona,Perpetrador,Hombre,Sin especificar,Sin especificar,685A,,null,,,,
IDA1508,686,Persona,Perpetrador,Hombre,Sin especificar,Sin especificar,686A,,null,,,,
IDA1509,686,Persona,Víctima,Hombre,Sin especificar,Político del Estado,686A,,null,,,,
IDA1510,687,Persona,Perpetrador,Hombre,Sin especificar,Sin especificar,"687A, 687B",,null,,,,
IDA1511,687,Persona,Víctima,Indeterminado,Indeterminado,Indeterminado,687A,1,null,,,,
IDA1512,688,Persona,Perpetrador,Hombre,Sin especificar,Sin especificar,688A,,null,,,,
IDA1513,688,Persona,Víctima,Hombre,Sin especificar,Sin especificar,688A,,null,,,,
IDA1514,689,Persona,Perpetrador,Hombre,Sin especificar,Sin especificar,689A,,null,,,,
IDA1515,689,Persona,Víctima,Hombre,Sin especificar,Sin especificar,689A,,null,,,,
IDA1516,690,Persona,Perpetrador,Hombre,Sin especificar,Sin especificar,690A,,null,,,,
IDA1517,690,Persona,Víctima,Hombre,Sin especificar,Sin especificar,690A,,null,,,,
IDA1518,691,Persona,Perpetrador,Hombre,Sin especificar,Sin especificar,"691A, 691B",,null,,,,
IDA1519,691,Persona,Perpetrador,Mujer,Sin especificar,Sin especificar,691A,,null,,,,
IDA1520,691,Persona,Víctima,Indeterminado,Indeterminado,Indeterminado,691B,1,null,,,,
IDA1521,692,Persona,Perpetrador,Hombre,Sin especificar,Sin especificar,692A,,null,,,,
IDA1522,692,Persona,Víctima,Indeterminado,Indeterminado,Indeterminado,692A,1,null,,,,
IDA1523,693,Persona,Perpetrador,Hombre,Sin especificar,Sin especificar,693A,,null,,,,
IDA1524,693,Persona,Víctima,Hombre,Sin especificar,Político del Estado,693A,,null,,,,
IDA1525,694,Persona,Perpetrador,Hombre,Sin especificar,Sin especificar,694A,,null,,,,
IDA1526,694,Persona,Víctima,Hombre,Sin especificar,Sin especificar,694A,,null,,,,
IDA1527,695,Persona,Perpetrador,Hombre,Sin especificar,Sin especificar,695A,,null,,,,
IDA1528,695,Persona,Perpetrador,Hombre,Sin especificar,Sin especificar,695A,,null,,,,
IDA1529,695,Persona,Víctima,Hombre,Sin especificar,Sin especificar,695A,,null,,,,
IDA1530,696,Persona,Perpetrador,Hombre,Sin especificar,Sin especificar,"696A, 696B",,null,,,,
IDA1531,696,Persona,Perpetrador,Mujer,Sin especificar,Sin especificar,"696A, 696B",,null,,,,
IDA1532,696,Persona,Víctima,Mujer,Sin especificar,Sin especificar,696B,,null,,,,
IDA1533,697,Persona,Perpetrador,Hombre,Sin especificar,Sin especificar,697A,,null,,,,
IDA1534,697,Persona,Víctima,Hombre,Sin especificar,Sin especificar,697A,,null,,,,
IDA1535,699,Persona,Perpetrador,Hombre,Sin especificar,Sin especificar,699A,,null,,,,
IDA1536,699,Persona,Víctima,Hombre,Sin especificar,Sin especificar,699A,,null,,,,
IDA1537,700,Persona,Perpetrador,Hombre,Sin especificar,Sin especificar,"700A, 700B",,null,,,,
IDA1538,700,Persona,Víctima,Hombre,Sin especificar,Sin especificar,"700A, 700B",,null,,,,
IDA1539,700,Persona,Víctima,Mujer,Sin especificar,Sin especificar,"700A, 700B",,null,,,,
IDA1540,701,Persona,Perpetrador,Mujer,Sin especificar,Sin especificar,"701A, 701B",,null,,701B,,
IDA1541,701,Persona,Perpetrador,Mujer,Sin especificar,Sin especificar,701A,,null,,701B,,
IDA1542,701,Persona,Víctima,Mujer,Sin especificar,Sin especificar,"701A, 701B",,null,,701B,,
IDA1543,701,Persona,Víctima,Mujer,Sin especificar,Sin especificar,701B,,null,,701B,,
IDA1544,702,Persona,Perpetrador,Hombre,Sin especificar,Político del Estado,702A,,null,,,,
IDA1545,702,Persona,Víctima,Hombre,Sin especificar,Sin especificar,702A,,null,,,,
IDA1546,703,Persona,Perpetrador,Hombre,Sin especificar,Sin especificar,703A,,null,,,,
IDA1547,703,Persona,Víctima,Indeterminado,Indeterminado,Indeterminado,703A,1,null,,,,
IDA1548,704,Persona,Perpetrador,Hombre,Sin especificar,Sin especificar,704A,,null,,,,
IDA1549,704,Persona,Perpetrador,Hombre,Sin especificar,Sin especificar,704A,,null,,,,
IDA1550,705,Persona,Perpetrador,Hombre,Sin especificar,Sin especificar,705A,,null,,705A,,
IDA1551,705,Persona,Perpetrador,Hombre,Sin especificar,Sin especificar,705A,,null,,705A,,
IDA1552,705,Persona,Perpetrador,Hombre,Sin especificar,Político del Estado,705B,,null,,705B,,
IDA1553,705,Persona,Víctima,Hombre,Sin especificar,Sin especificar,705B,,null,,705B,,
IDA1554,705,Persona,Víctima,Hombre,Sin especificar,Sin especificar,705B,,null,,705B,,
IDA1555,706,Persona,Perpetrador,Hombre,Sin especificar,Sin especificar,706A,,null,,,,
IDA1556,706,Persona,Perpetrador,Hombre,Esclavo,Sin especificar,706A,,null,,,,
IDA1557,706,Persona,Perpetrador,Hombre,Esclavo,Sin especificar,706A,,null,,,,
IDA1558,706,Persona,Víctima,Hombre,Sin especificar,Fuerza armada,706A,,null,,,,
IDA1559,707,Persona,Perpetrador,Hombre,Sin especificar,Sin especificar,707A,,null,,,,
IDA1560,707,Persona,Víctima,Hombre,Sin especificar,Sin especificar,707A,,null,,,,
IDA1561,708,Persona,Perpetrador,Mujer,Sin especificar,Sin especificar,708A,,null,,,,
IDA1562,708,Persona,Víctima,Hombre,Sin especificar,Sin especificar,708A,,null,,,,
IDA1563,709,Persona,Perpetrador,Hombre,Sin especificar,Político del Estado,"709A, 709B",,null,,709B,,
IDA1564,709,Persona,Víctima,Hombre,Sin especificar,Político del Estado,"709A, 709B",,null,,709B,,
IDA1565,710,Persona,Perpetrador,Hombre,Sin especificar,Sin especificar,"710A, 710B, 710C",,null,,,,
IDA1566,710,Persona,Víctima,Hombre,Sin especificar,Sin especificar,710A,,null,,,,
IDA1567,710,Persona,Víctima,Indeterminado,Indeterminado,Indeterminado,"710B, 710C",1,null,,,,
IDA1568,711,Persona,Perpetrador,Hombre,Sin especificar,Sin especificar,711A,,null,,,,
IDA1569,711,Persona,Víctima,Hombre,Sin especificar,Sin especificar,711A,,null,,,,
IDA1570,712,Persona,Perpetrador,Hombre,Sin especificar,Sin especificar,712A,,null,,,,
IDA1571,712,Persona,Perpetrador,Hombre,Sin especificar,Sin especificar,712A,,null,,,,
IDA1572,712,Persona,Víctima,Indeterminado,Indeterminado,Indeterminado,712A,1,null,,,,
IDA1573,713,Persona,Perpetrador,Hombre,Sin especificar,Sin especificar,713A,,null,,,,
IDA1574,713,Persona,Víctima,Hombre,Sin especificar,Sin especificar,713A,,null,,,,
IDA1575,714,Persona,Perpetrador,Hombre,Sin especificar,Sin especificar,714A,,null,,,,
IDA1576,714,Persona,Víctima,Hombre,Sin especificar,Sin especificar,714A,,null,,,,
IDA1577,715,Persona,Perpetrador,Hombre,Sin especificar,Sin especificar,"715A, 715B",,null,,,,
IDA1578,715,Persona,Víctima,Hombre,Sin especificar,Sin especificar,"715A, 715B",,null,,,,
IDA1579,715,Persona,Víctima,Hombre,Sin especificar,Sin especificar,"715A, 715B",,null,,,,
IDA1580,717,Persona,Perpetrador,Hombre,Sin especificar,Sin especificar,717A,,null,,,,
IDA1581,717,Persona,Perpetrador,Mujer,Sin especificar,Sin especificar,717A,,null,,,,
IDA1582,717,Persona,Víctima,Hombre,Sin especificar,Sin especificar,717A,,null,,,,
IDA1583,718,Persona,Perpetrador,Hombre,Sin especificar,Sin especificar,"718A, 718B",,null,,,,
IDA1584,718,Persona,Víctima,Mujer,Sin especificar,Sin especificar,718A,,null,,,,
IDA1585,718,Persona,Víctima,Hombre,Sin especificar,Político del Estado,718B,,null,,,,
IDA1586,719,Persona,Perpetrador,Hombre,Sin especificar,Sin especificar,"719A, 719B, 719C",,null,,,,
IDA1587,719,Persona,Víctima,Hombre,Sin especificar,Sin especificar,719A,,null,,,,
IDA1588,719,Persona,Víctima,Indeterminado,Indeterminado,Indeterminado,"719B, 719C",1,null,,,,
IDA1589,720,Persona,Perpetrador,Hombre,Sin especificar,Sin especificar,720A,,null,,,,
IDA1590,720,Persona,Víctima,Hombre,Sin especificar,Sin especificar,720A,,null,,,,
IDA1591,721,Persona,Perpetrador,Hombre,Sin especificar,Sin especificar,721A,,null,,,,
IDA1592,721,Persona,Víctima,Mujer,Sin especificar,Sin especificar,721A,,null,,,,
IDA1593,722,Persona,Perpetrador,Hombre,Sin especificar,Sin especificar,"722A, 722B",,null,,,,
IDA1594,722,Persona,Perpetrador,Mujer,Sin especificar,Sin especificar,722B,,null,,,,
IDA1595,722,Persona,Víctima,Hombre,Sin especificar,Sin especificar,722B,,null,,,,
IDA1596,723,Persona,Perpetrador,Hombre,Sin especificar,Sin especificar,723A,,null,,,,
IDA1597,723,Persona,Víctima,Hombre,Sin especificar,Sin especificar,723A,,null,,,,
IDA1598,724,Persona,Perpetrador,Mujer,Sin especificar,Sin especificar,724A,,null,,,,
IDA1599,724,Persona,Víctima,Hombre,Sin especificar,Sin especificar,724A,,null,,,,
IDA1600,725,Persona,Perpetrador,Hombre,Sin especificar,Sin especificar,725A,,null,,,,
IDA1601,725,Persona,Víctima,Hombre,Sin especificar,Sin especificar,725A,,null,,,,
IDA1602,726,Persona,Perpetrador,Hombre,Sin especificar,Sin especificar,"726A, 726B, 726C",,null,,,,
IDA1603,726,Persona,Víctima,Indeterminado,Indeterminado,Indeterminado,"726B, 726C",1,null,,,,
IDA1604,728,Persona,Perpetrador,Hombre,Sin especificar,Sirviente/lacayo,728A,,null,,,,
IDA1605,728,Persona,Víctima,Hombre,Sin especificar,Sin especificar,728A,,null,,,,
IDA1606,729,Persona,Perpetrador,Hombre,Sin especificar,Político del Estado,729A,,null,,,,
IDA1607,731,Persona,Perpetrador,Hombre,Sin especificar,Sin especificar,731A,,null,,,,
IDA1608,731,Persona,Víctima,Indeterminado,Indeterminado,Indeterminado,731A,1,null,,,,
IDA1609,732,Persona,Perpetrador,Hombre,Sin especificar,Sin especificar,732A,,null,,,,
IDA1610,732,Persona,Víctima,Hombre,Sin especificar,Sin especificar,732A,,null,,,,
IDA1611,733,Persona,Perpetrador,Hombre,Sin especificar,Sin especificar,"733A, 733B",,null,,,,
IDA1612,733,Persona,Perpetrador,Mujer,Sin especificar,Sin especificar,733A,,null,,,,
IDA1613,733,Persona,Víctima,Hombre,Sin especificar,Sin especificar,"733A, 733B",,null,,,,
IDA1614,733,Persona,Víctima,Mujer,Sin especificar,Sin especificar,733B,,null,,,,
IDA1615,733,Persona,Perpetrador,Hombre,Sin especificar,Sin especificar,"733B, 733A",,null,,,,
IDA1616,733,Persona,Víctima,Hombre,Sin especificar,Sin especificar,"733B, 733A",,null,,,,
IDA1617,733,Persona,Víctima,Mujer,Sin especificar,Sin especificar,733B,,null,,,,
IDA1618,733,Persona,Perpetrador,Mujer,Sin especificar,Sin especificar,733A,,null,,,,
IDA1619,734,Persona,Perpetrador,Hombre,Sin especificar,Sin especificar,"734A, 734B",1,null,,,,
IDA1620,734,Persona,Perpetrador,Mujer,Sin especificar,Sin especificar,"734A, 734B",1,null,,,,
IDA1621,734,Persona,Perpetrador,Mujer,Sin especificar,Sin especificar,"734A, 734B",1,null,,,,
IDA1622,734,Institución,Víctima,null,null,null,"734A, 734B",,La autoridad,,,,
IDA1623,735,Persona,Perpetrador,Hombre,Sin especificar,Sin especificar,735A,,null,,,,
IDA1624,735,Persona,Víctima,Hombre,Sin especificar,Sin especificar,735A,,null,,,,
IDA1625,736,Persona,Perpetrador,Hombre,Sin especificar,Sin especificar,736A,,null,,,,
IDA1626,736,Persona,Víctima,Mujer,Sin especificar,Sin especificar,736A,,null,,,,
IDA1627,738,Persona,Perpetrador,Hombre,Sin especificar,Sin especificar,738A,,null,,,,
IDA1628,738,Persona,Víctima,Hombre,Sin especificar,Sin especificar,738A,,null,,,,
IDA1629,739,Persona,Perpetrador,Hombre,Sin especificar,Sin especificar,739A,,null,,,,
IDA1630,739,Persona,Víctima,Indeterminado,Indeterminado,Indeterminado,739A,1,null,,,,
IDA1631,740,Persona,Perpetrador,Hombre,Sin especificar,Sin especificar,740A,,null,,,,
IDA1632,740,Persona,Víctima,Indeterminado,Indeterminado,Indeterminado,740A,1,null,,,,
IDA1633,741,Persona,Perpetrador,Indeterminado,Indeterminado,Indeterminado,741A,1,null,,,,
IDA1634,741,Persona,Víctima,Hombre,Sin especificar,Fuerza armada,"741A, 741B",1,null,,,,
IDA1635,741,Persona,Víctima,Indeterminado,Indeterminado,Indeterminado,"741A, 741B",1,null,,,,
IDA1636,741,Persona,Perpetrador,Hombre,Sin especificar,Político del Estado,741B,,null,,,,
IDA1637,742,Persona,Perpetrador,Hombre,Sin especificar,Sin especificar,742A,,null,,,,
IDA1638,742,Persona,Perpetrador,Mujer,Sin especificar,Sin especificar,742A,,null,,,,
IDA1639,743,Persona,Perpetrador,Hombre,Sin especificar,Sin especificar,743A,,null,,,,
IDA1640,743,Persona,Perpetrador,Mujer,Sin especificar,Sin especificar,743A,,null,,,,
IDA1641,744,Persona,Perpetrador,Hombre,Sin especificar,Sin especificar,744A,,null,,,,
IDA1642,744,Persona,Víctima,Hombre,Sin especificar,Sin especificar,744A,,null,,,,
IDA1643,745,Persona,Perpetrador,Hombre,Sin especificar,Sin especificar,745A,,null,,,,
IDA1644,745,Persona,Víctima,Hombre,Sin especificar,Sin especificar,745A,,null,,,,
IDA1645,746,Persona,Perpetrador,Hombre,Sin especificar,Político del Estado,746A,,null,,,,
IDA1646,746,Persona,Víctima,Hombre,Sin especificar,Sin especificar,746A,,null,,,,
IDA1647,747,Persona,Perpetrador,Hombre,Esclavo,Sin especificar,"747A, 747B",,null,,,,
IDA1648,747,Persona,Perpetrador,Hombre,Esclavo,Sin especificar,747A,,null,,,,
IDA1649,747,Persona,Víctima,Hombre,Sin especificar,Sin especificar,747A,,null,,,,
IDA1650,747,Persona,Víctima,Hombre,Esclavo,Sin especificar,747B,,null,,,,
IDA1651,747,Persona,Perpetrador,Hombre,Esclavo,Sin especificar,"747B, 747A",,null,,,,
IDA1652,747,Persona,Víctima,Hombre,Esclavo,Sin especificar,747B,,null,,,,
IDA1653,747,Persona,Perpetrador,Hombre,Esclavo,Sin especificar,747A,,null,,,,
IDA1654,747,Persona,Víctima,Hombre,Sin especificar,Sin especificar,747A,,null,,,,
IDA1655,748,Persona,Perpetrador,Hombre,Sin especificar,Sin especificar,748A,,null,,,,
IDA1656,749,Persona,Perpetrador,Hombre,Sin especificar,Político del Estado,749A,1,null,,,,
IDA1657,749,Persona,Perpetrador,Hombre,Sin especificar,Político del Estado,749A,1,null,,,,
IDA1658,749,Persona,Víctima,Hombre,Sin especificar,Político del Estado,749A,,null,,,,
IDA1659,750,Persona,Perpetrador,Hombre,Sin especificar,Sin especificar,750A,,null,,,,
IDA1660,750,Persona,Víctima,Hombre,Sin especificar,Político del Estado,750A,1,null,,,,
IDA1661,750,Persona,Víctima,Indeterminado,Indeterminado,Indeterminado,750A,1,null,,,,
IDA1662,751,Persona,Perpetrador,Hombre,Sin especificar,Sin especificar,751A,,null,,,,
IDA1663,751,Persona,Víctima,Hombre,Sin especificar,Sin especificar,751A,,null,,,,
IDA1664,752,Persona,Perpetrador,Hombre,Sin especificar,Sin especificar,752A,,null,,,,
IDA1665,752,Persona,Víctima,Hombre,Sin especificar,Sin especificar,752A,,null,,,,
IDA1666,753,Persona,Perpetrador,Hombre,Sin especificar,Sin especificar,"753A, 753B",,null,,,,
IDA1667,753,Persona,Víctima,Mujer,Sin especificar,Sin especificar,"753A, 753B",,null,,,,
IDA1668,754,Persona,Perpetrador,Hombre,Sin especificar,Sin especificar,754A,,null,,,,
IDA1669,754,Persona,Víctima,Hombre,Sin especificar,Sin especificar,754A,,null,,,,
IDA1670,755,Persona,Perpetrador,Hombre,Sin especificar,Sin especificar,"755A, 755B, 755C",,null,,755C,,
IDA1671,755,Persona,Víctima,Hombre,Sin especificar,Sin especificar,"755A, 755C",,null,,755C,,
IDA1672,755,Persona,Víctima,Hombre,Esclavo,Sin especificar,755B,,null,,755C,,
IDA1673,756,Persona,Perpetrador,Hombre,Sin especificar,Sin especificar,756A,,null,,,,
IDA1674,756,Persona,Víctima,Hombre,Sin especificar,Fuerza armada,756A,,null,,,,
IDA1675,757,Persona,Perpetrador,Hombre,Sin especificar,Sin especificar,757A,,null,,,,
IDA1676,757,Persona,Víctima,Hombre,Sin especificar,Sin especificar,757A,,null,,,,
IDA1677,757,Persona,Víctima,Hombre,Sin especificar,Sin especificar,757A,,null,,,,
IDA1678,758,Persona,Perpetrador,Hombre,Sin especificar,Político del Estado,758A,,null,,,,
IDA1679,758,Persona,Víctima,Hombre,Sin especificar,Sin especificar,758A,,null,,,,
IDA1680,758,Persona,Perpetrador,Hombre,Sin especificar,Político del Estado,758A,,null,,,,
IDA1681,759,Persona,Perpetrador,Hombre,Sin especificar,Sin especificar,759A,,null,,,,
IDA1682,760,Persona,Perpetrador,Hombre,Sin especificar,Sin especificar,760A,,null,,,,
IDA1683,760,Persona,Víctima,Hombre,Sin especificar,Político del Estado,760A,,null,,,,
IDA1684,761,Persona,Perpetrador,Hombre,Sin especificar,Sin especificar,761A,,null,,,,
IDA1685,761,Persona,Perpetrador,Hombre,Sin especificar,Sin especificar,761A,,null,,,,
IDA1686,761,Persona,Perpetrador,Hombre,Sin especificar,Sin especificar,761A,,null,,,,
IDA1687,761,Persona,Perpetrador,Hombre,Sin especificar,Sin especificar,761A,,null,,,,
IDA1688,761,Persona,Víctima,Indeterminado,Indeterminado,Indeterminado,761A,1,null,,,,
IDA1689,763,Persona,Perpetrador,Mujer,Sin especificar,Sin especificar,763A,,null,,,,
IDA1690,763,Persona,Víctima,Hombre,Sin especificar,Sin especificar,763A,,null,,,,
IDA1691,764,Persona,Perpetrador,Hombre,Sin especificar,Sin especificar,764A,,null,,,,
IDA1692,765,Persona,Perpetrador,Hombre,Sin especificar,Sin especificar,"765A, 765B",,null,,,,
IDA1693,765,Persona,Perpetrador,Mujer,Sin especificar,Sin especificar,765A,,null,,,,
IDA1694,765,Persona,Víctima,Indeterminado,Indeterminado,Indeterminado,765B,,null,,,,
IDA1695,765,Persona,Víctima,Indeterminado,Indeterminado,Indeterminado,765B,,null,,,,
IDA1696,766,Persona,Perpetrador,Hombre,Sin especificar,Sin especificar,"766A, 766C, 766D",,null,,766D,,
IDA1697,766,Persona,Víctima,Hombre,Sin especificar,Sin especificar,"766A, 766C, 766D",,null,,766D,,
IDA1698,767,Persona,Perpetrador,Hombre,Sin especificar,Sin especificar,"767A, 767B",,null,,,,
IDA1699,767,Persona,Víctima,Indeterminado,Indeterminado,Indeterminado,767A,1,null,,,,
IDA1700,767,Persona,Víctima,Mujer,Sin especificar,Sin especificar,767B,,null,,,,
IDA1701,768,Persona,Perpetrador,Hombre,Sin especificar,Sin especificar,"768A, 768B, 768C",,null,,,,
IDA1702,768,Persona,Víctima,Indeterminado,Indeterminado,Indeterminado,"768A, 768B",1,null,,,,
IDA1703,768,Institución,Víctima,null,null,null,768C,,La autoridad,,,,
IDA1704,769,Persona,Perpetrador,Hombre,Sin especificar,Sin especificar,769A,,null,,,,
IDA1705,769,Persona,Víctima,Hombre,Sin especificar,Sin especificar,769A,,null,,,,
IDA1706,770,Persona,Perpetrador,Hombre,Sin especificar,Sin especificar,770A,,null,,,,
IDA1707,770,Persona,Víctima,Indeterminado,Indeterminado,Indeterminado,770A,,null,,,,
IDA1708,771,Persona,Perpetrador,Hombre,Sin especificar,Sin especificar,"771A, 771B",,null,,,,
IDA1709,771,Persona,Víctima,Hombre,Sin especificar,Sin especificar,"771A, 771B",,null,,,,
IDA1710,772,Persona,Perpetrador,Hombre,Sin especificar,Sin especificar,"772A, 772C",,null,,,,
IDA1711,772,Persona,Víctima,Mujer,Sin especificar,Sin especificar,"772A, 772C",,null,,,,
IDA1712,772,Persona,Víctima,Mujer,Sin especificar,Sin especificar,772A,,null,,,,
IDA1713,772,Persona,Perpetrador,Hombre,Sin especificar,Político del Estado,772F,,null,,,,
IDA1714,772,Persona,Víctima,Hombre,Sin especificar,Sin especificar,772F,,null,,,,
IDA1715,772,Persona,Víctima,Hombre,Sin especificar,Sin especificar,772F,,null,,,,
IDA1716,773,Persona,Perpetrador,Hombre,Sin especificar,Sin especificar,"773A, 773B",,null,,,,
IDA1717,773,Institución,Víctima,null,null,null,773B,,La autoridad,,,,
IDA1718,774,Persona,Perpetrador,Hombre,Sin especificar,Sin especificar,774A,,null,,,,
IDA1719,774,Persona,Víctima,Indeterminado,Indeterminado,Indeterminado,774A,1,null,,,,
IDA1720,775,Persona,Perpetrador,Hombre,Sin especificar,Político del Estado,775A,,null,,,,
IDA1721,775,Persona,Víctima,Mujer,Sin especificar,Sin especificar,775A,,null,,,,
IDA1722,776,Persona,Perpetrador,Hombre,Sin especificar,Sin especificar,"776A, 776B",,null,,,,
IDA1723,776,Persona,Perpetrador,Hombre,Sin especificar,Sin especificar,"776A, 776B",,null,,,,
IDA1724,776,Institución,Víctima,null,null,null,776A,,Sementeras,,,,
IDA1725,776,Persona,Víctima,Hombre,Sin especificar,Político del Estado,776B,,null,,,,
IDA1726,777,Persona,Perpetrador,Hombre,Sin especificar,Sin especificar,777A,,null,,,,
IDA1727,777,Persona,Víctima,Hombre,Sin especificar,Sin especificar,777A,,null,,,,
IDA1728,778,Persona,Perpetrador,Hombre,Sin especificar,Sin especificar,"778A, 778B",,null,,,,
IDA1729,778,Persona,Víctima,Hombre,Sin especificar,Sin especificar,778A,,null,,,,
IDA1730,778,Persona,Víctima,Hombre,Sin especificar,Político del Estado,778B,,null,,,,
IDA1731,779,Persona,Perpetrador,Hombre,Sin especificar,Sin especificar,779A,,null,,,,
IDA1732,779,Persona,Víctima,Indeterminado,Indeterminado,Indeterminado,779A,1,null,,,,
IDA1733,780,Persona,Perpetrador,Hombre,Sin especificar,Sin especificar,"780A, 780B",,null,,,,
IDA1734,780,Persona,Perpetrador,Mujer,Sin especificar,Sin especificar,780A,,null,,,,
IDA1735,780,Persona,Víctima,Hombre,Sin especificar,Sin especificar,780A,,null,,,,
IDA1736,780,Persona,Víctima,Indeterminado,Indeterminado,Indeterminado,780B,1,null,,,,
IDA1737,781,Persona,Perpetrador,Hombre,Sin especificar,Sin especificar,781A,,null,,,,
IDA1738,781,Persona,Víctima,Hombre,Sin especificar,Sin especificar,781A,,null,,,,
IDA1739,782,Persona,Perpetrador,Hombre,Sin especificar,Sin especificar,782A,,null,,,,
IDA1740,782,Persona,Víctima,Hombre,Sin especificar,Sin especificar,782A,,null,,,,
IDA1741,783,Persona,Perpetrador,Hombre,Sin especificar,Sin especificar,"783A, 783B",,null,,,,
IDA1742,783,Persona,Perpetrador,Hombre,Sin especificar,Sin especificar,"783A, 783B",,null,,,,
IDA1743,783,Persona,Perpetrador,Hombre,Sin especificar,Sin especificar,"783A, 783B",,null,,,,
IDA1744,783,Persona,Víctima,Indeterminado,Indeterminado,Indeterminado,"783A, 783B",1,null,,,,
IDA1745,783,Persona,Víctima,Indeterminado,Indeterminado,Indeterminado,"783A, 783B",1,null,,,,
IDA1746,784,Persona,Perpetrador,Hombre,Sin especificar,Fuerza armada,784A,,null,,,,
IDA1747,785,Persona,Perpetrador,Hombre,Sin especificar,Sin especificar,785A,,null,,,,
IDA1748,785,Persona,Perpetrador,Hombre,Sin especificar,Sin especificar,785A,,null,,,,
IDA1749,785,Persona,Víctima,Hombre,Sin especificar,Sin especificar,785A,,null,,,,
IDA1750,786,Persona,Perpetrador,Hombre,Sin especificar,Sin especificar,786A,,null,,786A,,
IDA1751,786,Persona,Víctima,Mujer,Sin especificar,Sin especificar,786A,,null,,786A,,
IDA1752,786,Persona,Perpetrador,Mujer,Sin especificar,Sin especificar,786B,,null,,786A,,
IDA1753,787,Persona,Perpetrador,Mujer,Sin especificar,Sin especificar,787A,,null,,,,
IDA1754,787,Persona,Perpetrador,Hombre,Sin especificar,Sin especificar,787A,,null,,,,
IDA1755,787,Persona,Víctima,Hombre,Sin especificar,Sin especificar,787A,,null,,,,
IDA1756,788,Persona,Perpetrador,Mujer,Sin especificar,Sin especificar,788A,,null,,,,
IDA1757,788,Persona,Víctima,Indeterminado,Indeterminado,Indeterminado,788A,1,null,,,,
IDA1758,789,Persona,Perpetrador,Hombre,Sin especificar,Fuerza armada,789A,,null,,,,
IDA1759,789,Persona,Perpetrador,Hombre,Sin especificar,Fuerza armada,789A,,null,,,,
IDA1760,789,Persona,Perpetrador,Hombre,Sin especificar,Fuerza armada,789A,,null,,,,
IDA1761,790,Persona,Perpetrador,Hombre,Sin especificar,Político del Estado,"790A, 790B",,null,,,,
IDA1762,790,Persona,Víctima,Hombre,Sin especificar,Sin especificar,"790A, 790B",,null,,,,
IDA1763,791,Persona,Perpetrador,Hombre,Sin especificar,Sin especificar,791A,,null,,,,
IDA1764,792,Persona,Perpetrador,Hombre,Sin especificar,Sin especificar,792A,,null,,,,
IDA1765,792,Persona,Víctima,Hombre,Sin especificar,Sin especificar,792A,,null,,,,
IDA1766,793,Persona,Perpetrador,Hombre,Sin especificar,Sin especificar,793A,,null,,,,
IDA1767,793,Persona,Víctima,Mujer,Sin especificar,Sin especificar,793A,,null,,,,
IDA1768,794,Persona,Perpetrador,Hombre,Sin especificar,Sin especificar,794A,,null,,,,
IDA1769,794,Persona,Perpetrador,Mujer,Sin especificar,Sin especificar,794A,,null,,,,
IDA1770,795,Persona,Perpetrador,Hombre,Sin especificar,Sin especificar,"795A, 795B",,null,,795B,,
IDA1771,795,Persona,Víctima,Hombre,Sin especificar,Sin especificar,"795A, 795B",,null,,795B,,
IDA1772,796,Persona,Perpetrador,Hombre,Sin especificar,Sin especificar,796A,,null,,,,
IDA1773,796,Persona,Víctima,Indeterminado,Indeterminado,Indeterminado,796A,1,null,,,,
IDA1774,797,Persona,Perpetrador,Mujer,Sin especificar,Sin especificar,"797A, 797B",,null,,,,
IDA1775,797,Persona,Víctima,Hombre,Sin especificar,Sin especificar,"797A, 797B",,null,,,,
IDA1776,798,Persona,Perpetrador,Hombre,Sin especificar,Sin especificar,798A,,null,,,,
IDA1777,798,Persona,Víctima,Hombre,Sin especificar,Político del Estado,798A,,null,,,,
IDA1778,799,Persona,Perpetrador,Hombre,Sin especificar,Sin especificar,799A,,null,,,,
IDA1779,799,Persona,Perpetrador,Hombre,Sin especificar,Sin especificar,799A,,null,,,,
IDA1780,799,Persona,Víctima,Hombre,Sin especificar,Sin especificar,799A,,null,,,,
IDA1781,800,Persona,Perpetrador,Hombre,Sin especificar,Político del Estado,"800A, 800B",,null,,,,
IDA1782,800,Persona,Víctima,Mujer,Sin especificar,Sin especificar,"800A, 800B",,null,,,,
IDA1783,801,Persona,Perpetrador,Hombre,Sin especificar,Sin especificar,801A,,null,,,,
IDA1784,801,Institución,Víctima,null,null,null,801A,,Iglesia,,,,
IDA1785,802,Persona,Perpetrador,Hombre,Sin especificar,Sin especificar,802A,,null,,,,
IDA1786,802,Persona,Víctima,Hombre,Sin especificar,Eclesiástico,802A,,null,,,,
IDA1787,803,Persona,Perpetrador,Hombre,Sin especificar,Fuerza armada,803A,,null,,,,
IDA1788,803,Persona,Víctima,Hombre,Sin especificar,Político del Estado,803A,,null,,,,
IDA1789,804,Persona,Perpetrador,Hombre,Sin especificar,Sin especificar,804A,,null,,,,
IDA1790,804,Persona,Víctima,Indeterminado,Indeterminado,Indeterminado,804A,1,null,,,,
IDA1791,805,Persona,Perpetrador,Hombre,Sin especificar,Político del Estado,805A,,null,,,,
IDA1792,805,Persona,Víctima,Hombre,Sin especificar,Sin especificar,805A,,null,,,,
IDA1793,805,Persona,Víctima,Hombre,Sin especificar,Sin especificar,805A,,null,,,,
IDA1794,806,Persona,Perpetrador,Hombre,Sin especificar,Sin especificar,806A,1,null,,,,
IDA1795,806,Persona,Perpetrador,Hombre,Esclavo,Sin especificar,806A,1,null,,,,
IDA1796,806,Persona,Perpetrador,Hombre,Esclavo,Sin especificar,806A,1,null,,,,
IDA1797,806,Persona,Víctima,Hombre,Sin especificar,Eclesiástico,806A,,null,,,,
IDA1798,807,Persona,Perpetrador,Hombre,Sin especificar,Sin especificar,807A,,null,,,,
IDA1799,807,Persona,Víctima,Hombre,Sin especificar,Político del Estado,807A,,null,,,,
IDA1800,808,Persona,Perpetrador,Hombre,Sin especificar,Sin especificar,808A,,null,,,,
IDA1801,808,Persona,Víctima,Hombre,Sin especificar,Sin especificar,808A,,null,,,,
IDA1802,809,Persona,Perpetrador,Hombre,Sin especificar,Político del Estado,809A,1,null,,,,
IDA1803,809,Persona,Perpetrador,Indeterminado,Indeterminado,Indeterminado,809A,1,null,,,,
IDA1804,809,Persona,Perpetrador,Indeterminado,Indeterminado,Indeterminado,809A,1,null,,,,
IDA1805,810,Persona,Perpetrador,Hombre,Sin especificar,Sin especificar,810A,,null,,,,
IDA1806,810,Persona,Víctima,Hombre,Sin especificar,Sin especificar,810A,,null,,,,
IDA1807,811,Persona,Perpetrador,Hombre,Sin especificar,Sin especificar,811A,,null,,,,
IDA1808,811,Persona,Víctima,Hombre,Sin especificar,Sin especificar,811A,,null,,,,
IDA1809,812,Persona,Perpetrador,Hombre,Sin especificar,Sin especificar,812A,,null,,,,
IDA1810,812,Persona,Víctima,Hombre,Sin especificar,Sin especificar,812A,,null,,,,
IDA1811,813,Persona,Perpetrador,Indeterminado,Indeterminado,Indeterminado,813A,1,null,,,,
IDA1812,813,Persona,Perpetrador,Indeterminado,Indeterminado,Indeterminado,813A,1,null,,,,
IDA1813,813,Persona,Víctima,Hombre,Sin especificar,Sin especificar,813A,,null,,,,
IDA1814,813,Persona,Víctima,Hombre,Sin especificar,Sin especificar,813A,,null,,,,
IDA1815,814,Persona,Perpetrador,Hombre,Sin especificar,Sin especificar,"814A, 814B",,null,,,,
IDA1816,814,Persona,Víctima,Indeterminado,Indeterminado,Indeterminado,"814A, 814B",1,null,,,,
IDA1817,814,Persona,Perpetrador,Mujer,Sin especificar,Sin especificar,814B,,null,,,,
IDA1818,815,Persona,Perpetrador,Hombre,Sin especificar,Político del Estado,815A,,null,,,,
IDA1819,815,Persona,Víctima,Hombre,Sin especificar,Sin especificar,815A,,null,,,,
IDA1820,816,Persona,Perpetrador,Hombre,Sin especificar,Sin especificar,816A,,null,,,,
IDA1821,816,Persona,Víctima,Indeterminado,Indeterminado,Indeterminado,816A,1,null,,,,
IDA1822,817,Persona,Perpetrador,Hombre,Sin especificar,Sin especificar,817A,,null,,,,
IDA1823,817,Persona,Víctima,Hombre,Sin especificar,Político del Estado,817A,,null,,,,
IDA1824,819,Persona,Perpetrador,Hombre,Sin especificar,Sin especificar,819A,,null,,,,
IDA1825,819,Persona,Perpetrador,Mujer,Esclavo,Sin especificar,819A,,null,,,,
IDA1826,819,Persona,Víctima,Mujer,Sin especificar,Sin especificar,819A,,null,,,,
IDA1827,821,Persona,Perpetrador,Hombre,Sin especificar,Sin especificar,821A,,null,,,,
IDA1828,821,Persona,Víctima,Indeterminado,Indeterminado,Indeterminado,821A,1,null,,,,
IDA1829,822,Persona,Perpetrador,Hombre,Sin especificar,Sin especificar,822A,,null,,,,
IDA1830,822,Persona,Víctima,Hombre,Sin especificar,Sin especificar,822A,1,null,,,,
IDA1831,822,Persona,Víctima,Mujer,Sin especificar,Sin especificar,822A,1,null,,,,
IDA1832,822,Persona,Víctima,Indeterminado,Indeterminado,Indeterminado,822A,1,null,,,,
IDA1833,822,Persona,Víctima,Indeterminado,Indeterminado,Indeterminado,822A,1,null,,,,
IDA1834,823,Persona,Perpetrador,Hombre,Sin especificar,Sin especificar,823A,,null,,,,
IDA1835,823,Persona,Víctima,Hombre,Sin especificar,Político del Estado,823A,,null,,,,
IDA1836,824,Persona,Perpetrador,Hombre,Sin especificar,Sin especificar,824A,1,null,,,,
IDA1837,824,Persona,Perpetrador,Hombre,Esclavo,Sin especificar,824A,1,null,,,,
IDA1838,824,Persona,Perpetrador,Hombre,Esclavo,Sin especificar,824A,1,null,,,,
IDA1839,824,Persona,Víctima,Indeterminado,Indeterminado,Indeterminado,824A,1,null,,,,
IDA1840,824,Persona,Víctima,Indeterminado,Indeterminado,Indeterminado,824A,1,null,,,,
IDA1841,825,Persona,Perpetrador,Hombre,Sin especificar,Sin especificar,"825A, 825B",,null,,,,
IDA1842,825,Persona,Perpetrador,Mujer,Sin especificar,Sin especificar,"825A, 825B",,null,,,,
IDA1843,825,Persona,Víctima,Hombre,Sin especificar,Sin especificar,825B,,null,,,,
IDA1844,828,Persona,Perpetrador,Hombre,Sin especificar,Sin especificar,828A,,null,,,,
IDA1845,828,Persona,Víctima,Hombre,Sin especificar,Sin especificar,828A,,null,,,,
IDA1846,829,Persona,Perpetrador,Hombre,Sin especificar,Sin especificar,"829A, 829B",,null,,,,
IDA1847,829,Persona,Víctima,Mujer,Sin especificar,Sin especificar,"829A, 829B",,null,,,,
IDA1848,830,Persona,Perpetrador,Hombre,Sin especificar,Sin especificar,830A,,null,,830A,,
IDA1849,830,Persona,Víctima,Hombre,Sin especificar,Político del Estado,830A,,null,,830A,,
IDA1850,830,Persona,Perpetrador,Hombre,Sin especificar,Político del Estado,830B,,null,,830B,,
IDA1851,830,Persona,Víctima,Hombre,Sin especificar,Sin especificar,830B,,null,,830B,,
IDA1852,831,Persona,Perpetrador,Hombre,Sin especificar,Sin especificar,831A,,null,,,,
IDA1853,831,Persona,Perpetrador,Hombre,Sin especificar,Sin especificar,831A,,null,,,,
IDA1854,831,Persona,Perpetrador,Hombre,Sin especificar,Sin especificar,831A,,null,,,,
IDA1855,831,Persona,Víctima,Indeterminado,Indeterminado,Indeterminado,831A,1,null,,,,
IDA1856,832,Persona,Perpetrador,Mujer,Sin especificar,Sin especificar,832A,,null,,,,
IDA1857,832,Persona,Víctima,Hombre,Sin especificar,Sin especificar,832A,,null,,,,
IDA1858,833,Persona,Perpetrador,Hombre,Sin especificar,Sin especificar,833A,,null,,,,
IDA1859,833,Persona,Perpetrador,Hombre,Sin especificar,Sin especificar,833A,,null,,,,
IDA1860,833,Persona,Víctima,Hombre,Sin especificar,Sin especificar,833A,,null,,,,
IDA1861,834,Persona,Perpetrador,Hombre,Sin especificar,Sin especificar,834A,,null,,,,
IDA1862,834,Persona,Víctima,Hombre,Sin especificar,Sin especificar,834A,,null,,,,
IDA1863,834,Persona,Perpetrador,Hombre,Sin especificar,Político del Estado,834B,,null,,,,
IDA1864,835,Persona,Perpetrador,Hombre,Sin especificar,Sin especificar,835A,,null,,,,
IDA1865,835,Persona,Perpetrador,Hombre,Sin especificar,Sin especificar,835A,,null,,,,
IDA1866,835,Persona,Víctima,Indeterminado,Indeterminado,Indeterminado,835A,1,null,,,,
IDA1867,836,Persona,Perpetrador,Hombre,Sin especificar,Sin especificar,836A,,null,,,,
IDA1868,836,Persona,Víctima,Mujer,Sin especificar,Sin especificar,836A,,null,,,,
IDA1869,836,Persona,Víctima,Mujer,Sin especificar,Sin especificar,836A,,null,,,,
IDA1870,837,Persona,Perpetrador,Hombre,Sin especificar,Sin especificar,"837A, 837B",,null,,,,
IDA1871,837,Persona,Víctima,Mujer,Sin especificar,Sin especificar,"837A, 837B",,null,,,,
IDA1872,838,Persona,Perpetrador,Hombre,Sin especificar,Sin especificar,"838A, 838B",,null,,838A,,
IDA1873,838,Persona,Perpetrador,Mujer,Sin especificar,Sin especificar,838A,,null,,838A,,
IDA1874,838,Persona,Víctima,Hombre,Sin especificar,Sin especificar,"838A, 838C, 838D",,null,,838A,,
IDA1875,838,Persona,Víctima,Mujer,Sin especificar,Sin especificar,838B,,null,,838A,,
IDA1876,838,Persona,Perpetrador,Hombre,Sin especificar,Político del Estado,"838C, 838D",,null,,838A,,
IDA1877,839,Persona,Perpetrador,Hombre,Sin especificar,Sin especificar,839A,,null,,,,
IDA1878,839,Persona,Víctima,Mujer,Sin especificar,Sin especificar,839A,,null,,,,
IDA1879,840,Persona,Perpetrador,Hombre,Sin especificar,Sin especificar,840A,,null,,,,
IDA1880,840,Persona,Víctima,Indeterminado,Indeterminado,Indeterminado,840A,1,null,,,,
IDA1881,840,Persona,Perpetrador,Indeterminado,Indeterminado,Indeterminado,840B,1,null,,,,
IDA1882,840,Persona,Perpetrador,Indeterminado,Indeterminado,Indeterminado,840B,1,null,,,,
IDA1883,840,Persona,Víctima,Hombre,Sin especificar,Sin especificar,840B,,null,,,,
IDA1884,840,Persona,Víctima,Hombre,Sin especificar,Sin especificar,840B,,null,,,,
IDA1885,840,Persona,Perpetrador,Hombre,Sin especificar,Sin especificar,840A,,null,,,,
IDA1886,841,Persona,Perpetrador,Mujer,Sin especificar,Sin especificar,841A,,null,,,,
IDA1887,841,Persona,Perpetrador,Hombre,Sin especificar,Sin especificar,841A,,null,,,,
IDA1888,841,Persona,Perpetrador,Hombre,Sin especificar,Sin especificar,841A,,null,,,,
IDA1889,841,Persona,Perpetrador,Indeterminado,Indeterminado,Indeterminado,841A,,null,,,,
IDA1890,841,Persona,Perpetrador,Indeterminado,Indeterminado,Indeterminado,841A,,null,,,,
IDA1891,841,Persona,Perpetrador,Hombre,Sin especificar,Político del Estado,841B,,null,,,,
IDA1892,841,Persona,Víctima,Mujer,Sin especificar,Sin especificar,841B,,null,,,,
IDA1893,841,Persona,Víctima,Indeterminado,Indeterminado,Indeterminado,841B,,null,,,,
IDA1894,841,Persona,Víctima,Indeterminado,Indeterminado,Indeterminado,841B,,null,,,,
IDA1895,841,Persona,Víctima,Hombre,Sin especificar,Sin especificar,841B,,null,,,,
IDA1896,841,Persona,Víctima,Hombre,Sin especificar,Sin especificar,841B,,null,,,,
IDA1897,841,Persona,Perpetrador,Hombre,Sin especificar,Político del Estado,841B,,null,,,,
IDA1898,841,Persona,Víctima,Mujer,Sin especificar,Sin especificar,841B,,null,,,,
IDA1899,841,Persona,Víctima,Hombre,Sin especificar,Sin especificar,841B,,null,,,,
IDA1900,841,Persona,Víctima,Hombre,Sin especificar,Sin especificar,841B,,null,,,,
IDA1901,841,Persona,Perpetrador,Mujer,Sin especificar,Sin especificar,841A,,null,,,,
IDA1902,841,Persona,Perpetrador,Hombre,Sin especificar,Sin especificar,841A,,null,,,,
IDA1903,841,Persona,Perpetrador,Hombre,Sin especificar,Sin especificar,841A,,null,,,,
IDA1904,842,Persona,Perpetrador,Hombre,Sin especificar,Sin especificar,842A,,null,,,,
IDA1905,842,Persona,Perpetrador,Mujer,Sin especificar,Sin especificar,842A,,null,,,,
IDA1906,843,Persona,Perpetrador,Hombre,Sin especificar,Sin especificar,"843A, 843B",,null,,,,
IDA1907,843,Persona,Perpetrador,Hombre,Sin especificar,Sin especificar,"843A, 843B",,null,,,,
IDA1908,843,Persona,Perpetrador,Indeterminado,Indeterminado,Indeterminado,"843A, 843B",,null,,,,
IDA1909,843,Persona,Perpetrador,Indeterminado,Indeterminado,Indeterminado,"843A, 843B",,null,,,,
IDA1910,843,Persona,Víctima,Indeterminado,Indeterminado,Indeterminado,843A,1,null,,,,
IDA1911,843,Institución,Víctima,null,null,null,843B,,La autoridad,,,,
IDA1912,844,Persona,Perpetrador,Hombre,Sin especificar,Político del Estado,844A,,null,,,,
IDA1913,844,Persona,Víctima,Mujer,Sin especificar,Sin especificar,844A,,null,,,,
IDA1914,845,Persona,Perpetrador,Hombre,Sin especificar,Sin especificar,845A,,null,,,,
IDA1915,845,Persona,Víctima,Hombre,Sin especificar,Sin especificar,845A,,null,,,,
IDA1916,846,Persona,Perpetrador,Hombre,Sin especificar,Sin especificar,846A,,null,,,,
IDA1917,846,Persona,Perpetrador,Hombre,Sin especificar,Sin especificar,846A,,null,,,,
IDA1918,846,Persona,Víctima,Hombre,Sin especificar,Sin especificar,846A,,null,,,,
IDA1919,847,Persona,Perpetrador,Hombre,Sin especificar,Sin especificar,"847A, 847B, 847C",,null,,,,
IDA1920,847,Persona,Víctima,Indeterminado,Indeterminado,Indeterminado,847A,1,null,,,,
IDA1921,849,Persona,Perpetrador,Hombre,Sin especificar,Sin especificar,849A,,null,,,,
IDA1922,849,Persona,Víctima,Hombre,Sin especificar,Eclesiástico,849A,,null,,,,
IDA1923,850,Persona,Perpetrador,Hombre,Sin especificar,Sin especificar,850A,,null,,,,
IDA1924,851,Persona,Perpetrador,Hombre,Esclavo,Sin especificar,851A,,null,,,,
IDA1925,851,Persona,Perpetrador,Hombre,Esclavo,Sin especificar,851A,,null,,,,
IDA1926,851,Persona,Víctima,Hombre,Sin especificar,Sin especificar,851A,,null,,,,
IDA1927,852,Persona,Perpetrador,Mujer,Sin especificar,Sin especificar,"852A, 852B",,null,,,,
IDA1928,852,Persona,Víctima,Mujer,Sin especificar,Sin especificar,"852A, 852B",,null,,,,
IDA1929,853,Persona,Perpetrador,Hombre,Sin especificar,Sin especificar,853A,,null,,,,
IDA1930,853,Persona,Perpetrador,Mujer,Sin especificar,Sin especificar,853A,,null,,,,
IDA1931,853,Persona,Víctima,Hombre,Sin especificar,Sin especificar,853A,,null,,,,
IDA1932,854,Persona,Perpetrador,Hombre,Sin especificar,Político del Estado,854A,,null,,,,
IDA1933,854,Persona,Víctima,Hombre,Sin especificar,Sin especificar,854A,,null,,,,
IDA1934,855,Persona,Perpetrador,Mujer,Sin especificar,Sin especificar,855A,,null,,,,
IDA1935,855,Persona,Víctima,Mujer,Sin especificar,Sin especificar,855A,,null,,,,
IDA1936,856,Persona,Perpetrador,Hombre,Sin especificar,Sin especificar,856A,,null,,,,
IDA1937,856,Persona,Perpetrador,Hombre,Sin especificar,Sin especificar,856A,,null,,,,
IDA1938,856,Persona,Perpetrador,Hombre,Sin especificar,Sin especificar,856A,,null,,,,
IDA1939,856,Persona,Perpetrador,Hombre,Sin especificar,Sin especificar,856A,,null,,,,
IDA1940,856,Persona,Víctima,Indeterminado,Indeterminado,Indeterminado,856A,1,null,,,,
IDA1941,857,Persona,Perpetrador,Hombre,Sin especificar,Sin especificar,857A,,null,,,,
IDA1942,857,Persona,Víctima,Mujer,Sin especificar,Sin especificar,857A,,null,,,,
IDA1943,858,Persona,Perpetrador,Hombre,Sin especificar,Sin especificar,858A,,null,,,,
IDA1944,858,Persona,Víctima,Mujer,Sin especificar,Sin especificar,858A,,null,,,,
IDA1945,859,Persona,Perpetrador,Hombre,Sin especificar,Sin especificar,859A,,null,,,,
IDA1946,859,Persona,Víctima,Mujer,Sin especificar,Sin especificar,859A,,null,,,,
IDA1947,860,Persona,Perpetrador,Hombre,Sin especificar,Sin especificar,"860A, 860B, 860C",,null,,,,
IDA1948,860,Persona,Víctima,Indeterminado,Indeterminado,Indeterminado,860A,1,null,,,,
IDA1949,860,Persona,Perpetrador,Mujer,Sin especificar,Sin especificar,860C,,null,,,,
IDA1950,860,Persona,Perpetrador,Mujer,Sin especificar,Sin especificar,860D,,null,,,,
IDA1951,861,Persona,Perpetrador,Hombre,Sin especificar,Sin especificar,"861A, 861B",,null,,,,
IDA1952,861,Persona,Víctima,Hombre,Sin especificar,Sin especificar,"861A, 861B",,null,,,,
IDA1953,862,Persona,Perpetrador,Hombre,Sin especificar,Sin especificar,"862A, 862B",,null,,,,
IDA1954,862,Persona,Víctima,Indeterminado,Indeterminado,Indeterminado,"862A, 862B",1,null,,,,
IDA1955,862,Persona,Perpetrador,Hombre,Sin especificar,Político del Estado,862C,,null,,,,
IDA1956,862,Persona,Víctima,Hombre,Sin especificar,Sin especificar,862C,,null,,,,
IDA1957,862,Persona,Perpetrador,Hombre,Sin especificar,Sin especificar,"862B, 862A",,null,,,,
IDA1958,862,Persona,Perpetrador,Hombre,Sin especificar,Político del Estado,862C,,null,,,,
IDA1959,862,Persona,Víctima,Hombre,Sin especificar,Sin especificar,862C,,null,,,,
IDA1960,863,Persona,Perpetrador,Hombre,Sin especificar,Sin especificar,863A,,null,,,,
IDA1961,863,Persona,Víctima,Hombre,Sin especificar,Sin especificar,863A,1,null,,,,
IDA1962,863,Persona,Víctima,Indeterminado,Indeterminado,Indeterminado,863A,1,null,,,,
IDA1963,863,Persona,Víctima,Indeterminado,Indeterminado,Indeterminado,863A,1,null,,,,
IDA1964,864,Persona,Perpetrador,Hombre,Sin especificar,Sin especificar,864A,,null,,,,
IDA1965,864,Persona,Víctima,Hombre,Sin especificar,Sin especificar,864A,,null,,,,
IDA1966,866,Persona,Perpetrador,Hombre,Sin especificar,Sin especificar,866A,,null,,,,
IDA1967,866,Persona,Víctima,Hombre,Sin especificar,Sin especificar,866A,,null,,,,
IDA1968,867,Persona,Perpetrador,Mujer,Sin especificar,Sin especificar,867A,,null,,,,
IDA1969,867,Persona,Perpetrador,Mujer,Sin especificar,Sin especificar,867A,,null,,,,
IDA1970,867,Persona,Perpetrador,Mujer,Sin especificar,Sin especificar,867A,,null,,,,
IDA1971,867,Institución,Víctima,null,null,null,867A,,Administración de Tabaco/Aguardiente/Correos,,,,
IDA1972,868,Persona,Perpetrador,Hombre,Sin especificar,Sin especificar,868A,,null,,,,
IDA1973,868,Persona,Víctima,Hombre,Sin especificar,Sin especificar,868A,,null,,,,
IDA1974,869,Persona,Perpetrador,Hombre,Sin especificar,Sin especificar,"869A, 869B",1,null,,,,
IDA1975,869,Persona,Perpetrador,Indeterminado,Indeterminado,Indeterminado,"869A, 869B",1,null,,,,
IDA1976,869,Persona,Perpetrador,Indeterminado,Indeterminado,Indeterminado,"869A, 869B",1,null,,,,
IDA1977,869,Persona,Víctima,Indeterminado,Indeterminado,Indeterminado,"869A, 869B",1,null,,,,
IDA1978,870,Persona,Perpetrador,Mujer,Sin especificar,Sin especificar,870A,1,null,,,,
IDA1979,870,Persona,Perpetrador,Mujer,Sin especificar,Sin especificar,870A,1,null,,,,
IDA1980,870,Persona,Perpetrador,Mujer,Sin especificar,Sin especificar,870A,1,null,,,,
IDA1981,870,Persona,Perpetrador,Hombre,Sin especificar,Político del Estado,870B,,null,,,,
IDA1982,870,Persona,Víctima,Mujer,Sin especificar,Sin especificar,870B,,null,,,,
IDA1983,870,Persona,Perpetrador,Hombre,Sin especificar,Político del Estado,870B,,null,,,,
IDA1984,870,Persona,Víctima,Mujer,Sin especificar,Sin especificar,870B,,null,,,,
IDA1985,870,Persona,Perpetrador,Mujer,Sin especificar,Sin especificar,870A,1,null,,,,
IDA1986,870,Persona,Perpetrador,Mujer,Sin especificar,Sin especificar,870A,1,null,,,,
IDA1987,870,Persona,Perpetrador,Mujer,Sin especificar,Sin especificar,870A,1,null,,,,
IDA1988,871,Persona,Perpetrador,Hombre,Sin especificar,Sin especificar,871A,,null,,,,
IDA1989,872,Persona,Perpetrador,Hombre,Sin especificar,Sin especificar,872A,,null,,,,
IDA1990,872,Persona,Perpetrador,Mujer,Sin especificar,Sin especificar,872A,,null,,,,
IDA1991,873,Persona,Perpetrador,Hombre,Sin especificar,Sin especificar,873A,,null,,,,
IDA1992,873,Persona,Víctima,Hombre,Sin especificar,Sin especificar,873A,,null,,,,
IDA1993,874,Persona,Perpetrador,Hombre,Sin especificar,Sin especificar,"874A, 874B, 874C",,null,,,,
IDA1994,874,Institución,Víctima,null,null,null,"874A, 874B",,La autoridad,,,,
IDA1995,874,Persona,Víctima,Hombre,Sin especificar,Político del Estado,874C,,null,,,,
IDA1996,875,Persona,Perpetrador,Hombre,Sin especificar,Sin especificar,875A,,null,,,,
IDA1997,875,Persona,Perpetrador,Hombre,Sin especificar,Sin especificar,875A,,null,,,,
IDA1998,875,Persona,Víctima,Indeterminado,Indeterminado,Indeterminado,875A,1,null,,,,
IDA1999,876,Persona,Perpetrador,Hombre,Sin especificar,Sin especificar,876A,,null,,,,
IDA2000,876,Persona,Víctima,Indeterminado,Indeterminado,Indeterminado,876A,1,null,,,,
IDA2001,877,Persona,Perpetrador,Hombre,Sin especificar,Sin especificar,877A,,null,,,,
IDA2002,877,Persona,Perpetrador,Mujer,Sin especificar,Sin especificar,877A,,null,,,,
IDA2003,878,Persona,Perpetrador,Hombre,Sin especificar,Sin especificar,"878A, 878B, 878C, 878D",,null,,,,
IDA2004,878,Persona,Víctima,Mujer,Sin especificar,Sin especificar,"878A, 878B",,null,,,,
IDA2005,878,Persona,Perpetrador,Mujer,Sin especificar,Sin especificar,"878C, 878D",,null,,,,
IDA2006,878,Persona,Víctima,Hombre,Sin especificar,Sin especificar,"878C, 878D",,null,,,,
IDA2007,879,Persona,Perpetrador,Hombre,Sin especificar,Sin especificar,879A,,null,,,,
IDA2008,879,Persona,Víctima,Hombre,Sin especificar,Sin especificar,879A,,null,,,,
IDA2009,880,Persona,Perpetrador,Hombre,Sin especificar,Sin especificar,880A,,null,,,,
IDA2010,880,Persona,Víctima,Indeterminado,Indeterminado,Indeterminado,880A,,null,,,,
IDA2011,881,Persona,Perpetrador,Hombre,Sin especificar,Sin especificar,"881A, 881B",,null,,,,
IDA2012,881,Persona,Víctima,Indeterminado,Indeterminado,Indeterminado,881A,1,null,,,,
IDA2013,882,Persona,Perpetrador,Hombre,Sin especificar,Sin especificar,882A,,null,,,,
IDA2014,882,Persona,Víctima,Hombre,Sin especificar,Sin especificar,882A,,null,,,,
IDA2015,883,Persona,Perpetrador,Hombre,Sin especificar,Político del Estado,"883A, 883B, 883C, 883E, 883F, 883I, 883J, 883K, 883O, 883P, 883Q, 883R",,null,Víctima,"883L, 883S",Contrademanda,Roldan 
IDA2016,883,Persona,Perpetrador,Mujer,Sin especificar,Sin especificar,"883A, 883B, 883M, 883Q, 883R",,null,Víctima,883F,Otros crímenes,Vicenta
IDA2017,883,Persona,Víctima,Mujer,Sin especificar,Sin especificar,883A,,null,,,,esposa de Roldan 
IDA2018,883,Persona,Víctima,Indeterminado,Indeterminado,Indeterminado,883B,,null,,,,bebe no nacido de Vicenta
IDA2019,883,Persona,Perpetrador,Mujer,Sin especificar,Sin especificar,"883D, 883E, 883I",,null,Víctima,883K,Otros crímenes,petronila martinez
IDA2020,883,Persona,Víctima,Hombre,Sin especificar,Político del Estado,"883J, 883P",,null,Perpetrador,"883N, 883S",Otros crímenes,Bernardo García 
IDA2021,883,Institución,Perpetrador,null,null,null,883L,,La justicia/jueces,,,,Los jueces del proceso
IDA2022,883,Persona,Perpetrador,Hombre,Sin especificar,Sin especificar,883E,,null,,,,Xavier Aparicio
IDA2023,883,Persona,Perpetrador,Hombre,Esclavo,Sin especificar,883E,,null,,,,José
IDA2024,884,Persona,Perpetrador,Hombre,Sin especificar,Sin especificar,"884B, 884D, 884E",,null,,,,
IDA2025,884,Persona,Víctima,Mujer,Sin especificar,Sin especificar,884B,,null,,,,
IDA2026,884,Persona,Víctima,Mujer,Sin especificar,Sin especificar,884B,,null,,,,
IDA2027,884,Persona,Víctima,Hombre,Sin especificar,Sin especificar,"884D, 884E",,null,,,,
IDA2028,884,Persona,Perpetrador,Hombre,Sin especificar,Sin especificar,884E,,null,,,,
IDA2029,884,Persona,Perpetrador,Hombre,Sin especificar,Sin especificar,"884B, 884D, 884E",,null,,,,
IDA2030,884,Persona,Víctima,Mujer,Sin especificar,Sin especificar,884B,,null,,,,
IDA2031,884,Persona,Víctima,Mujer,Sin especificar,Sin especificar,884B,,null,,,,
IDA2032,884,Persona,Víctima,Hombre,Sin especificar,Sin especificar,"884D, 884E",,null,,,,
IDA2033,884,Persona,Perpetrador,Hombre,Sin especificar,Sin especificar,884E,,null,,,,
IDA2034,885,Persona,Perpetrador,Hombre,Sin especificar,Sin especificar,"885A, 885B",,null,,,,
IDA2035,885,Persona,Víctima,Mujer,Sin especificar,Sin especificar,"885A, 885B",,null,,,,
IDA2036,886,Persona,Perpetrador,Hombre,Sin especificar,Sin especificar,"886A, 886B",,null,,,,
IDA2037,886,Persona,Perpetrador,Mujer,Sin especificar,Sin especificar,"886A, 886B",,null,,,,
IDA2038,886,Persona,Víctima,Hombre,Sin especificar,Sin especificar,"886A, 886B",,null,,,,
IDA2039,888,Persona,Perpetrador,Hombre,Sin especificar,Sin especificar,"888A, 888B",,null,,,,
IDA2040,888,Persona,Víctima,Mujer,Sin especificar,Sin especificar,888A,,null,,,,
IDA2041,889,Persona,Perpetrador,Hombre,Sin especificar,Sin especificar,889A,,null,,,,
IDA2042,889,Persona,Perpetrador,Hombre,Sin especificar,Sin especificar,889A,,null,,,,
IDA2043,889,Persona,Perpetrador,Mujer,Sin especificar,Sin especificar,889A,,null,,,,
IDA2044,889,Persona,Víctima,Hombre,Sin especificar,Sin especificar,889A,,null,,,,
IDA2045,890,Persona,Perpetrador,Hombre,Sin especificar,Sin especificar,890A,,null,,,,
IDA2046,890,Persona,Víctima,Hombre,Sin especificar,Sin especificar,890A,,null,,,,
IDA2047,891,Persona,Perpetrador,Hombre,Sin especificar,Sin especificar,"891A, 891B",,null,,,,
IDA2048,891,Persona,Perpetrador,Hombre,Sin especificar,Sin especificar,"891A, 891B",,null,,,,
IDA2049,891,Persona,Perpetrador,Hombre,Sin especificar,Sin especificar,"891A, 891B",,null,,,,
IDA2050,891,Persona,Perpetrador,Hombre,Sin especificar,Sin especificar,"891A, 891B",,null,,,,
IDA2051,891,Persona,Perpetrador,Hombre,Sin especificar,Sin especificar,"891A, 891B",,null,,,,
IDA2052,891,Persona,Perpetrador,Hombre,Sin especificar,Sin especificar,"891A, 891B",,null,,,,
IDA2053,891,Persona,Perpetrador,Hombre,Sin especificar,Sin especificar,"891A, 891B",,null,,,,
IDA2054,891,Persona,Perpetrador,Hombre,Sin especificar,Sin especificar,"891A, 891B",,null,,,,
IDA2055,891,Persona,Víctima,Hombre,Sin especificar,Sin especificar,"891A, 891B",,null,,,,
IDA2056,891,Persona,Víctima,Hombre,Sin especificar,Sin especificar,"891A, 891B",,null,,,,
IDA2057,892,Persona,Perpetrador,Hombre,Sin especificar,Sin especificar,892A,,null,,,,
IDA2058,892,Persona,Perpetrador,Mujer,Sin especificar,Sin especificar,892A,,null,,,,
IDA2059,892,Persona,Víctima,Hombre,Sin especificar,Sin especificar,892A,,null,,,,
IDA2060,892,Persona,Perpetrador,Mujer,Sin especificar,Sin especificar,892B,,null,,,,
IDA2061,893,Persona,Perpetrador,Hombre,Sin especificar,Sin especificar,893A,,null,,,,
IDA2062,893,Persona,Perpetrador,Mujer,Sin especificar,Sin especificar,893A,,null,,,,
IDA2063,893,Persona,Víctima,Hombre,Sin especificar,Sin especificar,893A,,null,,,,
IDA2064,894,Persona,Perpetrador,Hombre,Sin especificar,Sin especificar,894A,,null,,,,
IDA2065,894,Persona,Perpetrador,Hombre,Sin especificar,Sin especificar,894A,,null,,,,
IDA2066,895,Persona,Perpetrador,Hombre,Sin especificar,Político del Estado,"895A, 895B",,null,,,,
IDA2067,895,Persona,Víctima,Hombre,Sin especificar,Eclesiástico,"895A, 895B",,null,,,,
IDA2068,896,Persona,Perpetrador,Hombre,Sin especificar,Sin especificar,"896A, 896B",,null,,,,
IDA2069,896,Persona,Víctima,Mujer,Sin especificar,Sin especificar,"896A, 896B",,null,,,,
IDA2070,897,Persona,Perpetrador,Hombre,Sin especificar,Sin especificar,897A,,null,,,,
IDA2071,897,Persona,Perpetrador,Hombre,Sin especificar,Sin especificar,897A,,null,,,,
IDA2072,897,Persona,Víctima,Mujer,Sin especificar,Sin especificar,897A,,null,,,,
IDA2073,900,Persona,Perpetrador,Hombre,Sin especificar,Sin especificar,900A,,null,,,,
IDA2074,900,Persona,Víctima,Indeterminado,Indeterminado,Indeterminado,900A,1,null,,,,
IDA2075,901,Persona,Perpetrador,Hombre,Sin especificar,Sin especificar,901A,,null,,,,
IDA2076,901,Persona,Perpetrador,Mujer,Sin especificar,Sin especificar,901A,,null,,,,
IDA2077,901,Persona,Perpetrador,Mujer,Sin especificar,Sin especificar,901A,,null,,,,
IDA2078,902,Persona,Perpetrador,Mujer,Sin especificar,Sin especificar,"902A, 902D",,null,,,,
IDA2079,902,Persona,Víctima,Indeterminado,Indeterminado,Indeterminado,"902A, 902D",1,null,,,,
IDA2080,902,Persona,Víctima,Indeterminado,Indeterminado,Indeterminado,"902A, 902D",1,null,,,,
IDA2081,903,Persona,Perpetrador,Hombre,Sin especificar,Sin especificar,903A,,null,,,,
IDA2082,903,Persona,Perpetrador,Mujer,Sin especificar,Sin especificar,903A,,null,,,,
IDA2083,904,Persona,Perpetrador,Hombre,Sin especificar,Político del Estado,904A,,null,,,,
IDA2084,904,Persona,Víctima,Hombre,Sin especificar,Sin especificar,904A,,null,,,,
IDA2085,905,Persona,Perpetrador,Hombre,Sin especificar,Sin especificar,905A,,null,,,,
IDA2086,905,Persona,Perpetrador,Hombre,Sin especificar,Sin especificar,905A,,null,,,,
IDA2087,905,Persona,Víctima,Indeterminado,Indeterminado,Indeterminado,905A,1,null,,,,
IDA2088,906,Persona,Perpetrador,Hombre,Sin especificar,Sin especificar,906A,,null,,,,
IDA2089,906,Persona,Víctima,Hombre,Sin especificar,Sin especificar,906A,,null,,,,
IDA2090,909,Persona,Perpetrador,Hombre,Sin especificar,Sin especificar,"909A, 909C",,null,,,,
IDA2091,909,Persona,Víctima,Mujer,Sin especificar,Sin especificar,909A,1,null,,,,
IDA2092,909,Persona,Víctima,Mujer,Sin especificar,Sin especificar,909A,1,null,,,,
IDA2093,909,Persona,Víctima,Indeterminado,Indeterminado,Indeterminado,909C,1,null,,,,
IDA2094,910,Persona,Perpetrador,Hombre,Sin especificar,Sin especificar,910A,1,null,,,,
IDA2095,910,Persona,Perpetrador,Indeterminado,Indeterminado,Indeterminado,910A,1,null,,,,
IDA2096,910,Persona,Víctima,Hombre,Sin especificar,Sin especificar,910A,,null,,,,
IDA2097,912,Persona,Perpetrador,Hombre,Sin especificar,Sin especificar,912A,,null,,,,
IDA2098,912,Persona,Víctima,Hombre,Sin especificar,Sin especificar,912A,,null,,,,
IDA2099,913,Persona,Perpetrador,Hombre,Sin especificar,Sin especificar,"913A, 913B",,null,,913B,,
IDA2100,913,Persona,Perpetrador,Mujer,Sin especificar,Sin especificar,913A,,null,,913B,,
IDA2101,913,Persona,Víctima,Hombre,Sin especificar,Sin especificar,913B,,null,,913B,,
IDA2102,914,Persona,Perpetrador,Hombre,Sin especificar,Sin especificar,914A,,null,,,,
IDA2103,914,Persona,Perpetrador,Mujer,Sin especificar,Sin especificar,914A,,null,,,,
IDA2104,914,Persona,Víctima,Hombre,Sin especificar,Sin especificar,914A,,null,,,,
IDA2105,915,Persona,Perpetrador,Hombre,Sin especificar,Sin especificar,915A,,null,,,,
IDA2106,915,Institución,Víctima,null,null,null,915A,,La justicia/jueces,,,,
IDA2107,916,Persona,Perpetrador,Hombre,Sin especificar,Sin especificar,"916A, 916B",,null,,,,
IDA2108,916,Persona,Perpetrador,Mujer,Sin especificar,Sin especificar,"916A, 916B",,null,,,,
IDA2109,916,Persona,Víctima,Hombre,Sin especificar,Sin especificar,"916A, 916B",,null,,,,
IDA2110,917,Persona,Perpetrador,Hombre,Sin especificar,Sin especificar,"917A, 917B",,null,,,,
IDA2111,917,Persona,Perpetrador,Hombre,Sin especificar,Sin especificar,"917A, 917B",,null,,,,
IDA2112,917,Persona,Perpetrador,Hombre,Sin especificar,Sin especificar,"917A, 917B",,null,,,,
IDA2113,917,Persona,Víctima,Indeterminado,Indeterminado,Indeterminado,917B,1,null,,,,
IDA2114,918,Persona,Perpetrador,Hombre,Sin especificar,Sin especificar,"918A, 918B, 918C, 918D",,null,,,,
IDA2115,918,Persona,Víctima,Hombre,Sin especificar,Sin especificar,"918A, 918B",,null,,,,
IDA2116,918,Institución,Víctima,null,null,null,918C,,La autoridad,,,,
IDA2117,919,Persona,Perpetrador,Hombre,Sin especificar,Sin especificar,"919A, 919B",,null,,,,
IDA2118,919,Persona,Víctima,Hombre,Sin especificar,Sin especificar,919A,,null,,,,
IDA2119,920,Persona,Perpetrador,Hombre,Sin especificar,Sin especificar,"920A, 920B",,null,,,,
IDA2120,920,Persona,Perpetrador,Mujer,Sin especificar,Sin especificar,"920A, 920B",,null,,,,
IDA2121,920,Persona,Víctima,Hombre,Sin especificar,Sin especificar,920B,,null,,,,
IDA2122,921,Persona,Perpetrador,Hombre,Sin especificar,Sin especificar,"921A, 921B, 921C",,null,,,,
IDA2123,921,Persona,Perpetrador,Mujer,Sin especificar,Sin especificar,"921A, 921B",,null,,,,
IDA2124,921,Persona,Víctima,Hombre,Sin especificar,Sin especificar,921B,,null,,,,
IDA2125,921,Institución,Víctima,null,null,null,921C,,La autoridad,,,,
IDA2126,922,Persona,Perpetrador,Hombre,Sin especificar,Sin especificar,922A,,null,,,,
IDA2127,922,Persona,Víctima,Hombre,Sin especificar,Sin especificar,922A,,null,,,,
IDA2128,922,Persona,Víctima,Hombre,Sin especificar,Sin especificar,922A,,null,,,,
IDA2129,922,Persona,Víctima,Hombre,Sin especificar,Sin especificar,922A,,null,,,,
IDA2130,923,Persona,Perpetrador,Hombre,Sin especificar,Sin especificar,923A,,null,,923A,,
IDA2131,923,Persona,Víctima,Hombre,Sin especificar,Fuerza armada,923A,,null,,923A,,
IDA2132,923,Persona,Perpetrador,Hombre,Sin especificar,Fuerza armada,923B,,null,,923A,,
IDA2133,923,Persona,Víctima,Hombre,Sin especificar,Sin especificar,923B,,null,,923A,,
IDA2134,924,Persona,Perpetrador,Hombre,Sin especificar,Sin especificar,924A,,null,,,,
IDA2135,924,Persona,Perpetrador,Mujer,Sin especificar,Sin especificar,924A,,null,,,,
IDA2136,924,Persona,Víctima,Hombre,Sin especificar,Sin especificar,924A,,null,,,,
IDA2137,925,Persona,Perpetrador,Hombre,Sin especificar,Sin especificar,925A,,null,,,,
IDA2138,925,Persona,Víctima,Mujer,Sin especificar,Sin especificar,925A,,null,,,,
IDA2139,926,Persona,Perpetrador,Hombre,Sin especificar,Político del Estado,926A,,null,,,,
IDA2140,926,Persona,Perpetrador,Hombre,Sin especificar,Sin especificar,926B,,null,,,,
IDA2141,926,Persona,Perpetrador,Hombre,Sin especificar,Sin especificar,926B,,null,,,,
IDA2142,926,Persona,Víctima,Mujer,Sin especificar,Sin especificar,926B,1,null,,,,
IDA2143,926,Persona,Víctima,Mujer,Sin especificar,Sin especificar,926B,1,null,,,,
IDA2144,927,Persona,Perpetrador,Hombre,Sin especificar,Sin especificar,927A,,null,,,,
IDA2145,927,Persona,Víctima,Mujer,Sin especificar,Sin especificar,927A,,null,,,,
IDA2146,928,Persona,Perpetrador,Hombre,Sin especificar,Sin especificar,928A,,null,,,,
IDA2147,929,Persona,Perpetrador,Hombre,Sin especificar,Sin especificar,929A,,null,,,,
IDA2148,929,Persona,Víctima,Indeterminado,Indeterminado,Indeterminado,929A,1,null,,,,
IDA2149,930,Persona,Perpetrador,Hombre,Sin especificar,Sin especificar,"930A, 930B, 930C, 930D",1,null,,,,
IDA2150,930,Persona,Perpetrador,Indeterminado,Indeterminado,Indeterminado,930A,1,null,,,,
IDA2151,930,Institución,Víctima,null,null,null,930B,,La autoridad,,,,
IDA2152,930,Persona,Perpetrador,Mujer,Sin especificar,Sin especificar,"930C, 930D",1,null,,,,
IDA2153,930,Persona,Víctima,Hombre,Sin especificar,Sin especificar,"930C, 930D",1,null,,,,
IDA2154,931,Persona,Perpetrador,Hombre,Sin especificar,Sin especificar,"931A, 931B, 931C",,null,,,,
IDA2155,931,Persona,Víctima,Hombre,Sin especificar,Sin especificar,"931A, 931B, 931C",,null,,,,
IDA2156,931,Persona,Perpetrador,Mujer,Sin especificar,Sin especificar,931C,,null,,,,
IDA2157,931,Persona,Perpetrador,Hombre,Sin especificar,Sin especificar,"931B, 931C, 931A",,null,,,,
IDA2158,931,Persona,Víctima,Hombre,Sin especificar,Sin especificar,"931B, 931C, 931A",,null,,,,
IDA2159,931,Persona,Perpetrador,Mujer,Sin especificar,Sin especificar,931C,,null,,,,
IDA2160,932,Persona,Perpetrador,Hombre,Sin especificar,Sin especificar,932A,1,null,,,,
IDA2161,932,Persona,Perpetrador,Indeterminado,Indeterminado,Indeterminado,932A,1,null,,,,
IDA2162,932,Persona,Perpetrador,Indeterminado,Indeterminado,Indeterminado,932A,1,null,,,,
IDA2163,932,Persona,Víctima,Indeterminado,Indeterminado,Indeterminado,932A,1,null,,,,
IDA2164,933,Persona,Perpetrador,Hombre,Esclavo,Sin especificar,933A,,null,,,,
IDA2165,933,Persona,Perpetrador,Mujer,Esclavo,Sin especificar,933A,,null,,,,
IDA2166,933,Persona,Perpetrador,Hombre,Sin especificar,Sin especificar,933A,,null,,,,
IDA2167,933,Persona,Víctima,Hombre,Sin especificar,Sin especificar,"933A, 933B",,null,,,,
IDA2168,933,Persona,Perpetrador,Hombre,Sin especificar,Sin especificar,933B,,null,,,,
IDA2169,934,Persona,Perpetrador,Hombre,Sin especificar,Sin especificar,934A,1,null,,,,
IDA2170,934,Persona,Perpetrador,Mujer,Sin especificar,Sin especificar,934A,1,null,,,,
IDA2171,934,Persona,Perpetrador,Indeterminado,Indeterminado,Indeterminado,934A,1,null,,,,
IDA2172,934,Persona,Perpetrador,Indeterminado,Indeterminado,Indeterminado,934A,1,null,,,,
IDA2173,934,Persona,Víctima,Indeterminado,Indeterminado,Indeterminado,934A,1,null,,,,
IDA2174,935,Persona,Perpetrador,Hombre,Sin especificar,Sin especificar,935A,,null,,,,
IDA2175,935,Persona,Víctima,Indeterminado,Indeterminado,Indeterminado,935A,1,null,,,,
IDA2176,936,Persona,Perpetrador,Hombre,Sin especificar,Sin especificar,936A,,null,,,,
IDA2177,936,Persona,Víctima,Indeterminado,Indeterminado,Indeterminado,936A,1,null,,,,
IDA2178,938,Persona,Perpetrador,Hombre,Sin especificar,Sin especificar,938A,,null,,,,
IDA2179,938,Persona,Víctima,Hombre,Sin especificar,Sin especificar,938A,,null,,,,
IDA2180,940,Persona,Perpetrador,Hombre,Sin especificar,Sin especificar,"940A, 940B",,null,,,,
IDA2181,940,Persona,Víctima,Hombre,Sin especificar,Eclesiástico,940A,,null,,,,
IDA2182,941,Persona,Perpetrador,Hombre,Sin especificar,Sin especificar,"941A, 941B",,null,,,,
IDA2183,941,Persona,Perpetrador,Mujer,Sin especificar,Sin especificar,"941A, 941B",,null,,,,
IDA2184,942,Persona,Perpetrador,Hombre,Sin especificar,Sin especificar,942A,,null,,,,
IDA2185,942,Persona,Perpetrador,Mujer,Sin especificar,Sin especificar,942A,,null,,,,
IDA2186,943,Persona,Perpetrador,Hombre,Sin especificar,Sin especificar,943A,,null,,,,
IDA2187,943,Persona,Víctima,Mujer,Sin especificar,Sin especificar,943A,,null,,,,
IDA2188,945,Persona,Perpetrador,Hombre,Sin especificar,Sin especificar,945A,,null,,,,
IDA2189,945,Persona,Perpetrador,Mujer,Sin especificar,Sin especificar,945A,,null,,,,
IDA2190,946,Persona,Perpetrador,Hombre,Sin especificar,Sin especificar,946A,,null,,,,
IDA2191,946,Persona,Víctima,Mujer,Sin especificar,Sin especificar,946A,,null,,,,
IDA2192,947,Persona,Perpetrador,Hombre,Sin especificar,Sin especificar,947A,,null,,,,
IDA2193,947,Persona,Víctima,Hombre,Sin especificar,Fuerza armada,947A,,null,,,,
IDA2194,948,Persona,Perpetrador,Hombre,Sin especificar,Sin especificar,948A,,null,,,,
IDA2195,948,Persona,Perpetrador,Mujer,Negro libre/mulato,Sin especificar,948A,,null,,,,
IDA2196,948,Persona,Víctima,Mujer,Sin especificar,Sin especificar,948A,,null,,,,
IDA2197,949,Persona,Perpetrador,Hombre,Sin especificar,Sin especificar,949A,,null,,,,
IDA2198,949,Persona,Víctima,Indeterminado,Indeterminado,Indeterminado,949A,1,null,,,,
IDA2199,949,Persona,Víctima,Indeterminado,Indeterminado,Indeterminado,949A,1,null,,,,
IDA2200,950,Persona,Perpetrador,Hombre,Sin especificar,Sin especificar,"950A, 950B",,null,,,,
IDA2201,950,Persona,Perpetrador,Hombre,Sin especificar,Sin especificar,"950A, 950B",,null,,,,
IDA2202,950,Persona,Víctima,Hombre,Sin especificar,Sin especificar,"950A, 950B",,null,,,,
IDA2203,950,Persona,Víctima,Mujer,Sin especificar,Sin especificar,950A,,null,,,,
IDA2204,951,Persona,Perpetrador,Hombre,Sin especificar,Sin especificar,951A,1,null,,,,
IDA2205,951,Persona,Perpetrador,Indeterminado,Indeterminado,Indeterminado,951A,1,null,,,,
IDA2206,951,Persona,Perpetrador,Indeterminado,Indeterminado,Indeterminado,951A,1,null,,,,
IDA2207,954,Persona,Perpetrador,Hombre,Sin especificar,Sin especificar,954A,,null,,,,
IDA2208,954,Persona,Víctima,Hombre,Sin especificar,Sin especificar,954A,,null,,,,
IDA2209,955,Persona,Perpetrador,Hombre,Sin especificar,Sin especificar,955A,,null,,,,
IDA2210,955,Persona,Perpetrador,Mujer,Indígenas,Sin especificar,955A,,null,,,,
IDA2211,956,Persona,Perpetrador,Hombre,Sin especificar,Sin especificar,956A,,null,,,,
IDA2212,956,Persona,Perpetrador,Hombre,Sin especificar,Sin especificar,956A,,null,,,,
IDA2213,957,Persona,Perpetrador,Hombre,Sin especificar,Sin especificar,957A,,null,,,,
IDA2214,957,Persona,Víctima,Hombre,Sin especificar,Sin especificar,957A,,null,,,,
IDA2215,958,Persona,Perpetrador,Hombre,Sin especificar,Sin especificar,"958A, 958B",,null,,,,
IDA2216,958,Persona,Perpetrador,Hombre,Sin especificar,Sin especificar,958A,,null,,,,
IDA2217,958,Persona,Víctima,Hombre,Sin especificar,Sin especificar,958B,,null,,,,
IDA2218,958,Persona,Perpetrador,Hombre,Sin especificar,Sin especificar,"958B, 958A",,null,,,,
IDA2219,958,Persona,Víctima,Hombre,Sin especificar,Sin especificar,958B,,null,,,,
IDA2220,958,Persona,Perpetrador,Hombre,Sin especificar,Sin especificar,958A,,null,,,,
IDA2221,959,Persona,Perpetrador,Hombre,Sin especificar,Sin especificar,"959A, 959B",,null,,,,
IDA2222,959,Persona,Víctima,Hombre,Sin especificar,Sin especificar,"959A, 959B",,null,,,,
IDA2223,960,Persona,Perpetrador,Hombre,Sin especificar,Sin especificar,960A,,null,,,,
IDA2224,960,Persona,Víctima,Hombre,Sin especificar,Sin especificar,960A,,null,,,,
IDA2225,961,Persona,Perpetrador,Hombre,Indígenas,Sin especificar,961A,,null,,,,
IDA2226,961,Persona,Víctima,Hombre,Sin especificar,Sin especificar,961A,,null,,,,
IDA2227,962,Persona,Perpetrador,Hombre,Sin especificar,Sin especificar,962A,,null,,,,
IDA2228,962,Persona,Perpetrador,Mujer,Sin especificar,Sin especificar,962A,,null,,,,
IDA2229,962,Persona,Víctima,Hombre,Sin especificar,Sin especificar,962A,,null,,,,
IDA2230,963,Persona,Perpetrador,Hombre,Sin especificar,Sin especificar,963A,,null,,,,
IDA2231,963,Persona,Víctima,Indeterminado,Indeterminado,Indeterminado,963A,1,null,,,,
IDA2232,964,Persona,Perpetrador,Hombre,Sin especificar,Sin especificar,964A,,null,,,,
IDA2233,964,Persona,Perpetrador,Hombre,Sin especificar,Sin especificar,964A,,null,,,,
IDA2234,964,Persona,Víctima,Indeterminado,Indeterminado,Indeterminado,964A,1,null,,,,
IDA2235,965,Persona,Perpetrador,Hombre,Sin especificar,Sin especificar,965A,,null,,,,
IDA2236,965,Persona,Perpetrador,Mujer,Sin especificar,Sin especificar,965A,,null,,,,
IDA2237,965,Persona,Víctima,Hombre,Sin especificar,Sin especificar,965A,,null,,,,
IDA2238,966,Persona,Perpetrador,Hombre,Sin especificar,Sin especificar,966A,,null,,,,
IDA2239,966,Persona,Víctima,Hombre,Sin especificar,Sin especificar,966A,,null,,,,
IDA2240,967,Persona,Perpetrador,Hombre,Sin especificar,Sin especificar,967A,,null,,,,
IDA2241,967,Persona,Víctima,Hombre,Sin especificar,Sin especificar,967A,,null,,,,
IDA2242,968,Persona,Perpetrador,Hombre,Sin especificar,Sin especificar,968A,,null,,,,
IDA2243,968,Persona,Víctima,Mujer,Sin especificar,Sin especificar,968A,,null,,,,
IDA2244,970,Persona,Perpetrador,Hombre,Sin especificar,Sin especificar,970A,,null,,,,
IDA2245,970,Persona,Víctima,Mujer,Sin especificar,Sin especificar,970A,,null,,,,
IDA2246,971,Persona,Perpetrador,Hombre,Sin especificar,Sin especificar,971A,,null,,,,
IDA2247,972,Persona,Perpetrador,Hombre,Sin especificar,Sin especificar,972A,,null,,,,
IDA2248,972,Persona,Perpetrador,Hombre,Sin especificar,Sin especificar,972A,,null,,,,
IDA2249,972,Persona,Perpetrador,Hombre,Sin especificar,Sin especificar,972A,,null,,,,
IDA2250,972,Persona,Víctima,Hombre,Sin especificar,Sin especificar,972A,,null,,,,
IDA2251,973,Persona,Perpetrador,Hombre,Sin especificar,Sin especificar,973A,,null,,,,
IDA2252,973,Institución,Víctima,null,null,null,973A,,La autoridad,,,,
IDA2253,974,Persona,Perpetrador,Hombre,Sin especificar,Sin especificar,974A,,null,,,,
IDA2254,974,Persona,Perpetrador,Hombre,Sin especificar,Eclesiástico,974A,,null,,,,
IDA2255,974,Persona,Víctima,Hombre,Sin especificar,Sin especificar,974A,,null,,,,
IDA2256,975,Persona,Perpetrador,Hombre,Sin especificar,Sin especificar,975A,,null,,,,
IDA2257,975,Persona,Perpetrador,Mujer,Sin especificar,Sin especificar,975A,,null,,,,
IDA2258,975,Persona,Víctima,Hombre,Sin especificar,Sin especificar,975A,,null,,,,
IDA2259,975,Persona,Víctima,Mujer,Sin especificar,Sin especificar,975A,,null,,,,
IDA2260,976,Persona,Perpetrador,Hombre,Indígenas,Sin especificar,"976A, 976B",,null,,,,
IDA2261,976,Persona,Perpetrador,Hombre,Sin especificar,Sin especificar,"976A, 976B",,null,,,,
IDA2262,976,Persona,Víctima,Hombre,Indígenas,Sin especificar,"976A, 976B",,null,,,,
IDA2263,978,Persona,Perpetrador,Hombre,Sin especificar,Sin especificar,978A,,null,,,,
IDA2264,978,Persona,Víctima,Mujer,Sin especificar,Sin especificar,978A,,null,,,,
IDA2265,980,Persona,Perpetrador,Hombre,Sin especificar,Sin especificar,980A,,null,,,,
IDA2266,980,Persona,Víctima,Hombre,Sin especificar,Político del Estado,980A,,null,,,,
IDA2267,981,Persona,Perpetrador,Hombre,Sin especificar,Sin especificar,981A,,null,,,,
IDA2268,981,Persona,Víctima,Mujer,Sin especificar,Sin especificar,981A,,null,,,,
IDA2269,982,Persona,Perpetrador,Hombre,Sin especificar,Sin especificar,982A,,null,,,,
IDA2270,982,Persona,Víctima,Indeterminado,Indeterminado,Indeterminado,982A,1,null,,,,
IDA2271,983,Persona,Perpetrador,Hombre,Sin especificar,Sin especificar,983A,,null,,,,
IDA2272,983,Persona,Víctima,Hombre,Sin especificar,Sin especificar,983A,,null,,,,
IDA2273,984,Persona,Perpetrador,Hombre,Sin especificar,Político del Estado,984A,,null,,,,
IDA2274,984,Persona,Víctima,Hombre,Sin especificar,Político del Estado,984A,,null,,,,
IDA2275,985,Persona,Perpetrador,Hombre,Sin especificar,Sin especificar,985A,,null,,,,
IDA2276,985,Persona,Víctima,Mujer,Sin especificar,Sin especificar,985A,,null,,,,
IDA2277,986,Persona,Perpetrador,Hombre,Sin especificar,Sin especificar,986A,,null,,,,
IDA2278,986,Persona,Víctima,Hombre,Sin especificar,Sin especificar,986A,,null,,,,
IDA2279,988,Persona,Perpetrador,Indeterminado,Indeterminado,Indeterminado,988A,1,null,,,,
IDA2280,988,Persona,Perpetrador,Indeterminado,Indeterminado,Indeterminado,988A,1,null,,,,
IDA2281,988,Persona,Perpetrador,Indeterminado,Indeterminado,Indeterminado,988A,1,null,,,,
IDA2282,991,Persona,Perpetrador,Hombre,Sin especificar,Sin especificar,991A,,null,,,,
IDA2283,991,Persona,Perpetrador,Mujer,Sin especificar,Sin especificar,991A,,null,,,,
IDA2284,991,Persona,Víctima,Indeterminado,Indeterminado,Indeterminado,991A,1,null,,,,
IDA2285,995,Persona,Perpetrador,Hombre,Sin especificar,Eclesiástico,995A,,null,,,,
IDA2286,995,Persona,Perpetrador,Hombre,Sin especificar,Eclesiástico,995A,,null,,,,
IDA2287,996,Persona,Perpetrador,Hombre,Sin especificar,Sin especificar,996A,,null,,,,
IDA2288,996,Persona,Víctima,Mujer,Sin especificar,Sin especificar,996A,,null,,,,
IDA2289,997,Persona,Perpetrador,Hombre,Sin especificar,Sin especificar,997A,,null,,,,
IDA2290,997,Persona,Perpetrador,Mujer,Sin especificar,Sin especificar,997A,,null,,,,
IDA2291,998,Persona,Perpetrador,Hombre,Sin especificar,Sin especificar,998A,,null,,,,
IDA2292,998,Persona,Víctima,Mujer,Sin especificar,Sin especificar,998A,,null,,,,
IDA2293,999,Persona,Perpetrador,Hombre,Sin especificar,Sin especificar,999A,,null,,,,
IDA2294,999,Persona,Víctima,Hombre,Sin especificar,Sin especificar,999A,,null,,,,
IDA2295,1000,Persona,Perpetrador,Hombre,Sin especificar,Sin especificar,1000A,,null,,,,
IDA2296,1000,Persona,Víctima,Hombre,Sin especificar,Sin especificar,1000A,,null,,,,
IDA2297,1001,Persona,Perpetrador,Hombre,Sin especificar,Político del Estado,1001A,,null,,,,
IDA2298,1001,Persona,Perpetrador,Hombre,Sin especificar,Sin especificar,1001B,,null,,,,
IDA2299,1001,Persona,Perpetrador,Hombre,Sin especificar,Sin especificar,1001B,,null,,,,
IDA2300,1001,Persona,Perpetrador,Hombre,Sin especificar,Sin especificar,1001B,,null,,,,
IDA2301,1001,Persona,Perpetrador,Hombre,Sin especificar,Sin especificar,1001B,,null,,,,
IDA2302,1001,Persona,Perpetrador,Hombre,Sin especificar,Sin especificar,1001B,,null,,,,
IDA2303,1002,Persona,Perpetrador,Hombre,Sin especificar,Sin especificar,"1002A, 1002B",,null,,1002A,,
IDA2304,1002,Persona,Perpetrador,Mujer,Sin especificar,Sin especificar,1002A,,null,,1002A,,
IDA2305,1002,Persona,Víctima,Hombre,Sin especificar,Sin especificar,"1002A, 1002B",,null,,1002A,,
IDA2306,1003,Persona,Perpetrador,Hombre,Sin especificar,Sin especificar,1003A,,null,,,,
IDA2307,1003,Persona,Víctima,Hombre,Sin especificar,Sin especificar,1003A,,null,,,,
IDA2308,1004,Persona,Perpetrador,Hombre,Sin especificar,Sin especificar,1004A,1,null,,,,
IDA2309,1004,Persona,Perpetrador,Hombre,Sin especificar,Sin especificar,1004A,1,null,,,,
IDA2310,1004,Persona,Perpetrador,Hombre,Sin especificar,Sin especificar,1004A,1,null,,,,
IDA2311,1004,Persona,Perpetrador,Indeterminado,Indeterminado,Indeterminado,1004A,1,null,,,,
IDA2312,1004,Persona,Perpetrador,Indeterminado,Indeterminado,Indeterminado,1004A,1,null,,,,
IDA2313,1004,Persona,Víctima,Hombre,Sin especificar,Político del Estado,1004A,,null,,,,
IDA2314,1005,Persona,Perpetrador,Hombre,Sin especificar,Sin especificar,1005A,,null,,,,
IDA2315,1006,Persona,Perpetrador,Hombre,Sin especificar,Sin especificar,1006A,,null,,,,
IDA2316,1006,Persona,Víctima,Mujer,Sin especificar,Sin especificar,1006A,,null,,,,
IDA2317,1007,Persona,Perpetrador,Hombre,Sin especificar,Sin especificar,1007A,,null,,,,
IDA2318,1007,Persona,Perpetrador,Mujer,Sin especificar,Sin especificar,1007A,,null,,,,
IDA2319,1007,Persona,Víctima,Hombre,Sin especificar,Sin especificar,1007A,,null,,,,
IDA2320,1008,Persona,Perpetrador,Hombre,Sin especificar,Sin especificar,"1008A, 1008B",,null,,,,
IDA2321,1008,Persona,Perpetrador,Hombre,Sin especificar,Sin especificar,"1008A, 1008B",,null,,,,
IDA2322,1008,Persona,Víctima,Hombre,Sin especificar,Sin especificar,"1008A, 1008B",,null,,,,
IDA2323,1009,Persona,Perpetrador,Hombre,Sin especificar,Sin especificar,1009A,,null,,,,
IDA2324,1009,Persona,Víctima,Mujer,Sin especificar,Sin especificar,1009A,,null,,,,
IDA2325,1010,Persona,Perpetrador,Hombre,Sin especificar,Sin especificar,1010A,,null,,,,
IDA2326,1010,Persona,Perpetrador,Hombre,Sin especificar,Sin especificar,1010A,,null,,,,
IDA2327,1010,Persona,Víctima,Hombre,Sin especificar,Sin especificar,1010A,,null,,,,
IDA2328,1011,Persona,Perpetrador,Hombre,Sin especificar,Sin especificar,1011A,,null,,,,
IDA2329,1011,Persona,Víctima,Indeterminado,Indeterminado,Indeterminado,1011A,,null,,,,
IDA2330,1012,Persona,Perpetrador,Hombre,Sin especificar,Sin especificar,"1012A, 1012B",,null,,,,
IDA2331,1013,Persona,Perpetrador,Hombre,Sin especificar,Sin especificar,"1013A, 1013B",,null,,,,
IDA2332,1013,Persona,Víctima,Mujer,Sin especificar,Sin especificar,"1013A, 1013B",,null,,,,
IDA2333,1014,Persona,Perpetrador,Hombre,Sin especificar,Sin especificar,1014A,,null,,,,
IDA2334,1014,Persona,Víctima,Hombre,Sin especificar,Sin especificar,1014A,,null,,,,
IDA2335,1016,Persona,Perpetrador,Hombre,Sin especificar,Político del Estado,1016A,,null,,,,
IDA2336,1016,Persona,Víctima,Hombre,Sin especificar,Sin especificar,1016A,,null,,,,
IDA2337,1017,Persona,Perpetrador,Hombre,Sin especificar,Sin especificar,1017A,,null,,,,
IDA2338,1017,Persona,Perpetrador,Mujer,Sin especificar,Sin especificar,1017A,,null,,,,
IDA2339,1017,Persona,Víctima,Hombre,Sin especificar,Sin especificar,1017A,,null,,,,
IDA2340,1018,Persona,Perpetrador,Hombre,Sin especificar,Sin especificar,1018A,,null,,1018A,,
IDA2341,1018,Persona,Perpetrador,Mujer,Sin especificar,Sin especificar,1018A,,null,,1018A,,
IDA2342,1018,Persona,Perpetrador,Hombre,Sin especificar,Político del Estado,1018B,1,null,,1018B,,
IDA2343,1018,Persona,Perpetrador,Hombre,Sin especificar,Político del Estado,1018B,1,null,,1018B,,
IDA2344,1018,Persona,Víctima,Hombre,Sin especificar,Sin especificar,1018B,,null,,1018B,,
IDA2345,1018,Persona,Víctima,Mujer,Sin especificar,Sin especificar,1018B,,null,,1018B,,
IDA2346,1019,Persona,Perpetrador,Hombre,Sin especificar,Sin especificar,1019A,,null,,,,
IDA2347,1019,Persona,Víctima,Mujer,Sin especificar,Sin especificar,1019A,,null,,,,
IDA2348,1020,Persona,Perpetrador,Hombre,Sin especificar,Sin especificar,1020A,,null,,,,
IDA2349,1020,Institución,Víctima,null,null,null,1020A,,La autoridad,,,,
IDA2350,1021,Persona,Perpetrador,Hombre,Sin especificar,Sin especificar,1021A,,null,,,,
IDA2351,1021,Persona,Víctima,Hombre,Sin especificar,Político del Estado,1021A,,null,,,,
IDA2352,1022,Persona,Perpetrador,Hombre,Sin especificar,Sin especificar,1022A,,null,,,,
IDA2353,1022,Persona,Víctima,Hombre,Sin especificar,Sin especificar,1022A,,null,,,,
IDA2354,1023,Persona,Perpetrador,Hombre,Sin especificar,Fuerza armada,1023A,,null,,,,
IDA2355,1023,Persona,Víctima,Hombre,Sin especificar,Político del Estado,1023A,,null,,,,
IDA2356,1025,Persona,Perpetrador,Hombre,Sin especificar,Sin especificar,1025A,,null,,,,
IDA2357,1026,Persona,Perpetrador,Hombre,Sin especificar,Sin especificar,1026A,,null,,,,
IDA2358,1026,Persona,Víctima,Hombre,Sin especificar,Sin especificar,1026A,,null,,,,
IDA2359,1027,Persona,Perpetrador,Hombre,Sin especificar,Sin especificar,1027A,,null,,,,
IDA2360,1027,Persona,Perpetrador,Hombre,Sin especificar,Sin especificar,1027A,,null,,,,
IDA2361,1027,Persona,Víctima,Hombre,Sin especificar,Sin especificar,1027A,,null,,,,
IDA2362,1027,Persona,Víctima,Hombre,Sin especificar,Sin especificar,1027A,,null,,,,
IDA2363,1028,Persona,Perpetrador,Hombre,Sin especificar,Sin especificar,1028A,,null,,,,
IDA2364,1028,Persona,Víctima,Indeterminado,Indeterminado,Indeterminado,1028A,1,null,,,,
IDA2365,1029,Persona,Perpetrador,Hombre,Sin especificar,Sin especificar,1029A,,null,,,,
IDA2366,1029,Persona,Perpetrador,Hombre,Sin especificar,Sin especificar,1029A,,null,,,,
IDA2367,1029,Persona,Perpetrador,Hombre,Sin especificar,Sin especificar,1029A,,null,,,,
IDA2368,1029,Persona,Víctima,Hombre,Sin especificar,Político del Estado,1029A,,null,,,,
IDA2369,1030,Persona,Perpetrador,Hombre,Sin especificar,Sin especificar,1030A,,null,,,,
IDA2370,1030,Persona,Perpetrador,Mujer,Sin especificar,Sin especificar,1030A,,null,,,,
IDA2371,1030,Persona,Víctima,Hombre,Sin especificar,Sin especificar,1030A,,null,,,,
IDA2372,1032,Persona,Perpetrador,Hombre,Sin especificar,Sin especificar,"1032A, 1032C, 1032D, 1032E",1,null,,,,
IDA2373,1032,Persona,Perpetrador,Indeterminado,Indeterminado,Indeterminado,"1032A, 1032E",1,null,,,,
IDA2374,1032,Persona,Perpetrador,Indeterminado,Indeterminado,Indeterminado,"1032A, 1032E",1,null,,,,
IDA2375,1032,Persona,Perpetrador,Indeterminado,Indeterminado,Indeterminado,"1032A, 1032E",1,null,,,,
IDA2376,1032,Persona,Perpetrador,Indeterminado,Indeterminado,Indeterminado,"1032A, 1032E",1,null,,,,
IDA2377,1032,Institución,Víctima,null,null,null,1032A,,La justicia/jueces,,,,
IDA2378,1032,Persona,Perpetrador,Mujer,Sin especificar,Sin especificar,"1032C, 1032D",1,null,,,,
IDA2379,1032,Persona,Víctima,Indeterminado,Indeterminado,Indeterminado,1032E,1,null,,,,
IDA2380,1032,Persona,Víctima,Indeterminado,Indeterminado,Indeterminado,1032E,1,null,,,,
IDA2381,1033,Persona,Perpetrador,Hombre,Sin especificar,Sin especificar,1033A,,null,,,,
IDA2382,1033,Persona,Víctima,Hombre,Sin especificar,Sin especificar,1033A,,null,,,,
IDA2383,1036,Persona,Perpetrador,Hombre,Sin especificar,Sin especificar,1036A,,null,,,,
IDA2384,1036,Persona,Víctima,Indeterminado,Indeterminado,Indeterminado,1036A,1,null,,,,
IDA2385,1037,Persona,Perpetrador,Hombre,Sin especificar,Sin especificar,1037A,,null,,,,
IDA2386,1037,Persona,Víctima,Hombre,Sin especificar,Sin especificar,1037A,,null,,,,
IDA2387,1038,Persona,Perpetrador,Mujer,Sin especificar,Sin especificar,1038A,,null,,,,
IDA2388,1038,Persona,Perpetrador,Mujer,Sin especificar,Sin especificar,1038A,,null,,,,
IDA2389,1038,Persona,Víctima,Mujer,Sin especificar,Sin especificar,1038A,,null,,,,
IDA2390,1038,Persona,Víctima,Mujer,Sin especificar,Sin especificar,1038A,,null,,,,
IDA2391,1039,Persona,Perpetrador,Hombre,Sin especificar,Sin especificar,1039A,,null,,,,
IDA2392,1039,Persona,Perpetrador,Hombre,Sin especificar,Sin especificar,1039A,,null,,,,
IDA2393,1039,Persona,Perpetrador,Hombre,Sin especificar,Sin especificar,1039A,,null,,,,
IDA2394,1039,Persona,Víctima,Hombre,Sin especificar,Sin especificar,1039A,,null,,,,
IDA2395,1041,Persona,Perpetrador,Hombre,Sin especificar,Sin especificar,1041A,,null,,,,
IDA2396,1041,Persona,Víctima,Indeterminado,Indeterminado,Indeterminado,1041A,1,null,,,,
IDA2397,1042,Persona,Perpetrador,Hombre,Sin especificar,Sin especificar,1042A,,null,,,,
IDA2398,1042,Persona,Víctima,Indeterminado,Indeterminado,Indeterminado,1042A,1,null,,,,
IDA2399,1043,Persona,Perpetrador,Hombre,Sin especificar,Sin especificar,"1043A, 1043B",,null,,,,
IDA2400,1043,Persona,Perpetrador,Hombre,Sin especificar,Sin especificar,1043A,,null,,,,
IDA2401,1043,Persona,Víctima,Hombre,Sin especificar,Sin especificar,1043B,,null,,,,
IDA2402,1043,Persona,Perpetrador,Hombre,Sin especificar,Sin especificar,"1043B, 1043A",,null,,,,
IDA2403,1043,Persona,Víctima,Hombre,Sin especificar,Sin especificar,1043B,,null,,,,
IDA2404,1043,Persona,Perpetrador,Hombre,Sin especificar,Sin especificar,1043A,,null,,,,
IDA2405,1044,Persona,Perpetrador,Mujer,Sin especificar,Sin especificar,1044A,,null,,,,
IDA2406,1044,Persona,Víctima,Hombre,Sin especificar,Sin especificar,1044A,,null,,,,
IDA2407,1045,Persona,Perpetrador,Hombre,Sin especificar,Sin especificar,1045A,,null,,,,
IDA2408,1045,Persona,Víctima,Indeterminado,Indeterminado,Indeterminado,1045A,1,null,,,,
IDA2409,1046,Persona,Perpetrador,Hombre,Sin especificar,Sin especificar,1046A,,null,,,,
IDA2410,1046,Persona,Víctima,Indeterminado,Indeterminado,Indeterminado,1046A,1,null,,,,
IDA2411,1047,Persona,Perpetrador,Mujer,Sin especificar,Sin especificar,1047A,,null,,,,
IDA2412,1047,Persona,Víctima,Indeterminado,Indeterminado,Indeterminado,1047A,1,null,,,,
IDA2413,1048,Persona,Perpetrador,Hombre,Sin especificar,Sin especificar,"1048A, 1048B",,null,,1048B,,
IDA2414,1048,Persona,Perpetrador,Hombre,Sin especificar,Sin especificar,"1048A, 1048B",,null,,1048B,,
IDA2415,1048,Persona,Víctima,Hombre,Sin especificar,Sin especificar,"1048A, 1048B, 1048C",,null,,1048B,,
IDA2416,1048,Persona,Perpetrador,Hombre,Sin especificar,Político del Estado,1048C,,null,,1048B,,
IDA2417,1049,Persona,Perpetrador,Hombre,Sin especificar,Sin especificar,1049A,,null,,,,
IDA2418,1049,Persona,Víctima,Hombre,Sin especificar,Sin especificar,1049A,,null,,,,
IDA2419,1049,Persona,Víctima,Hombre,Sin especificar,Sin especificar,1049A,,null,,,,
IDA2420,1049,Persona,Víctima,Hombre,Sin especificar,Sin especificar,1049A,,null,,,,
IDA2421,1049,Persona,Víctima,Hombre,Indígenas,Sin especificar,1049A,,null,,,,
IDA2422,1050,Persona,Perpetrador,Hombre,Sin especificar,Sin especificar,1050A,,null,,,,
IDA2423,1050,Persona,Víctima,Mujer,Sin especificar,Sin especificar,1050A,,null,,,,
IDA2424,1051,Persona,Perpetrador,Hombre,Sin especificar,Sin especificar,1051A,,null,,,,
IDA2425,1051,Persona,Perpetrador,Hombre,Sin especificar,Sin especificar,1051A,,null,,,,
IDA2426,1051,Persona,Víctima,Indeterminado,Indeterminado,Indeterminado,1051A,,null,,,,
IDA2427,1052,Persona,Perpetrador,Hombre,Sin especificar,Sin especificar,1052A,,null,,,,
IDA2428,1052,Persona,Víctima,Hombre,Sin especificar,Sin especificar,1052A,,null,,,,
IDA2429,1054,Persona,Perpetrador,Hombre,Sin especificar,Sin especificar,1054A,,null,,,,
IDA2430,1054,Persona,Víctima,Indeterminado,Indeterminado,Indeterminado,1054A,1,null,,,,
IDA2431,1055,Persona,Perpetrador,Hombre,Sin especificar,Sin especificar,1055A,,null,,,,
IDA2432,1055,Persona,Víctima,Mujer,Sin especificar,Sin especificar,1055A,,null,,,,
IDA2433,1056,Persona,Perpetrador,Hombre,Sin especificar,Sin especificar,1056A,,null,,,,
IDA2434,1056,Persona,Víctima,Hombre,Sin especificar,Sin especificar,1056A,,null,,,,
IDA2435,1057,Persona,Perpetrador,Hombre,Sin especificar,Sin especificar,"1057A, 1057B",,null,,,,
IDA2436,1057,Persona,Perpetrador,Hombre,Sin especificar,Sin especificar,"1057A, 1057B",,null,,,,
IDA2437,1057,Persona,Víctima,Hombre,Sin especificar,Sin especificar,"1057A, 1057B",,null,,,,
IDA2438,1058,Persona,Perpetrador,Hombre,Sin especificar,Sin especificar,"1058A, 1058B",,null,,1057B,,
IDA2439,1058,Persona,Víctima,Indeterminado,Indeterminado,Indeterminado,1058A,1,null,,1057B,,
IDA2440,1058,Institución,Víctima,null,null,null,1058B,,La autoridad,,1057B,,
IDA2441,1058,Persona,Perpetrador,Hombre,Sin especificar,Político del Estado,1058C,,null,,1058C,,
IDA2442,1058,Persona,Víctima,Hombre,Sin especificar,Sin especificar,1058C,,null,,1058C,,
IDA2443,1059,Persona,Perpetrador,Hombre,Sin especificar,Sin especificar,1059A,,null,,,,
IDA2444,1059,Persona,Víctima,Hombre,Sin especificar,Sin especificar,1059A,,null,,,,
IDA2445,1060,Persona,Perpetrador,Hombre,Sin especificar,Sin especificar,"1060A, 1060B",,null,,,,
IDA2446,1060,Persona,Perpetrador,Mujer,Sin especificar,Sin especificar,1060B,,null,,,,
IDA2447,1061,Persona,Perpetrador,Hombre,Sin especificar,Sin especificar,"1061A, 1061D, 1061E",,null,,,,
IDA2448,1061,Persona,Víctima,Indeterminado,Indeterminado,Indeterminado,"1061A, 1061D",1,null,,,,
IDA2449,1062,Persona,Perpetrador,Hombre,Sin especificar,Sin especificar,1062A,,null,,,,
IDA2450,1062,Persona,Perpetrador,Mujer,Sin especificar,Sin especificar,1062A,,null,,,,
IDA2451,1063,Persona,Perpetrador,Hombre,Sin especificar,Político del Estado,"1063A, 1063B",,null,,,,
IDA2452,1063,Persona,Víctima,Hombre,Sin especificar,Sin especificar,"1063A, 1063B",,null,,,,
IDA2453,1064,Persona,Perpetrador,Hombre,Sin especificar,Sin especificar,1064A,,null,,,,
IDA2454,1064,Persona,Víctima,Hombre,Sin especificar,Sin especificar,1064A,,null,,,,
IDA2455,1065,Persona,Perpetrador,Hombre,Sin especificar,Sin especificar,1065A,,null,,,,
IDA2456,1065,Persona,Perpetrador,Hombre,Sin especificar,Sin especificar,1065A,,null,,,,
IDA2457,1067,Persona,Perpetrador,Mujer,Indígenas,Sin especificar,1067A,,null,,,,
IDA2458,1067,Persona,Víctima,Mujer,Indígenas,Sin especificar,1067A,,null,,,,
IDA2459,1068,Persona,Perpetrador,Hombre,Sin especificar,Sin especificar,1068A,,null,,,,
IDA2460,1068,Persona,Perpetrador,Hombre,Sin especificar,Sin especificar,1068A,,null,,,,
IDA2461,1068,Persona,Víctima,Indeterminado,Indeterminado,Indeterminado,1068A,1,null,,,,
IDA2462,1069,Persona,Perpetrador,Hombre,Sin especificar,Sin especificar,1069A,,null,,,,
IDA2463,1069,Persona,Perpetrador,Mujer,Sin especificar,Sin especificar,1069A,,null,,,,
IDA2464,1069,Persona,Perpetrador,Mujer,Sin especificar,Sin especificar,1069A,,null,,,,
IDA2465,1069,Persona,Perpetrador,Mujer,Sin especificar,Sin especificar,1069A,,null,,,,
IDA2466,1069,Persona,Perpetrador,Mujer,Sin especificar,Sin especificar,1069A,,null,,,,
IDA2467,1069,Persona,Víctima,Mujer,Sin especificar,Sin especificar,1069A,,null,,,,
IDA2468,1070,Persona,Perpetrador,Hombre,Sin especificar,Sin especificar,1070A,,null,,,,
IDA2469,1070,Persona,Víctima,Hombre,Sin especificar,Sin especificar,1070A,,null,,,,
IDA2470,1070,Persona,Víctima,Mujer,Sin especificar,Sin especificar,1070A,,null,,,,
IDA2471,1071,Persona,Perpetrador,Hombre,Sin especificar,Sin especificar,1071A,,null,,,,
IDA2472,1071,Persona,Perpetrador,Hombre,Sin especificar,Sin especificar,1071A,,null,,,,
IDA2473,1071,Persona,Perpetrador,Hombre,Sin especificar,Sin especificar,1071A,,null,,,,
IDA2474,1071,Persona,Víctima,Mujer,Sin especificar,Sin especificar,1071A,,null,,,,
IDA2475,1072,Persona,Perpetrador,Hombre,Sin especificar,Político del Estado,"1072A, 1072B",,null,,,,
IDA2476,1072,Persona,Víctima,Hombre,Sin especificar,Sin especificar,"1072A, 1072B",,null,,,,
IDA2477,1072,Persona,Víctima,Mujer,Sin especificar,Sin especificar,"1072A, 1072B",,null,,,,
IDA2478,1073,Persona,Perpetrador,Hombre,Sin especificar,Político del Estado,1073A,,null,,,,
IDA2479,1073,Persona,Perpetrador,Hombre,Sin especificar,Político del Estado,1073A,,null,,,,
IDA2480,1074,Persona,Perpetrador,Hombre,Sin especificar,Eclesiástico,1074A,,null,,,,
IDA2481,1074,Persona,Víctima,Hombre,Negro libre/mulato,Sin especificar,1074A,,null,,,,
IDA2482,1075,Persona,Perpetrador,Hombre,Sin especificar,Sin especificar,1075A,,null,,,,
IDA2483,1075,Persona,Perpetrador,Hombre,Sin especificar,Sin especificar,1075A,,null,,,,
IDA2484,1075,Persona,Víctima,Hombre,Sin especificar,Sin especificar,1075A,,null,,,,
IDA2485,1076,Persona,Perpetrador,Hombre,Sin especificar,Sin especificar,1076A,,null,,,,
IDA2486,1076,Persona,Perpetrador,Mujer,Sin especificar,Sin especificar,1076A,,null,,,,
IDA2487,1076,Persona,Víctima,Mujer,Sin especificar,Sin especificar,1076A,,null,,,,
IDA2488,1077,Persona,Perpetrador,Hombre,Sin especificar,Sin especificar,1077A,,null,,,,
IDA2489,1077,Persona,Víctima,Indeterminado,Indeterminado,Indeterminado,1077A,1,null,,,,
IDA2490,1078,Persona,Perpetrador,Hombre,Sin especificar,Sin especificar,1078A,,null,,,,
IDA2491,1078,Persona,Perpetrador,Mujer,Sin especificar,Sin especificar,1078A,,null,,,,
IDA2492,1079,Persona,Perpetrador,Hombre,Sin especificar,Sin especificar,1079A,,null,,,,
IDA2493,1079,Institución,Víctima,null,null,null,1079A,,Iglesia,,,,
IDA2494,1080,Persona,Perpetrador,Hombre,Sin especificar,Sin especificar,1080A,,null,,,,
IDA2495,1081,Persona,Perpetrador,Hombre,Sin especificar,Sin especificar,1081A,,null,,,,
IDA2496,1081,Persona,Víctima,Hombre,Sin especificar,Sin especificar,1081A,,null,,,,
IDA2497,1082,Persona,Perpetrador,Hombre,Sin especificar,Sin especificar,1082A,,null,,,,
IDA2498,1082,Persona,Víctima,Hombre,Sin especificar,Sin especificar,1082A,,null,,,,
IDA2499,1083,Persona,Perpetrador,Hombre,Sin especificar,Sin especificar,1083A,,null,,,,
IDA2500,1083,Persona,Víctima,Indeterminado,Indeterminado,Indeterminado,1083A,1,null,,,,
IDA2501,1084,Persona,Perpetrador,Indeterminado,Indeterminado,Indeterminado,"1084A, 1084B",1,null,,,,
IDA2502,1084,Persona,Perpetrador,Indeterminado,Indeterminado,Indeterminado,"1084A, 1084B",1,null,,,,
IDA2503,1084,Persona,Víctima,Hombre,Sin especificar,Sin especificar,"1084A, 1084B",,null,,,,
IDA2504,1085,Persona,Perpetrador,Hombre,Sin especificar,Fuerza armada,"1085A, 1085B",,null,,,,
IDA2505,1085,Persona,Perpetrador,Mujer,Indígenas,Sin especificar,1085A,,null,,,,
IDA2506,1085,Persona,Perpetrador,Mujer,Sin especificar,Sin especificar,1085A,,null,,,,
IDA2507,1085,Persona,Perpetrador,Mujer,Sin especificar,Sin especificar,1085B,,null,,,,
IDA2508,1085,Persona,Víctima,Hombre,Sin especificar,Sin especificar,1085B,,null,,,,
IDA2509,1086,Persona,Perpetrador,Hombre,Sin especificar,Sin especificar,"1086A, 1086B",,null,,1,,
IDA2510,1086,Persona,Víctima,Hombre,Sin especificar,Sin especificar,"1086A, 1086B",,null,,1,,
IDA2511,1087,Persona,Perpetrador,Hombre,Sin especificar,Sin especificar,1087A,,null,,,,
IDA2512,1087,Persona,Víctima,Hombre,Sin especificar,Sin especificar,1087A,,null,,,,
IDA2513,1088,Persona,Perpetrador,Mujer,Sin especificar,Sin especificar,1088A,,null,,,,
IDA2514,1088,Persona,Víctima,Indeterminado,Indeterminado,Indeterminado,1088A,1,null,,,,
IDA2515,1088,Persona,Perpetrador,Mujer,Sin especificar,Sin especificar,1088A,,null,,,,
IDA2516,1089,Persona,Perpetrador,Hombre,Sin especificar,Sin especificar,"1089A, 1089B",,null,,,,
IDA2517,1089,Persona,Víctima,Hombre,Sin especificar,Sin especificar,1089A,,null,,,,
IDA2518,1090,Persona,Perpetrador,Hombre,Sin especificar,Sin especificar,1090A,,null,,,,
IDA2519,1090,Persona,Víctima,Hombre,Sin especificar,Sin especificar,1090A,,null,,,,
IDA2520,1091,Persona,Perpetrador,Hombre,Sin especificar,Sin especificar,"1091A, 1091B, 1091C, 1091D",,null,,,,
IDA2521,1091,Persona,Víctima,Hombre,Sin especificar,Sin especificar,"1091A, 1091B",,null,,,,
IDA2522,1091,Persona,Víctima,Indeterminado,Indeterminado,Indeterminado,"1091C, 1091D",1,null,,,,
IDA2523,1092,Persona,Perpetrador,Hombre,Sin especificar,Sin especificar,1092A,,null,,,,
IDA2524,1092,Persona,Víctima,Hombre,Sin especificar,Sin especificar,1092A,,null,,,,
IDA2525,1093,Persona,Perpetrador,Mujer,Sin especificar,Sin especificar,1093A,,null,,,,
IDA2526,1093,Persona,Víctima,Hombre,Sin especificar,Sin especificar,1093A,,null,,,,
IDA2527,1094,Persona,Perpetrador,Hombre,Sin especificar,Sin especificar,1094A,,null,,1,,
IDA2528,1094,Persona,Víctima,Hombre,Sin especificar,Político del Estado,1094A,,null,,1,,
IDA2529,1094,Persona,Perpetrador,Hombre,Sin especificar,Político del Estado,1094B,,null,,1,,
IDA2530,1094,Persona,Víctima,Hombre,Sin especificar,Sin especificar,1094B,,null,,1,,
IDA2531,1095,Persona,Perpetrador,Hombre,Sin especificar,Eclesiástico,1095A,,null,,,,
IDA2532,1095,Persona,Víctima,Hombre,Sin especificar,Sin especificar,1095A,,null,,,,
IDA2533,1096,Persona,Perpetrador,Mujer,Sin especificar,Sin especificar,1096A,,null,,,,
IDA2534,1096,Persona,Víctima,Hombre,Sin especificar,Político del Estado,1096A,,null,,,,
IDA2535,1097,Persona,Perpetrador,Hombre,Sin especificar,Político del Estado,1097A,,null,,,,
IDA2536,1097,Persona,Perpetrador,Hombre,Sin especificar,Político del Estado,1097A,,null,,,,
IDA2537,1097,Persona,Perpetrador,Hombre,Sin especificar,Político del Estado,1097A,,null,,,,
IDA2538,1097,Persona,Víctima,Hombre,Sin especificar,Político del Estado,1097A,,null,,,,
IDA2539,1098,Persona,Perpetrador,Hombre,Sin especificar,Sin especificar,1098A,,null,,,,
IDA2540,1098,Persona,Víctima,Mujer,Sin especificar,Sin especificar,1098A,,null,,,,
IDA2541,1099,Persona,Perpetrador,Hombre,Sin especificar,Sin especificar,1099A,,null,,,,
IDA2542,1100,Persona,Perpetrador,Hombre,Sin especificar,Fuerza armada,1100A,,null,,,,
IDA2543,1100,Institución,Víctima,null,null,null,1100A,,Administración de Tabaco/Aguardiente/Correos,,,,
IDA2544,1101,Persona,Perpetrador,Hombre,Sin especificar,Sin especificar,1101A,,null,,,,
IDA2545,1101,Persona,Víctima,Hombre,Sin especificar,Sin especificar,1101A,,null,,,,
IDA2546,1102,Persona,Perpetrador,Hombre,Sin especificar,Sin especificar,1102A,,null,,1,,
IDA2547,1102,Persona,Perpetrador,Hombre,Sin especificar,Sin especificar,1102A,,null,,1,,
IDA2548,1102,Persona,Víctima,Indeterminado,Indeterminado,Indeterminado,1102A,1,null,,1,,
IDA2549,1102,Persona,Perpetrador,Hombre,Sin especificar,Político del Estado,1102B,,null,,1,,
IDA2550,1102,Persona,Víctima,Hombre,Sin especificar,Sin especificar,1102B,,null,,1,,
IDA2551,1103,Persona,Perpetrador,Hombre,Sin especificar,Político del Estado,1103A,,null,,,,
IDA2552,1103,Persona,Víctima,Hombre,Sin especificar,Político del Estado,1103A,,null,,,,
IDA2553,1104,Persona,Perpetrador,Hombre,Sin especificar,Sin especificar,1104A,,null,,,,
IDA2554,1104,Persona,Perpetrador,Mujer,Esclavo,Sin especificar,1104A,,null,,,,
IDA2555,1105,Persona,Perpetrador,Hombre,Sin especificar,Sin especificar,1105A,,null,,,,
IDA2556,1105,Persona,Víctima,Hombre,Sin especificar,Sin especificar,1105A,,null,,,,
IDA2557,1106,Persona,Perpetrador,Hombre,Sin especificar,Sin especificar,"1106A, 1106B",,null,,,,
IDA2558,1106,Persona,Víctima,Mujer,Sin especificar,Sin especificar,"1106A, 1106B",,null,,,,
IDA2559,1106,Persona,Perpetrador,Mujer,Sin especificar,Sin especificar,1106B,,null,,,,
IDA2560,1106,Persona,Perpetrador,Hombre,Sin especificar,Sin especificar,"1106B, 1106A",,null,,,,
IDA2561,1106,Persona,Perpetrador,Mujer,Sin especificar,Sin especificar,1106B,,null,,,,
IDA2562,1106,Persona,Víctima,Mujer,Sin especificar,Sin especificar,"1106B, 1106A",,null,,,,
IDA2563,1107,Persona,Perpetrador,Hombre,Sin especificar,Sin especificar,1107A,,null,,,,
IDA2564,1107,Persona,Perpetrador,Mujer,Sin especificar,Sin especificar,1107A,,null,,,,
IDA2565,1107,Persona,Víctima,Hombre,Sin especificar,Sin especificar,1107A,,null,,,,
IDA2566,1108,Persona,Perpetrador,Hombre,Sin especificar,Sin especificar,"1108A, 1108B",,null,,,,
IDA2567,1108,Persona,Víctima,Hombre,Sin especificar,Sin especificar,1108A,,null,,,,
IDA2568,1108,Persona,Víctima,Hombre,Sin especificar,Político del Estado,1108B,,null,,,,
IDA2569,1109,Persona,Perpetrador,Hombre,Sin especificar,Sin especificar,1109A,,null,,,,
IDA2570,1109,Persona,Víctima,Indeterminado,Indeterminado,Indeterminado,1109A,1,null,,,,
IDA2571,1110,Persona,Perpetrador,Hombre,Sin especificar,Sin especificar,"1110A, 1110B",,null,,,,
IDA2572,1110,Persona,Víctima,Hombre,Sin especificar,Sin especificar,"1110A, 1110B",,null,,,,
IDA2573,1111,Persona,Perpetrador,Hombre,Sin especificar,Sin especificar,1111A,,null,,1,,
IDA2574,1111,Persona,Perpetrador,Mujer,Sin especificar,Sin especificar,1111A,,null,,1,,
IDA2575,1111,Persona,Víctima,Hombre,Sin especificar,Sin especificar,"1111A, 1111B",,null,,1,,
IDA2576,1111,Persona,Perpetrador,Hombre,Sin especificar,Político del Estado,1111B,,null,,1,,
IDA2577,1111,Persona,Víctima,Mujer,Sin especificar,Sin especificar,1111B,,null,,1,,
IDA2578,1112,Persona,Perpetrador,Hombre,Sin especificar,Sin especificar,"1112A, 1112B, 1112C",,null,,,,
IDA2579,1112,Persona,Perpetrador,Mujer,Sin especificar,Sin especificar,1112A,,null,,,,
IDA2580,1112,Persona,Víctima,Hombre,Sin especificar,Sin especificar,1112A,,null,,,,
IDA2581,1112,Persona,Víctima,Indeterminado,Indeterminado,Indeterminado,"1112B, 1112C",1,null,,,,
IDA2582,1113,Persona,Perpetrador,Hombre,Sin especificar,Sin especificar,1113A,,null,,,,
IDA2583,1113,Persona,Víctima,Hombre,Sin especificar,Político del Estado,1113A,,null,,,,
IDA2584,1114,Persona,Perpetrador,Hombre,Sin especificar,Sin especificar,"1114A, 1114B",,null,,,,
IDA2585,1114,Persona,Perpetrador,Hombre,Sin especificar,Sin especificar,1114A,,null,,,,
IDA2586,1114,Persona,Víctima,Hombre,Sin especificar,Sin especificar,1114B,,null,,,,
IDA2587,1114,Persona,Perpetrador,Hombre,Sin especificar,Sin especificar,"1114B, 1114A",,null,,,,
IDA2588,1114,Persona,Víctima,Hombre,Sin especificar,Sin especificar,1114B,,null,,,,
IDA2589,1114,Persona,Perpetrador,Hombre,Sin especificar,Sin especificar,1114A,,null,,,,
IDA2590,1115,Persona,Perpetrador,Hombre,Sin especificar,Sin especificar,1115A,,null,,,,
IDA2591,1115,Persona,Víctima,Hombre,Sin especificar,Político del Estado,1115A,,null,,,,
IDA2592,1116,Persona,Perpetrador,Hombre,Sin especificar,Sin especificar,1116A,,null,,,,
IDA2593,1116,Persona,Perpetrador,Mujer,Sin especificar,Sin especificar,1116A,,null,,,,
IDA2594,1116,Persona,Perpetrador,Mujer,Sin especificar,Sin especificar,1116A,,null,,,,
IDA2595,1116,Persona,Víctima,Hombre,Sin especificar,Sin especificar,1116A,,null,,,,
IDA2596,1118,Persona,Perpetrador,Hombre,Sin especificar,Sin especificar,1118A,,null,,,,
IDA2597,1118,Persona,Víctima,Indeterminado,Indeterminado,Indeterminado,1118A,1,null,,,,
IDA2598,1119,Persona,Perpetrador,Hombre,Sin especificar,Sin especificar,1119A,1,null,,,,
IDA2599,1119,Persona,Cómplice,Indeterminado,Indeterminado,Indeterminado,1119A,1,null,,,,
IDA2600,1119,Persona,Cómplice,Indeterminado,Indeterminado,Indeterminado,1119A,1,null,,,,
IDA2601,1119,Persona,Víctima,Indeterminado,Indeterminado,Indeterminado,1119A,1,null,,,,
IDA2602,1120,Persona,Perpetrador,Hombre,Sin especificar,Sin especificar,"1120A, 1120B",,null,,,,
IDA2603,1120,Persona,Víctima,Mujer,Sin especificar,Sin especificar,"1120A, 1120B",,null,,,,
IDA2604,1121,Persona,Perpetrador,Hombre,Sin especificar,Sin especificar,"1121A, 1121B",,null,,,,
IDA2605,1121,Persona,Víctima,Mujer,Sin especificar,Sin especificar,1121A,,null,,,,
IDA2606,1121,Persona,Víctima,Hombre,Sin especificar,Sin especificar,1121B,,null,,,,
IDA2607,1121,Persona,Perpetrador,Hombre,Sin especificar,Sin especificar,"1121B, 1121A",,null,,,,
IDA2608,1121,Persona,Víctima,Hombre,Sin especificar,Sin especificar,1121B,,null,,,,
IDA2609,1121,Persona,Víctima,Mujer,Sin especificar,Sin especificar,1121A,,null,,,,
IDA2610,1122,Persona,Perpetrador,Hombre,Sin especificar,Sin especificar,1122A,,null,,,,
IDA2611,1122,Persona,Víctima,Mujer,Sin especificar,Sin especificar,1122A,,null,,,,
IDA2612,1123,Persona,Perpetrador,Hombre,Sin especificar,Sin especificar,"1123A, 1123B",,null,,,,
IDA2613,1123,Persona,Cómplice,Hombre,Sin especificar,Sin especificar,1123B,,null,,,,
IDA2614,1123,Persona,Cómplice,Hombre,Sin especificar,Sin especificar,1123B,,null,,,,
IDA2615,1123,Persona,Víctima,Mujer,Sin especificar,Sin especificar,1123B,,null,,,,
IDA2616,1124,Persona,Perpetrador,Hombre,Sin especificar,Sin especificar,1124A,,null,,,,
IDA2617,1124,Persona,Víctima,Hombre,Sin especificar,Sin especificar,1124A,,null,,,,
IDA2618,1125,Persona,Perpetrador,Hombre,Sin especificar,Sin especificar,1125A,,null,,,,
IDA2619,1125,Institución,Víctima,null,null,null,1125A,,La autoridad,,,,
IDA2620,1127,Persona,Perpetrador,Hombre,Sin especificar,Sin especificar,1127A,,null,,,,
IDA2621,1127,Persona,Víctima,Mujer,Sin especificar,Sin especificar,1127A,,null,,,,
IDA2622,1128,Persona,Perpetrador,Hombre,Sin especificar,Sin especificar,1128A,,null,,,,
IDA2623,1128,Persona,Víctima,Indeterminado,Indeterminado,Indeterminado,1128A,1,null,,,,
IDA2624,1129,Persona,Perpetrador,Hombre,Sin especificar,Político del Estado,"1129A, 1129B, 1129C",,null,,,,
IDA2625,1129,Persona,Perpetrador,Hombre,Sin especificar,Político del Estado,"1129B, 1129C, 1129A",,null,,,,
IDA2626,1130,Persona,Perpetrador,Hombre,Sin especificar,Sin especificar,1130A,,null,,,,
IDA2627,1130,Persona,Víctima,Hombre,Sin especificar,Político del Estado,1130A,,null,,,,
IDA2628,1131,Persona,Perpetrador,Hombre,Sin especificar,Sin especificar,1131A,,null,,,,
IDA2629,1131,Persona,Víctima,Hombre,Sin especificar,Sin especificar,1131A,,null,,,,
IDA2630,1132,Persona,Perpetrador,Hombre,Sin especificar,Sin especificar,1132A,,null,,,,
IDA2631,1132,Persona,Víctima,Hombre,Sin especificar,Sin especificar,1132A,,null,,,,
IDA2632,1133,Persona,Perpetrador,Hombre,Sin especificar,Sin especificar,"1133A, 1133B",,null,,,,
IDA2633,1133,Persona,Víctima,Hombre,Sin especificar,Sin especificar,"1133A, 1133B",,null,,,,
IDA2634,1134,Persona,Perpetrador,Hombre,Sin especificar,Sin especificar,1134A,,null,,,,
IDA2635,1134,Persona,Víctima,Hombre,Sin especificar,Sin especificar,1134A,,null,,,,
IDA2636,1135,Persona,Perpetrador,Hombre,Indígenas,Sin especificar,1135A,1,null,,,,
IDA2637,1135,Persona,Perpetrador,Hombre,Indígenas,Sin especificar,1135A,1,null,,,,
IDA2638,1135,Persona,Perpetrador,Hombre,Indígenas,Sin especificar,1135A,1,null,,,,
IDA2639,1135,Persona,Perpetrador,Indeterminado,Indeterminado,Indeterminado,1135A,1,null,,,,
IDA2640,1135,Persona,Perpetrador,Indeterminado,Indeterminado,Indeterminado,1135A,1,null,,,,
IDA2641,1135,Persona,Víctima,Hombre,Sin especificar,Sin especificar,1135A,,null,,,,
IDA2642,1137,Persona,Perpetrador,Hombre,Sin especificar,Sin especificar,"1137A, 1137B",,null,,,,
IDA2643,1137,Persona,Víctima,Hombre,Sin especificar,Sin especificar,1137A,,null,,,,
IDA2644,1137,Persona,Víctima,Indeterminado,Indeterminado,Indeterminado,1137B,1,null,,,,
IDA2645,1137,Persona,Víctima,Indeterminado,Indeterminado,Indeterminado,1137B,1,null,,,,
IDA2646,1138,Persona,Perpetrador,Hombre,Sin especificar,Sin especificar,"1138A, 1138B, 1138C",,null,,,,
IDA2647,1138,Persona,Perpetrador,Mujer,Sin especificar,Sin especificar,"1138A, 1138B, 1138C",,null,,,,
IDA2648,1139,Persona,Perpetrador,Hombre,Sin especificar,Sin especificar,1139A,,null,,,,
IDA2649,1139,Persona,Perpetrador,Mujer,Sin especificar,Sin especificar,1139A,,null,,,,
IDA2650,1140,Persona,Perpetrador,Hombre,Sin especificar,Sin especificar,1140A,,null,,,,
IDA2651,1140,Persona,Perpetrador,Hombre,Sin especificar,Sin especificar,1140A,,null,,,,
IDA2652,1140,Persona,Perpetrador,Hombre,Sin especificar,Sin especificar,1140A,,null,,,,
IDA2653,1140,Persona,Perpetrador,Hombre,Sin especificar,Sin especificar,1140A,,null,,,,
IDA2654,1140,Institución,Víctima,null,null,null,1140A,,Iglesia,,,,
IDA2655,1141,Persona,Perpetrador,Hombre,Sin especificar,Sin especificar,"1141A, 1141B",,null,,,,
IDA2656,1141,Persona,Víctima,Indeterminado,Indeterminado,Indeterminado,1141A,1,null,,,,
IDA2657,1141,Persona,Víctima,Indeterminado,Indeterminado,Indeterminado,1141A,1,null,,,,
IDA2658,1142,Persona,Perpetrador,Hombre,Sin especificar,Sin especificar,1142A,,null,,,,
IDA2659,1142,Persona,Víctima,Mujer,Sin especificar,Sin especificar,1142A,,null,,,,
IDA2660,1143,Persona,Perpetrador,Hombre,Sin especificar,Sin especificar,"1143A, 1143B, 1143C, 1143D",,null,,,,
IDA2661,1143,Persona,Víctima,Indeterminado,Indeterminado,Indeterminado,"1143A, 1143C",1,null,,,,
IDA2662,1143,Persona,Víctima,Mujer,Sin especificar,Sin especificar,1143B,,null,,,,
IDA2663,1143,Persona,Víctima,Hombre,Sin especificar,Sin especificar,1143D,,null,,,,
IDA2664,1144,Persona,Perpetrador,Hombre,Sin especificar,Sin especificar,1144A,,null,,,,
IDA2665,1144,Persona,Víctima,Indeterminado,Indeterminado,Indeterminado,1144A,1,null,,,,
IDA2666,1145,Persona,Perpetrador,Hombre,Sin especificar,Sin especificar,1145A,,null,,,,
IDA2667,1145,Persona,Cómplice,Hombre,Sin especificar,Sin especificar,1145A,,null,,,,
IDA2668,1145,Persona,Cómplice,Hombre,Sin especificar,Sin especificar,1145A,,null,,,,
IDA2669,1145,Persona,Víctima,Hombre,Sin especificar,Sin especificar,1145A,,null,,,,
IDA2670,1146,Persona,Perpetrador,Hombre,Sin especificar,Sin especificar,1146A,,null,,,,
IDA2671,1146,Persona,Perpetrador,Hombre,Sin especificar,Sin especificar,1146A,,null,,,,
IDA2672,1146,Persona,Víctima,Hombre,Sin especificar,Sin especificar,1146A,,null,,,,
IDA2673,1147,Persona,Perpetrador,Hombre,Sin especificar,Político del Estado,"1147A, 1147B",,null,,,,
IDA2674,1147,Persona,Víctima,Hombre,Sin especificar,Sin especificar,"1147A, 1147B",,null,,,,
IDA2675,1148,Persona,Perpetrador,Hombre,Sin especificar,Político del Estado,1148A,,null,,,,
IDA2676,1148,Persona,Víctima,Hombre,Sin especificar,Sin especificar,1148A,,null,,,,
IDA2677,1149,Persona,Perpetrador,Hombre,Sin especificar,Sin especificar,1149A,,null,,,,
IDA2678,1149,Persona,Víctima,Hombre,Indígenas,Sin especificar,1149A,1,null,,,,
IDA2679,1149,Persona,Víctima,Hombre,Indígenas,Sin especificar,1149A,1,null,,,,
IDA2680,1150,Persona,Perpetrador,Hombre,Sin especificar,Sin especificar,1150A,,null,,,,
IDA2681,1150,Persona,Víctima,Hombre,Indígenas,Sin especificar,1150A,1,null,,,,
IDA2682,1150,Persona,Víctima,Hombre,Indígenas,Sin especificar,1150A,1,null,,,,
IDA2683,1151,Persona,Perpetrador,Hombre,Sin especificar,Sin especificar,1151A,,null,,,,
IDA2684,1151,Persona,Víctima,Indeterminado,Indeterminado,Indeterminado,1151A,1,null,,,,
IDA2685,1152,Persona,Perpetrador,Hombre,Sin especificar,Sin especificar,1152A,,null,,,,
IDA2686,1153,Persona,Perpetrador,Hombre,Sin especificar,Sin especificar,1153A,,null,,,,
IDA2687,1153,Población Completa,Víctima,null,null,null,1153A,,null,,,,
IDA2688,1155,Persona,Perpetrador,Hombre,Sin especificar,Sin especificar,1155A,,null,,,,
IDA2689,1156,Persona,Perpetrador,Hombre,Sin especificar,Sin especificar,1156A,,null,,,,
IDA2690,1156,Persona,Víctima,Mujer,Sin especificar,Sin especificar,1156A,,null,,,,
IDA2691,1157,Persona,Perpetrador,Hombre,Sin especificar,Sin especificar,1157A,,null,,1,,
IDA2692,1157,Persona,Perpetrador,Hombre,Sin especificar,Político del Estado,1157B,,null,,1,,
IDA2693,1157,Persona,Víctima,Hombre,Sin especificar,Sin especificar,1157B,,null,,1,,
IDA2694,1158,Persona,Perpetrador,Hombre,Sin especificar,Sin especificar,"1158A, 1158B",,null,,,,
IDA2695,1158,Persona,Perpetrador,Mujer,Sin especificar,Sin especificar,"1158A, 1158B",,null,,,,
IDA2696,1158,Persona,Víctima,Hombre,Sin especificar,Sin especificar,1158A,,null,,,,
IDA2697,1158,Persona,Víctima,Mujer,Sin especificar,Sin especificar,1158B,,null,,,,
IDA2698,1159,Persona,Perpetrador,Hombre,Sin especificar,Político del Estado,"1159A, 1159B",,null,,,,
IDA2699,1159,Población Completa,Víctima,null,null,null,1159A,,null,,,,
IDA2700,1160,Persona,Perpetrador,Hombre,Sin especificar,Sin especificar,1160A,,null,,,,
IDA2701,1160,Persona,Víctima,Hombre,Sin especificar,Sin especificar,1160A,,null,,,,
IDA2702,1161,Persona,Perpetrador,Hombre,Sin especificar,Sin especificar,1161A,,null,,,,
IDA2703,1161,Persona,Perpetrador,Mujer,Sin especificar,Sin especificar,1161A,,null,,,,
IDA2704,1162,Persona,Perpetrador,Hombre,Sin especificar,Político del Estado,1162A,,null,,,,
IDA2705,1162,Persona,Víctima,Hombre,Sin especificar,Sin especificar,1162A,,null,,,,
IDA2706,1163,Persona,Perpetrador,Hombre,Sin especificar,Sin especificar,1163A,,null,,,,
IDA2707,1163,Persona,Víctima,Hombre,Sin especificar,Político del Estado,1163A,,null,,,,
IDA2708,1163,Persona,Perpetrador,Hombre,Sin especificar,Político del Estado,1163B,,null,,,,
IDA2709,1163,Persona,Perpetrador,Hombre,Sin especificar,Político del Estado,1163B,,null,,,,
IDA2710,1163,Persona,Perpetrador,Hombre,Sin especificar,Sin especificar,1163A,,null,,,,
IDA2711,1163,Persona,Víctima,Hombre,Sin especificar,Político del Estado,1163A,,null,,,,
IDA2712,1164,Persona,Perpetrador,Hombre,Sin especificar,Sin especificar,"1164A, 1164B",,null,,,,
IDA2713,1164,Persona,Víctima,Indeterminado,Indeterminado,Indeterminado,"1164A, 1164B",1,null,,,,
IDA2714,1165,Persona,Perpetrador,Hombre,Sin especificar,Sin especificar,1165A,,null,,,,
IDA2715,1165,Persona,Víctima,Indeterminado,Indeterminado,Indeterminado,1165A,1,null,,,,
IDA2716,1166,Persona,Perpetrador,Hombre,Sin especificar,Sin especificar,"1166A, 1166B",,null,,,,
IDA2717,1166,Persona,Víctima,Hombre,Sin especificar,Sin especificar,1166B,,null,,,,
IDA2718,1167,Persona,Perpetrador,Hombre,Sin especificar,Sin especificar,1167A,,null,,,,
IDA2719,1167,Persona,Víctima,Indeterminado,Indeterminado,Indeterminado,1167A,1,null,,,,
IDA2720,1168,Persona,Perpetrador,Hombre,Sin especificar,Sin especificar,"1168A, 1168B",,null,,,,
IDA2721,1168,Persona,Perpetrador,Hombre,Sin especificar,Sin especificar,"1168B, 1168A",,null,,,,
IDA2722,1169,Persona,Perpetrador,Hombre,Sin especificar,Político del Estado,1169A,,null,,,,
IDA2723,1169,Persona,Víctima,Hombre,Sin especificar,Político del Estado,1169A,,null,,,,
IDA2724,1170,Persona,Perpetrador,Hombre,Sin especificar,Sin especificar,"1170A, 1170B",,null,,,,
IDA2725,1170,Persona,Víctima,Hombre,Sin especificar,Político del Estado,"1170A, 1170B",,null,,,,
IDA2726,1171,Persona,Perpetrador,Hombre,Sin especificar,Sin especificar,1171A,,null,,,,
IDA2727,1171,Persona,Víctima,Indeterminado,Indeterminado,Indeterminado,1171A,1,null,,,,
IDA2728,1172,Persona,Perpetrador,Hombre,Sin especificar,Sin especificar,1172A,,null,,,,
IDA2729,1172,Persona,Perpetrador,Mujer,Sin especificar,Sin especificar,1172A,,null,,,,
IDA2730,1173,Persona,Perpetrador,Hombre,Sin especificar,Sin especificar,"1173A, 1173B, 1173C",,null,,,,
IDA2731,1174,Persona,Perpetrador,Hombre,Sin especificar,Sin especificar,1174A,,null,,,,
IDA2732,1174,Persona,Perpetrador,Hombre,Sin especificar,Sin especificar,1174A,,null,,,,
IDA2733,1174,Persona,Víctima,Indeterminado,Indeterminado,Indeterminado,1174A,1,null,,,,
IDA2734,1175,Persona,Perpetrador,Hombre,Sin especificar,Sin especificar,1175A,,null,,,,
IDA2735,1175,Persona,Perpetrador,Hombre,Sin especificar,Sin especificar,1175A,,null,,,,
IDA2736,1175,Persona,Víctima,Indeterminado,Indeterminado,Indeterminado,1175A,1,null,,,,
IDA2737,1176,Persona,Perpetrador,Hombre,Indígenas,Sin especificar,1176A,,null,,,,
IDA2738,1176,Persona,Víctima,Hombre,Sin especificar,Sin especificar,1176A,,null,,,,
IDA2739,1178,Persona,Perpetrador,Hombre,Sin especificar,Sin especificar,1178A,,null,,,,
IDA2740,1178,Persona,Víctima,Hombre,Sin especificar,Sin especificar,1178A,,null,,,,
IDA2741,1179,Persona,Perpetrador,Hombre,Sin especificar,Sin especificar,1179A,,null,,,,
IDA2742,1179,Persona,Víctima,Hombre,Sin especificar,Sin especificar,1179A,,null,,,,
IDA2743,1180,Persona,Perpetrador,Hombre,Sin especificar,Sin especificar,1180A,,null,,,,
IDA2744,1180,Persona,Víctima,Mujer,Sin especificar,Sin especificar,1180A,,null,,,,
IDA2745,1181,Persona,Perpetrador,Hombre,Sin especificar,Sin especificar,1181A,,null,,,,
IDA2746,1181,Persona,Víctima,Hombre,Sin especificar,Sin especificar,1181A,,null,,,,
IDA2747,1182,Persona,Perpetrador,Hombre,Sin especificar,Sin especificar,"1182A, 1182B",,null,,,,
IDA2748,1182,Persona,Perpetrador,Hombre,Sin especificar,Sin especificar,"1182A, 1182B",,null,,,,
IDA2749,1182,Población Indígena Completa,Víctima,null,null,null,"1182A, 1182B",,null,,,,
IDA2750,1183,Persona,Perpetrador,Hombre,Sin especificar,Sin especificar,1183A,,null,,,,
IDA2751,1183,Persona,Perpetrador,Hombre,Sin especificar,Sin especificar,1183A,,null,,,,
IDA2752,1183,Persona,Víctima,Indeterminado,Indeterminado,Indeterminado,1183A,1,null,,,,
IDA2753,1185,Persona,Perpetrador,Hombre,Sin especificar,Sin especificar,"1185A, 1185B",,null,,,,
IDA2754,1185,Persona,Perpetrador,Hombre,Sin especificar,Sin especificar,"1185A, 1185B",,null,,,,
IDA2755,1185,Persona,Perpetrador,Mujer,Sin especificar,Sin especificar,"1185A, 1185B",,null,,,,
IDA2756,1185,Persona,Perpetrador,Mujer,Sin especificar,Sin especificar,"1185A, 1185B",,null,,,,
IDA2757,1185,Persona,Víctima,Hombre,Sin especificar,Sin especificar,"1185A, 1185B",,null,,,,
IDA2758,1186,Persona,Perpetrador,Hombre,Sin especificar,Sin especificar,1186A,,null,,,,
IDA2759,1186,Persona,Víctima,Hombre,Sin especificar,Sin especificar,1186A,,null,,,,
IDA2760,1187,Persona,Perpetrador,Hombre,Sin especificar,Sin especificar,1187A,,null,,,,
IDA2761,1187,Institución,Víctima,null,null,null,1187A,,La justicia/jueces,,,,
IDA2762,1189,Persona,Perpetrador,Hombre,Sin especificar,Sin especificar,1189A,,null,,,,
IDA2763,1189,Persona,Perpetrador,Mujer,Sin especificar,Sin especificar,1189A,,null,,,,
IDA2764,1189,Persona,Víctima,Hombre,Sin especificar,Sin especificar,1189A,,null,,,,
IDA2765,1190,Persona,Perpetrador,Hombre,Sin especificar,Sin especificar,"1190A, 1190C, 1190D, 1190E, 1190F",1,null,,,,
IDA2766,1190,Persona,Víctima,Indeterminado,Indeterminado,Indeterminado,1190A,1,null,,,,
IDA2767,1190,Persona,Perpetrador,Hombre,Sin especificar,Sin especificar,"1190D, 1190E",1,null,,,,
IDA2768,1190,Institución,Víctima,null,null,null,1190F,,La autoridad,,,,
IDA2769,1196,Persona,Perpetrador,Hombre,Sin especificar,Sin especificar,1196A,,null,,,,
IDA2770,1196,Persona,Perpetrador,Hombre,Sin especificar,Sin especificar,1196A,,null,,,,
IDA2771,1196,Persona,Víctima,Indeterminado,Indeterminado,Indeterminado,1196A,1,null,,,,
IDA2772,1197,Persona,Perpetrador,Hombre,Sin especificar,Sin especificar,1197A,,null,,,,
IDA2773,1197,Persona,Víctima,Hombre,Sin especificar,Sin especificar,1197A,,null,,,,
IDA2774,1198,Persona,Perpetrador,Hombre,Sin especificar,Sin especificar,1198A,,null,,,,
IDA2775,1198,Persona,Víctima,Mujer,Sin especificar,Sin especificar,1198A,,null,,,,
IDA2776,1199,Persona,Perpetrador,Hombre,Sin especificar,Sin especificar,1199A,,null,,,,
IDA2777,1199,Persona,Víctima,Indeterminado,Indeterminado,Indeterminado,1199A,1,null,,,,
IDA2778,1200,Persona,Perpetrador,Hombre,Sin especificar,Político del Estado,1200A,,null,,,,
IDA2779,1200,Persona,Víctima,Hombre,Sin especificar,Sin especificar,1200A,,null,,,,
IDA2780,1201,Persona,Perpetrador,Hombre,Sin especificar,Sin especificar,"1201A, 1201B",,null,,,,
IDA2781,1201,Persona,Perpetrador,Mujer,Sin especificar,Sin especificar,"1201A, 1201B",,null,,,,
IDA2782,1201,Persona,Víctima,Hombre,Sin especificar,Sin especificar,1201A,,null,,,,
IDA2783,1201,Persona,Víctima,Mujer,Sin especificar,Sin especificar,1201B,,null,,,,
IDA2784,1201,Persona,Perpetrador,Hombre,Sin especificar,Sin especificar,"1201B, 1201A",,null,,,,
IDA2785,1201,Persona,Perpetrador,Mujer,Sin especificar,Sin especificar,"1201B, 1201A",,null,,,,
IDA2786,1201,Persona,Víctima,Mujer,Sin especificar,Sin especificar,1201B,,null,,,,
IDA2787,1201,Persona,Víctima,Hombre,Sin especificar,Sin especificar,1201A,,null,,,,
IDA2788,1202,Persona,Perpetrador,Hombre,Sin especificar,Sin especificar,1202A,,null,,,,
IDA2789,1202,Persona,Víctima,Hombre,Sin especificar,Sin especificar,1202A,,null,,,,
IDA2790,1203,Persona,Perpetrador,Hombre,Sin especificar,Sin especificar,1203A,1,null,,,,
IDA2791,1203,Persona,Perpetrador,Hombre,Sin especificar,Sin especificar,1203A,1,null,,,,
IDA2792,1203,Persona,Perpetrador,Hombre,Sin especificar,Sin especificar,1203A,1,null,,,,
IDA2793,1203,Persona,Perpetrador,Indeterminado,Indeterminado,Indeterminado,1203A,1,null,,,,
IDA2794,1203,Persona,Perpetrador,Indeterminado,Indeterminado,Indeterminado,1203A,1,null,,,,
IDA2795,1203,Persona,Víctima,Hombre,Sin especificar,Sin especificar,1203A,,null,,,,
IDA2796,1204,Persona,Perpetrador,Mujer,Sin especificar,Sin especificar,1204A,1,null,,,,
IDA2797,1204,Persona,Perpetrador,Hombre,Sin especificar,Sin especificar,1204A,1,null,,,,
IDA2798,1204,Persona,Perpetrador,Hombre,Sin especificar,Sin especificar,1204A,1,null,,,,
IDA2799,1204,Persona,Perpetrador,Indeterminado,Indeterminado,Indeterminado,1204A,1,null,,,,
IDA2800,1204,Persona,Perpetrador,Indeterminado,Indeterminado,Indeterminado,1204A,1,null,,,,
IDA2801,1204,Persona,Víctima,Hombre,Sin especificar,Político del Estado,1204A,,null,,,,
IDA2802,1205,Persona,Perpetrador,Hombre,Sin especificar,Sin especificar,1205A,,null,,,,
IDA2803,1205,Persona,Víctima,Hombre,Sin especificar,Sin especificar,1205A,,null,,,,
IDA2804,1208,Persona,Perpetrador,Hombre,Sin especificar,Sin especificar,1208A,,null,,,,
IDA2805,1208,Persona,Perpetrador,Mujer,Sin especificar,Sin especificar,1208A,,null,,,,
IDA2806,1209,Persona,Perpetrador,Indeterminado,Indeterminado,Indeterminado,1209A,1,null,,,,
IDA2807,1209,Persona,Víctima,Hombre,Sin especificar,Político del Estado,1209A,,null,,,,
IDA2808,1210,Persona,Perpetrador,Hombre,Sin especificar,Sin especificar,1210A,,null,,,,
IDA2809,1210,Persona,Víctima,Mujer,Sin especificar,Sin especificar,1210A,,null,,,,
IDA2810,1211,Persona,Perpetrador,Hombre,Sin especificar,Sin especificar,1211A,,null,,,,
IDA2811,1211,Persona,Perpetrador,Hombre,Sin especificar,Sin especificar,1211A,,null,,,,
IDA2812,1211,Persona,Perpetrador,Hombre,Sin especificar,Sin especificar,1211A,,null,,,,
IDA2813,1211,Persona,Víctima,Hombre,Sin especificar,Sin especificar,1211A,,null,,,,
IDA2814,1212,Persona,Perpetrador,Hombre,Sin especificar,Sin especificar,1212A,,null,,,,
IDA2815,1212,Persona,Víctima,Indeterminado,Indeterminado,Indeterminado,1212A,1,null,,,,
IDA2816,1213,Persona,Perpetrador,Hombre,Sin especificar,Sin especificar,1213A,,null,,,,
IDA2817,1213,Persona,Perpetrador,Hombre,Sin especificar,Sin especificar,1213A,,null,,,,
IDA2818,1213,Persona,Perpetrador,Hombre,Sin especificar,Sin especificar,1213A,,null,,,,
IDA2819,1213,Persona,Perpetrador,Hombre,Sin especificar,Sin especificar,1213A,,null,,,,
IDA2820,1213,Persona,Víctima,Indeterminado,Indeterminado,Indeterminado,1213A,1,null,,,,
IDA2821,1214,Persona,Perpetrador,Hombre,Sin especificar,Sin especificar,1214A,,null,,,,
IDA2822,1214,Institución,Víctima,null,null,null,1214A,,Iglesia,,,,
IDA2823,1215,Persona,Perpetrador,Hombre,Sin especificar,Sin especificar,1215A,,null,,,,
IDA2824,1215,Institución,Víctima,null,null,null,1215A,,Iglesia,,,,
IDA2825,1216,Persona,Perpetrador,Hombre,Sin especificar,Sin especificar,1216A,,null,,,,
IDA2826,1217,Persona,Perpetrador,Hombre,Sin especificar,Sin especificar,"1217A, 1217B",,null,,,,
IDA2827,1217,Persona,Víctima,Hombre,Sin especificar,Eclesiástico,1217A,,null,,,,
IDA2828,1217,Institución,Víctima,null,null,null,1217B,,La justicia/jueces,,,,
IDA2829,1218,Persona,Perpetrador,Hombre,Sin especificar,Sin especificar,1218A,,null,,,,
IDA2830,1219,Persona,Perpetrador,Hombre,Sin especificar,Político del Estado,"1219A, 1219B",,null,,1,,
IDA2831,1219,Persona,Perpetrador,Mujer,Sin especificar,Sin especificar,1219A,,null,,1,,
IDA2832,1219,Persona,Víctima,Hombre,Sin especificar,Político del Estado,1219B,,null,,1,,
IDA2833,1220,Persona,Perpetrador,Hombre,Sin especificar,Sin especificar,"1220A, 1220B",,null,,,,
IDA2834,1220,Persona,Víctima,Hombre,Sin especificar,Sin especificar,"1220A, 1220B",,null,,,,
IDA2835,1221,Persona,Perpetrador,Mujer,Sin especificar,Sin especificar,1221A,,null,,,,
IDA2836,1221,Persona,Víctima,Hombre,Sin especificar,Sin especificar,1221A,,null,,,,
IDA2837,1222,Persona,Perpetrador,Hombre,Sin especificar,Sin especificar,"1222A, 1222B",,null,,1,,
IDA2838,1222,Persona,Víctima,Hombre,Sin especificar,Sin especificar,1222A,,null,,1,,
IDA2839,1222,Persona,Víctima,Mujer,Sin especificar,Sin especificar,1222B,,null,,1,,
IDA2840,1223,Persona,Perpetrador,Hombre,Sin especificar,Sin especificar,"1223A, 1223B",,null,,,,
IDA2841,1223,Persona,Perpetrador,Hombre,Sin especificar,Sin especificar,"1223A, 1223B",,null,,,,
IDA2842,1223,Persona,Perpetrador,Mujer,Sin especificar,Sin especificar,"1223A, 1223B",,null,,,,
IDA2843,1223,Persona,Víctima,Hombre,Sin especificar,Sin especificar,"1223A, 1223B",,null,,,,
IDA2844,1224,Persona,Perpetrador,Hombre,Sin especificar,Sin especificar,"1224A, 1224B",,null,,,,
IDA2845,1224,Institución,Víctima,null,null,null,"1224A, 1224B",,La autoridad,,,,
IDA2846,1225,Persona,Perpetrador,Indeterminado,Indeterminado,Indeterminado,1225A,1,null,,,,
IDA2847,1225,Persona,Perpetrador,Indeterminado,Indeterminado,Indeterminado,1225A,1,null,,,,
IDA2848,1225,Persona,Víctima,Hombre,Sin especificar,Político del Estado,1225A,,null,,,,
IDA2849,1226,Persona,Perpetrador,Hombre,Sin especificar,Sin especificar,1226A,,null,,,,
IDA2850,1226,Persona,Víctima,Hombre,Sin especificar,Sin especificar,1226A,,null,,,,
IDA2851,1227,Persona,Perpetrador,Hombre,Sin especificar,Sin especificar,"1227A, 1227B, 1227C",,null,,,,
IDA2852,1227,Persona,Víctima,Hombre,Sin especificar,Sin especificar,"1227A, 1227B, 1227C",,null,,,,
IDA2853,1227,Persona,Víctima,Hombre,Sin especificar,Sin especificar,1227A,,null,,,,
IDA2854,1228,Persona,Perpetrador,Hombre,Sin especificar,Sin especificar,1228A,,null,,,,
IDA2855,1228,Persona,Víctima,Hombre,Sin especificar,Sin especificar,1228A,,null,,,,
IDA2856,1229,Persona,Perpetrador,Hombre,Sin especificar,Sin especificar,1229A,,null,,,,
IDA2857,1229,Persona,Víctima,Hombre,Sin especificar,Sin especificar,1229A,,null,,,,
IDA2858,1230,Persona,Perpetrador,Hombre,Sin especificar,Sin especificar,1230A,,null,,,,
IDA2859,1230,Persona,Víctima,Hombre,Sin especificar,Político del Estado,1230A,,null,,,,
IDA2860,1231,Persona,Perpetrador,Hombre,Sin especificar,Sin especificar,"1231A, 1231B, 1231C",1,null,,,,
IDA2861,1231,Persona,Víctima,Hombre,Esclavo,Sin especificar,"1231A, 1231B",1,null,,,,
IDA2862,1231,Persona,Víctima,Hombre,Esclavo,Sin especificar,"1231A, 1231B",1,null,,,,
IDA2863,1231,Persona,Perpetrador,Hombre,Esclavo,Sin especificar,1231C,1,null,,,,
IDA2864,1231,Persona,Perpetrador,Hombre,Sin especificar,Sin especificar,"1231B, 1231A",,null,,,,
IDA2865,1231,Persona,Víctima,Hombre,Esclavo,Sin especificar,"1231B, 1231A",1,null,,,,
IDA2866,1231,Persona,Víctima,Hombre,Esclavo,Sin especificar,"1231B, 1231A",1,null,,,,
IDA2867,1231,Persona,Perpetrador,Hombre,Sin especificar,Sin especificar,1231C,1,null,,,,
IDA2868,1231,Persona,Perpetrador,Hombre,Esclavo,Sin especificar,1231C,1,null,,,,
IDA2869,1233,Persona,Perpetrador,Hombre,Sin especificar,Político del Estado,1233A,1,null,,,,
IDA2870,1233,Institución,Víctima,null,null,null,1233A,,La autoridad,,,,
IDA2871,1234,Persona,Perpetrador,Hombre,Sin especificar,Sin especificar,1234A,,null,,,,
IDA2872,1234,Persona,Víctima,Hombre,Sin especificar,Político del Estado,1234A,,null,,,,
IDA2873,1235,Persona,Perpetrador,Hombre,Sin especificar,Sin especificar,1235A,,null,,,,
IDA2874,1236,Persona,Perpetrador,Hombre,Sin especificar,Sin especificar,1236A,,null,,,,
IDA2875,1236,Persona,Víctima,Indeterminado,Indeterminado,Indeterminado,1236A,1,null,,,,
IDA2876,1237,Persona,Perpetrador,Hombre,Sin especificar,Sin especificar,1237A,,null,,,,
IDA2877,1237,Persona,Víctima,Hombre,Sin especificar,Sin especificar,"1237A, 1237B",,null,,,,
IDA2878,1237,Persona,Perpetrador,Hombre,Sin especificar,Político del Estado,1237B,,null,,,,
IDA2879,1238,Persona,Perpetrador,Hombre,Sin especificar,Sin especificar,1238A,,null,,,,
IDA2880,1238,Persona,Perpetrador,Hombre,Sin especificar,Sin especificar,1238A,,null,,,,
IDA2881,1238,Persona,Víctima,Hombre,Sin especificar,Sin especificar,1238A,,null,,,,
IDA2882,1239,Persona,Perpetrador,Hombre,Sin especificar,Sin especificar,1239A,,null,,,,
IDA2883,1239,Persona,Perpetrador,Mujer,Sin especificar,Sin especificar,1239A,,null,,,,
IDA2884,1240,Persona,Perpetrador,Hombre,Sin especificar,Sin especificar,1240A,,null,,,,
IDA2885,1240,Persona,Víctima,Hombre,Sin especificar,Sin especificar,1240A,,null,,,,
IDA2886,1241,Persona,Perpetrador,Hombre,Sin especificar,Sin especificar,1241A,1,null,,,,
IDA2887,1241,Persona,Perpetrador,Hombre,Sin especificar,Sin especificar,1241A,1,null,,,,
IDA2888,1241,Persona,Perpetrador,Indeterminado,Indeterminado,Indeterminado,1241A,1,null,,,,
IDA2889,1241,Persona,Perpetrador,Indeterminado,Indeterminado,Indeterminado,1241A,1,null,,,,
IDA2890,1241,Persona,Víctima,Indeterminado,Indeterminado,Indeterminado,1241A,1,null,,,,
IDA2891,1242,Persona,Perpetrador,Hombre,Sin especificar,Sin especificar,"1242A, 1242B, 1242C",,null,,,,
IDA2892,1242,Persona,Víctima,Indeterminado,Indeterminado,Indeterminado,1242A,1,null,,,,
IDA2893,1242,Persona,Víctima,Indeterminado,Indeterminado,Indeterminado,1242A,1,null,,,,
IDA2894,1242,Institución,Víctima,null,null,null,1242B,,La autoridad,,,,
IDA2895,1243,Persona,Perpetrador,Hombre,Sin especificar,Sin especificar,1243A,,null,,,,
IDA2896,1243,Persona,Perpetrador,Hombre,Sin especificar,Sin especificar,1243A,,null,,,,
IDA2897,1243,Persona,Víctima,Hombre,Sin especificar,Sin especificar,1243A,,null,,,,
IDA2898,1244,Persona,Perpetrador,Hombre,Sin especificar,Político del Estado,1244A,,null,,,,
IDA2899,1244,Persona,Víctima,Hombre,Sin especificar,Político del Estado,1244A,,null,,,,
IDA2900,1245,Persona,Perpetrador,Hombre,Sin especificar,Sin especificar,1245A,,null,,,,
IDA2901,1245,Persona,Víctima,Hombre,Sin especificar,Sin especificar,1245A,,null,,,,
IDA2902,1246,Persona,Perpetrador,Hombre,Sin especificar,Sin especificar,1246A,,null,,,,
IDA2903,1246,Persona,Víctima,Hombre,Esclavo,Sin especificar,1246A,,null,,,,
IDA2904,1247,Persona,Perpetrador,Hombre,Esclavo,Sin especificar,1247A,,null,,,,
IDA2905,1247,Persona,Víctima,Hombre,Sin especificar,Fuerza armada,1247A,,null,,,,
IDA2906,1248,Persona,Perpetrador,Hombre,Sin especificar,Sin especificar,"1248A, 1248B",,null,,,,
IDA2907,1248,Persona,Perpetrador,Mujer,Sin especificar,Sin especificar,1248A,,null,,,,
IDA2908,1248,Persona,Víctima,Mujer,Sin especificar,Sin especificar,1248B,,null,,,,
IDA2909,1249,Persona,Perpetrador,Hombre,Sin especificar,Sin especificar,1249A,,null,,,,
IDA2910,1249,Persona,Víctima,Hombre,Sin especificar,Sin especificar,1249A,,null,,,,
IDA2911,1252,Persona,Perpetrador,Hombre,Sin especificar,Sin especificar,1252A,,null,,,,
IDA2912,1253,Persona,Perpetrador,Mujer,Sin especificar,Sin especificar,1253A,,null,,,,
IDA2913,1253,Persona,Víctima,Hombre,Sin especificar,Sin especificar,1253A,,null,,,,
IDA2914,1254,Persona,Perpetrador,Hombre,Sin especificar,Sin especificar,1254A,,null,,,,
IDA2915,1254,Persona,Víctima,Hombre,Sin especificar,Sin especificar,1254A,,null,,,,
IDA2916,1255,Persona,Perpetrador,Hombre,Sin especificar,Sin especificar,1255A,,null,,,,
IDA2917,1255,Persona,Víctima,Hombre,Sin especificar,Sin especificar,1255A,,null,,,,
IDA2918,1256,Persona,Perpetrador,Hombre,Sin especificar,Sin especificar,"1256A, 1256B",,null,,,,
IDA2919,1256,Persona,Víctima,Hombre,Sin especificar,Sin especificar,1256A,,null,,,,
IDA2920,1256,Persona,Víctima,Hombre,Sin especificar,Sin especificar,1256A,,null,,,,
IDA2921,1256,Persona,Víctima,Mujer,Sin especificar,Sin especificar,1256B,,null,,,,
IDA2922,1256,Persona,Víctima,Mujer,Sin especificar,Sin especificar,1256B,,null,,,,
IDA2923,1257,Persona,Perpetrador,Hombre,Sin especificar,Sin especificar,1257A,,null,,,,
IDA2924,1257,Persona,Víctima,Indeterminado,Indeterminado,Indeterminado,1257A,1,null,,,,
IDA2925,1257,Persona,Víctima,Indeterminado,Indeterminado,Indeterminado,1257A,1,null,,,,
IDA2926,1258,Persona,Perpetrador,Hombre,Sin especificar,Sin especificar,1258A,,null,,,,
IDA2927,1258,Persona,Víctima,Hombre,Sin especificar,Sin especificar,1258A,,null,,,,
IDA2928,1259,Persona,Perpetrador,Hombre,Sin especificar,Sin especificar,"1259A, 1259B",,null,,,,
IDA2929,1259,Persona,Perpetrador,Mujer,Sin especificar,Sin especificar,"1259A, 1259B",,null,,,,
IDA2930,1259,Persona,Perpetrador,Mujer,Sin especificar,Sin especificar,1259A,,null,,,,
IDA2931,1259,Persona,Víctima,Mujer,Sin especificar,Sin especificar,1259B,,null,,,,
IDA2932,1262,Persona,Perpetrador,Indeterminado,Indeterminado,Indeterminado,1262A,1,null,,,,
IDA2933,1262,Persona,Víctima,Hombre,Sin especificar,Sin especificar,1262A,,null,,,,
IDA2934,1263,Persona,Perpetrador,Hombre,Sin especificar,Sin especificar,1263A,,null,,,,
IDA2935,1263,Persona,Perpetrador,Hombre,Sin especificar,Sin especificar,1263A,,null,,,,
IDA2936,1263,Persona,Víctima,Indeterminado,Indeterminado,Indeterminado,1263A,1,null,,,,
IDA2937,1268,Persona,Perpetrador,Indeterminado,Indeterminado,Indeterminado,1268A,1,null,,,,
IDA2938,1268,Persona,Perpetrador,Indeterminado,Indeterminado,Indeterminado,1268A,1,null,,,,
IDA2939,1268,Persona,Víctima,Hombre,Sin especificar,Sin especificar,1268A,,null,,,,
IDA2940,1268,Persona,Víctima,Hombre,Sin especificar,Sin especificar,1268A,,null,,,,
IDA2941,1269,Persona,Perpetrador,Hombre,Sin especificar,Fuerza armada,1269A,,null,,,,
IDA2942,1269,Persona,Víctima,Mujer,Sin especificar,Sin especificar,1269A,,null,,,,
IDA2943,1269,Persona,Víctima,Mujer,Sin especificar,Sin especificar,1269A,,null,,,,
IDA2944,1270,Persona,Perpetrador,Hombre,Sin especificar,Sin especificar,1270A,,null,,,,
IDA2945,1270,Persona,Víctima,Indeterminado,Indeterminado,Indeterminado,1270A,1,null,,,,
IDA2946,1271,Persona,Perpetrador,Hombre,Sin especificar,Sin especificar,1271A,,null,,,,
IDA2947,1271,Persona,Víctima,Indeterminado,Indeterminado,Indeterminado,1271A,1,null,,,,
IDA2948,1272,Persona,Perpetrador,Hombre,Sin especificar,Sin especificar,"1272A, 1272B",,null,,,,
IDA2949,1272,Persona,Víctima,Indeterminado,Indeterminado,Indeterminado,"1272A, 1272B",1,null,,,,
IDA2950,1273,Persona,Perpetrador,Hombre,Sin especificar,Sin especificar,1273A,,null,,,,
IDA2951,1273,Persona,Víctima,Hombre,Sin especificar,Sin especificar,1273A,,null,,,,
IDA2952,1274,Persona,Perpetrador,Hombre,Sin especificar,Sin especificar,1274A,,null,,,,
IDA2953,1274,Persona,Víctima,Mujer,Sin especificar,Sin especificar,1274A,,null,,,,
IDA2954,1275,Persona,Cómplice,Mujer,Sin especificar,Sin especificar,1275A,,null,,,,
IDA2955,1275,Persona,Perpetrador,Hombre,Sin especificar,Sin especificar,1275A,,null,,,,
IDA2956,1275,Persona,Perpetrador,Hombre,Sin especificar,Sin especificar,1275A,,null,,,,
IDA2957,1275,Persona,Víctima,Hombre,Sin especificar,Sin especificar,1275A,,null,,,,
IDA2958,1276,Persona,Perpetrador,Hombre,Sin especificar,Sin especificar,1276A,,null,,,,
IDA2959,1276,Persona,Víctima,Indeterminado,Indeterminado,Indeterminado,1276A,,null,,,,
IDA2960,1277,Persona,Perpetrador,Hombre,Sin especificar,Sin especificar,1277A,,null,,,,
IDA2961,1277,Persona,Víctima,Hombre,Sin especificar,Sin especificar,1277A,,null,,,,
IDA2962,1278,Persona,Perpetrador,Hombre,Sin especificar,Sin especificar,1278A,,null,,,,
IDA2963,1278,Persona,Víctima,Mujer,Sin especificar,Sin especificar,1278A,,null,,,,
IDA2964,1279,Persona,Perpetrador,Hombre,Sin especificar,Sin especificar,"1279A, 1279B, 1279C",,null,,,,
IDA2965,1279,Persona,Víctima,Indeterminado,Indeterminado,Indeterminado,1279A,1,null,,,,
IDA2966,1280,Persona,Perpetrador,Hombre,Sin especificar,Sin especificar,1280A,,null,,,,
IDA2967,1280,Persona,Víctima,Indeterminado,Indeterminado,Indeterminado,1280A,1,null,,,,
IDA2968,1281,Persona,Perpetrador,Hombre,Sin especificar,Sin especificar,1281A,,null,,,,
IDA2969,1281,Persona,Víctima,Mujer,Sin especificar,Sin especificar,1281A,,null,,,,
IDA2970,1282,Persona,Perpetrador,Hombre,Sin especificar,Sin especificar,1282A,1,null,,,,
IDA2971,1282,Persona,Perpetrador,Hombre,Sin especificar,Sin especificar,1282A,1,null,,,,
IDA2972,1282,Persona,Perpetrador,Hombre,Sin especificar,Sin especificar,1282A,1,null,,,,
IDA2973,1282,Persona,Cómplice,Indeterminado,Indeterminado,Indeterminado,1282A,1,null,,,,
IDA2974,1282,Persona,Cómplice,Indeterminado,Indeterminado,Indeterminado,1282A,1,null,,,,
IDA2975,1282,Persona,Víctima,Hombre,Indígenas,Sin especificar,1282A,1,null,,,,
IDA2976,1282,Persona,Víctima,Hombre,Indígenas,Sin especificar,1282A,1,null,,,,
IDA2977,1283,Persona,Perpetrador,Hombre,Sin especificar,Político del Estado,"1283A, 1283B",,null,,1,,
IDA2978,1283,Persona,Víctima,Hombre,Sin especificar,Político del Estado,"1283A, 1283B",,null,,1,,
IDA2979,1284,Persona,Perpetrador,Hombre,Sin especificar,Sin especificar,"1284A, 1284B",,null,,,,
IDA2980,1284,Persona,Perpetrador,Hombre,Sin especificar,Sin especificar,"1284A, 1284B",,null,,,,
IDA2981,1284,Institución,Víctima,null,null,null,1284A,,La autoridad,,,,
IDA2982,1285,Persona,Perpetrador,Hombre,Sin especificar,Sirviente/lacayo,1285A,,null,,,,
IDA2983,1285,Persona,Víctima,Mujer,Sin especificar,Sin especificar,1285A,,null,,,,
IDA2984,1286,Persona,Perpetrador,Hombre,Sin especificar,Sin especificar,1286A,,null,,,,
IDA2985,1287,Persona,Perpetrador,Hombre,Sin especificar,Sin especificar,1287A,,null,,,,
IDA2986,1287,Persona,Víctima,Mujer,Sin especificar,Sin especificar,1287A,,null,,,,
IDA2987,1288,Persona,Perpetrador,Hombre,Sin especificar,Sin especificar,1288A,,null,,,,
IDA2988,1289,Persona,Perpetrador,Hombre,Sin especificar,Sin especificar,1289A,,null,,,,
IDA2989,1290,Persona,Perpetrador,Hombre,Sin especificar,Sin especificar,1290A,,null,,,,
IDA2990,1290,Persona,Perpetrador,Mujer,Sin especificar,Sin especificar,1290A,,null,,,,
IDA2991,1290,Persona,Víctima,Hombre,Sin especificar,Sin especificar,1290A,,null,,,,
IDA2992,1291,Persona,Perpetrador,Hombre,Sin especificar,Sin especificar,1291A,,null,,,,
IDA2993,1292,Persona,Perpetrador,Hombre,Sin especificar,Sin especificar,"1292A, 1292B",,null,,,,
IDA2994,1292,Persona,Perpetrador,Hombre,Sin especificar,Sin especificar,"1292A, 1292B",,null,,,,
IDA2995,1292,Persona,Perpetrador,Hombre,Sin especificar,Sin especificar,"1292A, 1292B",,null,,,,
IDA2996,1292,Persona,Perpetrador,Hombre,Sin especificar,Sin especificar,"1292A, 1292B",,null,,,,
IDA2997,1292,Persona,Perpetrador,Mujer,Sin especificar,Sin especificar,"1292A, 1292B",,null,,,,
IDA2998,1292,Persona,Víctima,Mujer,Sin especificar,Sin especificar,1292A,,null,,,,
IDA2999,1293,Persona,Perpetrador,Hombre,Sin especificar,Sin especificar,1293A,,null,,,,
IDA3000,1293,Persona,Víctima,Hombre,Sin especificar,Sin especificar,1293A,,null,,,,
IDA3001,1294,Persona,Perpetrador,Hombre,Sin especificar,Sin especificar,1294A,,null,,,,
IDA3002,1294,Persona,Víctima,Mujer,Sin especificar,Sin especificar,1294A,,null,,,,
IDA3003,1295,Persona,Perpetrador,Hombre,Sin especificar,Sin especificar,1295A,,null,,,,
IDA3004,1295,Persona,Perpetrador,Mujer,Sin especificar,Sin especificar,1295A,,null,,,,
IDA3005,1295,Persona,Víctima,Hombre,Sin especificar,Sin especificar,1295A,,null,,,,
IDA3006,1296,Persona,Perpetrador,Hombre,Sin especificar,Sin especificar,"1296A, 1296B",,null,,,,
IDA3007,1296,Persona,Víctima,Mujer,Sin especificar,Sin especificar,1296A,,null,,,,
IDA3008,1296,Persona,Víctima,Mujer,Sin especificar,Sin especificar,1296A,,null,,,,
IDA3009,1296,Persona,Víctima,Mujer,Sin especificar,Sin especificar,1296A,,null,,,,
IDA3010,1296,Persona,Perpetrador,Mujer,Sin especificar,Sin especificar,1296B,,null,,,,
IDA3011,1297,Persona,Perpetrador,Hombre,Sin especificar,Sin especificar,"1297A, 1297B",,null,,,,
IDA3012,1297,Persona,Perpetrador,Hombre,Sin especificar,Sin especificar,"1297A, 1297B",,null,,,,
IDA3013,1297,Persona,Perpetrador,Hombre,Sin especificar,Sin especificar,1297A,,null,,,,
IDA3014,1298,Persona,Perpetrador,Hombre,Sin especificar,Sin especificar,"1298A, 1298B",,null,,,,
IDA3015,1298,Persona,Víctima,Hombre,Sin especificar,Político del Estado,"1298A, 1298B",,null,,,,
IDA3016,1299,Persona,Perpetrador,Hombre,Sin especificar,Sin especificar,"1299A, 1299B",,null,,,,
IDA3017,1299,Persona,Perpetrador,Mujer,Sin especificar,Sin especificar,1299A,,null,,,,
IDA3018,1300,Persona,Perpetrador,Hombre,Sin especificar,Sin especificar,1300A,,null,,,,
IDA3019,1300,Persona,Víctima,Hombre,Sin especificar,Eclesiástico,1300A,,null,,,,
IDA3020,1301,Persona,Perpetrador,Hombre,Sin especificar,Sin especificar,"1301A, 1301J",,null,,,,
IDA3021,1301,Persona,Perpetrador,Hombre,Sin especificar,Sin especificar,1301A,,null,,,,
IDA3022,1301,Persona,Víctima,Hombre,Sin especificar,Sin especificar,1301A,,null,,,,
IDA3023,1302,Persona,Perpetrador,Hombre,Sin especificar,Sin especificar,1302A,,null,,,,
IDA3024,1302,Persona,Perpetrador,Mujer,Sin especificar,Sin especificar,1302A,,null,,,,
IDA3025,1302,Persona,Perpetrador,Mujer,Sin especificar,Sin especificar,1302B,,null,,,,
IDA3026,1303,Persona,Perpetrador,Hombre,Sin especificar,Sin especificar,1303A,,null,,,,
IDA3027,1303,Persona,Perpetrador,Hombre,Sin especificar,Sin especificar,1303A,,null,,,,
IDA3028,1303,Persona,Víctima,Hombre,Sin especificar,Político del Estado,1303A,,null,,,,
IDA3029,1304,Persona,Perpetrador,Hombre,Sin especificar,Sin especificar,"1304A, 1304B",,null,,,,
IDA3030,1304,Persona,Perpetrador,Hombre,Sin especificar,Sin especificar,"1304A, 1304B",,null,,,,
IDA3031,1304,Persona,Víctima,Indeterminado,Indeterminado,Indeterminado,"1304A, 1304B",1,null,,,,
IDA3032,1305,Persona,Perpetrador,Hombre,Sin especificar,Sin especificar,"1305A, 1305B",,null,,,,
IDA3033,1305,Persona,Víctima,Hombre,Sin especificar,Sin especificar,"1305A, 1305B, 1305C",,null,,,,
IDA3034,1305,Persona,Perpetrador,Hombre,Sin especificar,Político del Estado,1305C,,null,,,,
IDA3035,1306,Persona,Perpetrador,Hombre,Sin especificar,Sin especificar,"1306A, 1306B",,null,,,,
IDA3036,1306,Persona,Perpetrador,Mujer,Sin especificar,Sin especificar,"1306A, 1306B",,null,,,,
IDA3037,1306,Persona,Víctima,Hombre,Sin especificar,Sin especificar,1306B,,null,,,,
IDA3038,1307,Persona,Perpetrador,Hombre,Sin especificar,Sin especificar,1307A,,null,,,,
IDA3039,1307,Persona,Víctima,Hombre,Sin especificar,Sin especificar,1307A,,null,,,,
IDA3040,1308,Persona,Perpetrador,Hombre,Sin especificar,Sin especificar,"1308A, 1308B, 1308C",1,null,,,,
IDA3041,1308,Persona,Perpetrador,Indeterminado,Indeterminado,Indeterminado,"1308A, 1308B, 1308C",1,null,,,,
IDA3042,1308,Persona,Perpetrador,Indeterminado,Indeterminado,Indeterminado,"1308A, 1308B, 1308C",1,null,,,,
IDA3043,1308,Persona,Víctima,Indeterminado,Indeterminado,Indeterminado,"1308A, 1308B, 1308C",1,null,,,,
IDA3044,1310,Persona,Perpetrador,Hombre,Sin especificar,Sin especificar,"1310A, 1310B",,null,,1,,
IDA3045,1310,Persona,Víctima,Hombre,Sin especificar,Sin especificar,"1310A, 1310B",,null,,1,,
IDA3046,1311,Persona,Perpetrador,Hombre,Sin especificar,Político del Estado,1311A,,null,,,,
IDA3047,1311,Persona,Víctima,Hombre,Sin especificar,Sin especificar,1311A,,null,,,,
IDA3048,1311,Persona,Víctima,Hombre,Sin especificar,Sin especificar,1311A,,null,,,,
IDA3049,1311,Persona,Víctima,Hombre,Sin especificar,Sin especificar,1311A,,null,,,,
IDA3050,1312,Persona,Perpetrador,Mujer,Sin especificar,Sin especificar,1312A,,null,,,,
IDA3051,1312,Persona,Víctima,Hombre,Sin especificar,Sin especificar,1312A,,null,,,,
IDA3052,1312,Persona,Perpetrador,Hombre,Sin especificar,Político del Estado,1312B,,null,,,,
IDA3053,1312,Persona,Víctima,Mujer,Sin especificar,Sin especificar,1312B,,null,,,,
IDA3054,1312,Persona,Perpetrador,Hombre,Sin especificar,Político del Estado,1312B,,null,,,,
IDA3055,1312,Persona,Víctima,Mujer,Sin especificar,Sin especificar,1312B,,null,,,,
IDA3056,1312,Persona,Perpetrador,Mujer,Sin especificar,Sin especificar,1312A,,null,,,,
IDA3057,1312,Persona,Víctima,Hombre,Sin especificar,Sin especificar,1312A,,null,,,,
IDA3058,1313,Persona,Perpetrador,Hombre,Sin especificar,Sin especificar,"1313A, 1313B",,null,,,,
IDA3059,1313,Persona,Víctima,Hombre,Sin especificar,Político del Estado,"1313A, 1313B",,null,,,,
IDA3060,1314,Persona,Perpetrador,Hombre,Sin especificar,Sin especificar,1314A,,null,,,,
IDA3061,1315,Persona,Perpetrador,Hombre,Sin especificar,Sin especificar,"1315A, 1315B, 1315C",,null,,,,
IDA3062,1315,Persona,Víctima,Indeterminado,Indeterminado,Indeterminado,"1315A, 1315B, 1315C",1,null,,,,
IDA3063,1315,Persona,Víctima,Indeterminado,Indeterminado,Indeterminado,"1315A, 1315B, 1315C",1,null,,,,
IDA3064,1316,Persona,Perpetrador,Hombre,Indígenas,Sin especificar,1316A,,null,,,,
IDA3065,1316,Persona,Perpetrador,Hombre,Indígenas,Sin especificar,1316A,,null,,,,
IDA3066,1316,Persona,Víctima,Hombre,Sin especificar,Sin especificar,1316A,,null,,,,
IDA3067,1316,Persona,Víctima,Hombre,Sin especificar,Sin especificar,1316A,,null,,,,
IDA3068,1318,Persona,Perpetrador,Hombre,Sin especificar,Sin especificar,1318A,,null,,,,
IDA3069,1318,Persona,Perpetrador,Hombre,Sin especificar,Sin especificar,1318A,,null,,,,
IDA3070,1318,Persona,Perpetrador,Hombre,Sin especificar,Sin especificar,1318A,,null,,,,
IDA3071,1318,Persona,Víctima,Indeterminado,Indeterminado,Indeterminado,1318A,1,null,,,,
IDA3072,1320,Persona,Perpetrador,Hombre,Sin especificar,Sin especificar,1320A,,null,,,,
IDA3073,1320,Persona,Víctima,Hombre,Sin especificar,Sin especificar,1320A,,null,,,,
IDA3074,1321,Persona,Perpetrador,Hombre,Sin especificar,Sin especificar,1321A,,null,,,,
IDA3075,1321,Institución,Víctima,null,null,null,1321A,,La autoridad,,,,
IDA3076,1322,Persona,Perpetrador,Hombre,Sin especificar,Sin especificar,1322A,,null,,,,
IDA3077,1322,Persona,Víctima,Hombre,Sin especificar,Político del Estado,1322A,,null,,,,
IDA3078,1323,Persona,Perpetrador,Hombre,Sin especificar,Sin especificar,"1323A, 1323B",,null,,,,
IDA3079,1323,Persona,Víctima,Hombre,Sin especificar,Político del Estado,"1323A, 1323B",,null,,,,
IDA3080,1324,Persona,Perpetrador,Hombre,Sin especificar,Sin especificar,1324A,,null,,,,
IDA3081,1324,Persona,Víctima,Indeterminado,Indeterminado,Indeterminado,1324A,1,null,,,,
IDA3082,1325,Persona,Perpetrador,Hombre,Sin especificar,Político del Estado,1325A,,null,,,,
IDA3083,1325,Institución,Víctima,null,null,null,1325A,,La autoridad,,,,
IDA3084,1326,Persona,Perpetrador,Hombre,Sin especificar,Sin especificar,1326A,,null,,,,
IDA3085,1326,Persona,Víctima,Mujer,Sin especificar,Sin especificar,1326A,,null,,,,
IDA3086,1327,Persona,Perpetrador,Hombre,Sin especificar,Sin especificar,1327A,,null,,,,
IDA3087,1327,Persona,Víctima,Hombre,Sin especificar,Sin especificar,1327A,,null,,,,
IDA3088,1328,Persona,Perpetrador,Hombre,Sin especificar,Político del Estado,1328A,,null,,,,
IDA3089,1328,Persona,Víctima,Hombre,Sin especificar,Político del Estado,1328A,,null,,,,
IDA3090,1332,Persona,Perpetrador,Hombre,Sin especificar,Sin especificar,1332A,,null,,,,
IDA3091,1332,Persona,Víctima,Indeterminado,Indeterminado,Indeterminado,1332A,1,null,,,,
IDA3092,1334,Persona,Perpetrador,Hombre,Sin especificar,Sin especificar,1334A,,null,,,,
IDA3093,1334,Persona,Perpetrador,Hombre,Sin especificar,Sin especificar,1334A,,null,,,,
IDA3094,1335,Persona,Perpetrador,Hombre,Sin especificar,Sin especificar,1335A,,null,,,,
IDA3095,1335,Persona,Víctima,Mujer,Sin especificar,Sin especificar,1335A,,null,,,,
IDA3096,1336,Persona,Perpetrador,Hombre,Sin especificar,Sin especificar,1336A,1,null,,,,
IDA3097,1336,Persona,Perpetrador,Hombre,Sin especificar,Sin especificar,1336A,1,null,,,,
IDA3098,1336,Persona,Perpetrador,Indeterminado,Indeterminado,Indeterminado,1336A,1,null,,,,
IDA3099,1336,Persona,Perpetrador,Indeterminado,Indeterminado,Indeterminado,1336A,1,null,,,,
IDA3100,1337,Persona,Perpetrador,Hombre,Sin especificar,Sin especificar,1337A,,null,,,,
IDA3101,1337,Persona,Víctima,Indeterminado,Indeterminado,Indeterminado,1337A,1,null,,,,
IDA3102,1338,Persona,Perpetrador,Hombre,Sin especificar,Sin especificar,1338A,,null,,,,
IDA3103,1338,Persona,Víctima,Mujer,Sin especificar,Sin especificar,1338A,,null,,,,
IDA3104,1339,Persona,Perpetrador,Hombre,Sin especificar,Sin especificar,"1339A, 1339B",,null,,,,
IDA3105,1339,Persona,Perpetrador,Hombre,Sin especificar,Sin especificar,"1339A, 1339B",,null,,,,
IDA3106,1339,Persona,Perpetrador,Hombre,Sin especificar,Sin especificar,"1339A, 1339B",,null,,,,
IDA3107,1339,Persona,Víctima,Hombre,Sin especificar,Político del Estado,"1339A, 1339B",,null,,,,
IDA3108,1340,Persona,Perpetrador,Hombre,Sin especificar,Sin especificar,1340A,,null,,,,
IDA3109,1340,Persona,Víctima,Hombre,Sin especificar,Eclesiástico,1340A,,null,,,,
IDA3110,1341,Persona,Perpetrador,Hombre,Sin especificar,Sin especificar,"1341A, 1341B",,null,,,,
IDA3111,1341,Persona,Perpetrador,Hombre,Sin especificar,Sin especificar,"1341A, 1341B",,null,,,,
IDA3112,1341,Persona,Perpetrador,Hombre,Sin especificar,Sin especificar,"1341A, 1341B",,null,,,,
IDA3113,1341,Persona,Víctima,Hombre,Sin especificar,Fuerza armada,1341A,,null,,,,
IDA3114,1341,Persona,Víctima,Mujer,Sin especificar,Sin especificar,1341B,,null,,,,
IDA3115,1342,Persona,Perpetrador,Hombre,Sin especificar,Sin especificar,1342A,,null,,,,
IDA3116,1342,Persona,Víctima,Hombre,Sin especificar,Sin especificar,1342A,,null,,,,
IDA3117,1343,Persona,Perpetrador,Hombre,Sin especificar,Sin especificar,1343A,,null,,,,
IDA3118,1343,Persona,Víctima,Mujer,Sin especificar,Sin especificar,1343A,,null,,,,
IDA3119,1344,Persona,Perpetrador,Hombre,Sin especificar,Sin especificar,"1344A, 1344B, 1344C",,null,,,,
IDA3120,1344,Persona,Perpetrador,Mujer,Sin especificar,Sin especificar,"1344A, 1344B",,null,,,,
IDA3121,1344,Persona,Víctima,Mujer,Sin especificar,Sin especificar,"1344B, 1344C",,null,,,,
IDA3122,1345,Persona,Perpetrador,Hombre,Sin especificar,Sin especificar,1345A,,null,,,,
IDA3123,1345,Persona,Víctima,Indeterminado,Indeterminado,Indeterminado,1345A,1,null,,,,
IDA3124,1346,Persona,Perpetrador,Hombre,Sin especificar,Sin especificar,"1346A, 1346B",,null,,,,
IDA3125,1346,Persona,Víctima,Indeterminado,Indeterminado,Indeterminado,1346A,1,null,,,,
IDA3126,1346,Persona,Víctima,Hombre,Sin especificar,Sin especificar,1346B,,null,,,,
IDA3127,1347,Persona,Perpetrador,Hombre,Sin especificar,Sin especificar,1347A,,null,,,,
IDA3128,1347,Persona,Víctima,Hombre,Sin especificar,Sin especificar,"1347A, 1347B",,null,,,,
IDA3129,1347,Persona,Perpetrador,Hombre,Sin especificar,Político del Estado,1347B,,null,,,,
IDA3130,1348,Persona,Perpetrador,Hombre,Sin especificar,Sin especificar,"1348A, 1348B",,null,,,,
IDA3131,1348,Persona,Víctima,Hombre,Sin especificar,Sin especificar,"1348A, 1348B",,null,,,,
IDA3132,1348,Persona,Perpetrador,Mujer,Sin especificar,Sin especificar,1348B,,null,,,,
IDA3133,1349,Persona,Perpetrador,Hombre,Sin especificar,Sin especificar,1349A,,null,,,,
IDA3134,1349,Persona,Víctima,Indeterminado,Indeterminado,Indeterminado,1349A,1,null,,,,
IDA3135,1350,Persona,Perpetrador,Hombre,Sin especificar,Sin especificar,"1350A, 1350B",,null,,,,
IDA3136,1350,Persona,Víctima,Mujer,Sin especificar,Sin especificar,1350A,,null,,,,
IDA3137,1350,Institución,Víctima,null,null,null,1350B,,La autoridad,,,,
IDA3138,1351,Persona,Perpetrador,Hombre,Sin especificar,Sin especificar,"1351A, 1351B, 1351C",,null,,,,
IDA3139,1351,Persona,Cómplice,Hombre,Sin especificar,Sin especificar,1351C,,null,,,,
IDA3140,1351,Persona,Víctima,Mujer,Sin especificar,Sin especificar,1351A,,null,,,,
IDA3141,1352,Persona,Perpetrador,Hombre,Sin especificar,Sin especificar,1352A,,null,,,,
IDA3142,1352,Persona,Perpetrador,Mujer,Sin especificar,Sin especificar,1352A,,null,,,,
IDA3143,1352,Persona,Perpetrador,Mujer,Sin especificar,Sin especificar,1352A,,null,,,,
IDA3144,1352,Persona,Víctima,Hombre,Sin especificar,Político del Estado,1352A,,null,,,,
IDA3145,1353,Persona,Perpetrador,Hombre,Sin especificar,Sin especificar,"1353A, 1353B",,null,,,,
IDA3146,1353,Persona,Víctima,Mujer,Sin especificar,Sin especificar,1353A,,null,,,,
IDA3147,1353,Persona,Perpetrador,Mujer,Sin especificar,Sin especificar,1353B,,null,,,,
IDA3148,1354,Persona,Perpetrador,Hombre,Sin especificar,Político del Estado,1354A,,null,,,,
IDA3149,1354,Persona,Víctima,Hombre,Sin especificar,Sin especificar,1354A,,null,,,,
IDA3150,1355,Persona,Perpetrador,Mujer,Sin especificar,Sin especificar,1355A,,null,,,,
IDA3151,1357,Persona,Perpetrador,Hombre,Sin especificar,Sin especificar,"1357A, 1357C, 1357D",,null,,1,,
IDA3152,1357,Persona,Víctima,Hombre,Sin especificar,Sin especificar,"1357A, 1357D",,null,,1,,
IDA3153,1357,Persona,Perpetrador,Hombre,Sin especificar,Sin especificar,1357C,,null,,1,,
IDA3154,1358,Persona,Perpetrador,Hombre,Sin especificar,Sin especificar,1358A,1,null,,,,
IDA3155,1358,Persona,Perpetrador,Hombre,Sin especificar,Sin especificar,1358A,1,null,,,,
IDA3156,1358,Persona,Perpetrador,Hombre,Sin especificar,Sin especificar,1358A,1,null,,,,
IDA3157,1358,Persona,Perpetrador,Indeterminado,Indeterminado,Indeterminado,1358A,1,null,,,,
IDA3158,1358,Persona,Perpetrador,Indeterminado,Indeterminado,Indeterminado,1358A,1,null,,,,
IDA3159,1358,Persona,Víctima,Hombre,Sin especificar,Político del Estado,1358A,,null,,,,
IDA3160,1359,Persona,Perpetrador,Hombre,Sin especificar,Político del Estado,1359A,,null,,,,
IDA3161,1359,Persona,Víctima,Hombre,Sin especificar,Sin especificar,1359A,,null,,,,
IDA3162,1360,Persona,Perpetrador,Hombre,Sin especificar,Sin especificar,"1360A, 1360B",,null,,1,,
IDA3163,1360,Persona,Víctima,Hombre,Sin especificar,Sin especificar,"1360A, 1360B",,null,,1,,
IDA3164,1361,Persona,Perpetrador,Hombre,Sin especificar,Sin especificar,1361A,,null,,,,
IDA3165,1361,Persona,Víctima,Hombre,Sin especificar,Sin especificar,1361A,,null,,,,
IDA3166,1362,Persona,Perpetrador,Hombre,Sin especificar,Sin especificar,"1362A, 1362B",,null,,,,
IDA3167,1363,Persona,Perpetrador,Hombre,Sin especificar,Sin especificar,1363A,,null,,,,
IDA3168,1363,Persona,Víctima,Indeterminado,Indeterminado,Indeterminado,1363A,1,null,,,,
IDA3169,1364,Persona,Perpetrador,Hombre,Sin especificar,Sin especificar,"1364A, 1364B",1,null,,,,
IDA3170,1364,Persona,Perpetrador,Indeterminado,Indeterminado,Indeterminado,1364A,1,null,,,,
IDA3171,1365,Persona,Perpetrador,Hombre,Sin especificar,Sin especificar,"1365A, 1365B",,null,,,,
IDA3172,1365,Persona,Perpetrador,Mujer,Sin especificar,Sin especificar,1365A,,null,,,,
IDA3173,1365,Persona,Víctima,Indeterminado,Indeterminado,Indeterminado,1365A,1,null,,,,
IDA3174,1366,Persona,Perpetrador,Hombre,Sin especificar,Sin especificar,1366A,,null,,,,
IDA3175,1366,Persona,Víctima,Indeterminado,Indeterminado,Indeterminado,1366A,1,null,,,,
IDA3176,1367,Persona,Perpetrador,Hombre,Sin especificar,Sin especificar,1367A,,null,,,,
IDA3177,1367,Persona,Víctima,Indeterminado,Indeterminado,Indeterminado,1367A,1,null,,,,
IDA3178,1368,Persona,Perpetrador,Hombre,Sin especificar,Político del Estado,1368A,,null,,,,
IDA3179,1368,Persona,Víctima,Hombre,Sin especificar,Sin especificar,1368A,,null,,,,
IDA3180,1369,Persona,Perpetrador,Hombre,Sin especificar,Sin especificar,1369A,,null,,,,
IDA3181,1369,Persona,Víctima,Hombre,Sin especificar,Sin especificar,1369A,,null,,,,
IDA3182,1370,Persona,Perpetrador,Hombre,Sin especificar,Sin especificar,1370B,,null,,1,,
IDA3183,1370,Persona,Víctima,Hombre,Sin especificar,Eclesiástico,1370B,,null,,1,,
IDA3184,1371,Persona,Perpetrador,Hombre,Sin especificar,Sin especificar,"1371A, 1371B",,null,,,,
IDA3185,1371,Persona,Víctima,Indeterminado,Indeterminado,Indeterminado,"1371A, 1371B",1,null,,,,
IDA3186,1372,Persona,Perpetrador,Hombre,Sin especificar,Sin especificar,1372A,,null,,,,
IDA3187,1372,Persona,Víctima,Hombre,Sin especificar,Político del Estado,1372A,,null,,,,
IDA3188,1373,Persona,Perpetrador,Hombre,Sin especificar,Sin especificar,1373A,,null,,,,
IDA3189,1373,Persona,Víctima,Mujer,Sin especificar,Sin especificar,1373A,,null,,,,
IDA3190,1373,Persona,Víctima,Mujer,Sin especificar,Sin especificar,1373A,,null,,,,
IDA3191,1374,Persona,Perpetrador,Hombre,Sin especificar,Sin especificar,1374A,,null,,,,
IDA3192,1374,Persona,Víctima,Hombre,Sin especificar,Sin especificar,1374A,,null,,,,
IDA3193,1375,Persona,Perpetrador,Hombre,Sin especificar,Político del Estado,1375A,,null,,,,
IDA3194,1375,Persona,Víctima,Hombre,Sin especificar,Sin especificar,1375A,,null,,,,
IDA3195,1375,Persona,Víctima,Hombre,Sin especificar,Sin especificar,1375A,,null,,,,
IDA3196,1376,Persona,Perpetrador,Hombre,Sin especificar,Sin especificar,1376A,,null,,,,
IDA3197,1376,Persona,Víctima,Hombre,Sin especificar,Sin especificar,1376A,,null,,,,
IDA3198,1377,Persona,Perpetrador,Hombre,Sin especificar,Sin especificar,1377A,,null,,1,,
IDA3199,1377,Persona,Perpetrador,Hombre,Sin especificar,Político del Estado,1377B,,null,,1,,
IDA3200,1377,Persona,Víctima,Hombre,Sin especificar,Sin especificar,1377B,,null,,1,,
IDA3201,1378,Persona,Perpetrador,Hombre,Sin especificar,Sin especificar,1378A,,null,,1,,
IDA3202,1378,Persona,Perpetrador,Hombre,Sin especificar,Político del Estado,1378B,,null,,1,,
IDA3203,1378,Persona,Víctima,Hombre,Sin especificar,Sin especificar,1378B,,null,,1,,
IDA3204,1379,Persona,Perpetrador,Hombre,Sin especificar,Sin especificar,1379A,,null,,,,
IDA3205,1379,Persona,Víctima,Indeterminado,Indeterminado,Indeterminado,1379A,1,null,,,,
IDA3206,1380,Persona,Perpetrador,Hombre,Sin especificar,Sin especificar,1380B,,null,,,,
IDA3207,1380,Persona,Víctima,Hombre,Sin especificar,Eclesiástico,1380B,,null,,,,
IDA3208,1380,Persona,Perpetrador,Hombre,Sin especificar,Eclesiástico,1380C,,null,,,,
IDA3209,1380,Persona,Víctima,Hombre,Sin especificar,Sin especificar,1380C,,null,,,,
IDA3210,1380,Persona,Perpetrador,Hombre,Sin especificar,Sin especificar,1380B,,null,,,,
IDA3211,1380,Persona,Víctima,Hombre,Sin especificar,Eclesiástico,1380B,,null,,,,
IDA3212,1380,Persona,Perpetrador,Hombre,Sin especificar,Eclesiástico,1380C,,null,,,,
IDA3213,1380,Persona,Víctima,Hombre,Sin especificar,Sin especificar,1380C,,null,,,,
IDA3214,1381,Persona,Perpetrador,Hombre,Sin especificar,Sin especificar,"1381A, 1381B, 1381C, 1381D",1,null,,,,
IDA3215,1381,Persona,Perpetrador,Mujer,Sin especificar,Sin especificar,"1381A, 1381B, 1381C",1,null,,,,
IDA3216,1383,Persona,Perpetrador,Hombre,Sin especificar,Sin especificar,1383A,,null,,,,
IDA3217,1383,Persona,Víctima,Indeterminado,Indeterminado,Indeterminado,1383A,1,null,,,,
IDA3218,1384,Persona,Perpetrador,Hombre,Sin especificar,Sin especificar,1384A,,null,,,,
IDA3219,1385,Persona,Perpetrador,Hombre,Sin especificar,Sin especificar,"1385A, 1385B",,null,,,,
IDA3220,1385,Persona,Perpetrador,Hombre,Sin especificar,Sin especificar,"1385A, 1385B",,null,,,,
IDA3221,1385,Persona,Perpetrador,Hombre,Sin especificar,Sin especificar,"1385A, 1385B",,null,,,,
IDA3222,1385,Persona,Perpetrador,Hombre,Sin especificar,Sin especificar,1385A,,null,,,,
IDA3223,1385,Persona,Víctima,Hombre,Sin especificar,Sin especificar,"1385A, 1385B",,null,,,,
IDA3224,1385,Persona,Perpetrador,Hombre,Sin especificar,Sin especificar,"1385B, 1385A",,null,,,,
IDA3225,1385,Persona,Perpetrador,Hombre,Sin especificar,Sin especificar,"1385B, 1385A",,null,,,,
IDA3226,1385,Persona,Perpetrador,Hombre,Sin especificar,Sin especificar,"1385B, 1385A",,null,,,,
IDA3227,1385,Persona,Víctima,Hombre,Sin especificar,Sin especificar,"1385B, 1385A",,null,,,,
IDA3228,1385,Persona,Perpetrador,Hombre,Sin especificar,Sin especificar,1385A,,null,,,,
IDA3229,1386,Persona,Perpetrador,Hombre,Sin especificar,Sin especificar,1386A,,null,,,,
IDA3230,1386,Persona,Perpetrador,Hombre,Sin especificar,Sin especificar,1386A,,null,,,,
IDA3231,1386,Persona,Víctima,Hombre,Sin especificar,Sin especificar,1386A,,null,,,,
IDA3232,1387,Persona,Perpetrador,Hombre,Sin especificar,Sin especificar,1387A,,null,,,,
IDA3233,1387,Persona,Víctima,Hombre,Sin especificar,Sin especificar,1387A,,null,,,,
IDA3234,1388,Persona,Perpetrador,Hombre,Sin especificar,Sin especificar,1388A,,null,,,,
IDA3235,1388,Persona,Víctima,Mujer,Sin especificar,Sin especificar,1388A,,null,,,,
IDA3236,1389,Persona,Perpetrador,Hombre,Sin especificar,Sin especificar,1389A,,null,,,,
IDA3237,1391,Persona,Perpetrador,Hombre,Sin especificar,Sin especificar,1391A,,null,,,,
IDA3238,1391,Persona,Víctima,Hombre,Sin especificar,Sin especificar,1391A,,null,,,,
IDA3239,1392,Persona,Perpetrador,Hombre,Sin especificar,Sin especificar,"1392A, 1392B, 1392C",,null,,,,
IDA3240,1392,Persona,Víctima,Hombre,Sin especificar,Sin especificar,"1392A, 1392B",,null,,,,
IDA3241,1394,Persona,Perpetrador,Hombre,Sin especificar,Sin especificar,1394A,,null,,,,
IDA3242,1394,Persona,Víctima,Indeterminado,Indeterminado,Indeterminado,1394A,1,null,,,,
IDA3243,1395,Persona,Perpetrador,Mujer,Sin especificar,Sin especificar,"1395A, 1395B, 1395C",,null,,,,
IDA3244,1395,Persona,Perpetrador,Mujer,Sin especificar,Sin especificar,"1395A, 1395B, 1395D",,null,,,,
IDA3245,1395,Persona,Víctima,Hombre,Sin especificar,Sin especificar,"1395A, 1395B",,null,,,,
IDA3246,1395,Persona,Perpetrador,Hombre,Sin especificar,Sin especificar,1395D,,null,,,,
IDA3247,1396,Persona,Perpetrador,Hombre,Sin especificar,Sin especificar,1396A,,null,,,,
IDA3248,1396,Persona,Víctima,Hombre,Sin especificar,Político del Estado,1396A,,null,,,,
IDA3249,1397,Persona,Perpetrador,Hombre,Sin especificar,Sin especificar,1397A,,null,,,,
IDA3250,1397,Persona,Perpetrador,Mujer,Sin especificar,Sin especificar,1397A,,null,,,,
IDA3251,1397,Persona,Víctima,Hombre,Sin especificar,Sin especificar,1397A,,null,,,,
IDA3252,1398,Persona,Perpetrador,Hombre,Sin especificar,Sin especificar,1398A,,null,,,,
IDA3253,1398,Persona,Víctima,Hombre,Sin especificar,Político del Estado,1398A,,null,,,,
IDA3254,1399,Persona,Perpetrador,Hombre,Sin especificar,Sin especificar,"1399A, 1399B",,null,,,,
IDA3255,1399,Persona,Víctima,Mujer,Sin especificar,Sin especificar,"1399A, 1399B",,null,,,,
IDA3256,1400,Persona,Perpetrador,Hombre,Sin especificar,Político del Estado,1400A,,null,,,,
IDA3257,1400,Población Completa,Víctima,null,null,null,1400A,,null,,,,
IDA3258,1401,Institución,Perpetrador,null,null,null,1401A,,La autoridad,,,,
IDA3259,1401,Población Completa,Víctima,null,null,null,1401A,,null,,,,
IDA3260,1401,Institución,Perpetrador,null,null,null,1401A,,La autoridad,,,,
IDA3261,1401,Población Completa,Víctima,null,null,null,1401A,,null,,,,
IDA3262,1402,Persona,Perpetrador,Hombre,Sin especificar,Sin especificar,1402A,1,null,,,,
IDA3263,1402,Persona,Perpetrador,Indeterminado,Indeterminado,Indeterminado,1402A,1,null,,,,
IDA3264,1402,Persona,Perpetrador,Indeterminado,Indeterminado,Indeterminado,1402A,1,null,,,,
IDA3265,1402,Persona,Víctima,Indeterminado,Indeterminado,Indeterminado,1402A,1,null,,,,
IDA3266,1403,Persona,Perpetrador,Hombre,Sin especificar,Sin especificar,1403A,,null,,,,
IDA3267,1403,Persona,Perpetrador,Hombre,Sin especificar,Sin especificar,1403A,,null,,,,
IDA3268,1404,Persona,Perpetrador,Hombre,Sin especificar,Sin especificar,1404A,,null,,,,
IDA3269,1404,Persona,Perpetrador,Hombre,Sin especificar,Sin especificar,1404A,,null,,,,
IDA3270,1404,Persona,Perpetrador,Hombre,Sin especificar,Sin especificar,1404A,,null,,,,
IDA3271,1404,Persona,Víctima,Hombre,Sin especificar,Fuerza armada,1404A,,null,,,,
IDA3272,1404,Persona,Víctima,Hombre,Sin especificar,Fuerza armada,1404A,,null,,,,
IDA3273,1404,Persona,Víctima,Hombre,Sin especificar,Fuerza armada,1404A,,null,,,,
IDA3274,1405,Persona,Perpetrador,Hombre,Sin especificar,Sin especificar,1405A,,null,,,,
IDA3275,1405,Persona,Perpetrador,Mujer,Sin especificar,Sin especificar,1405A,,null,,,,
IDA3276,1405,Persona,Perpetrador,Mujer,Sin especificar,Sin especificar,1405A,,null,,,,
IDA3277,1406,Persona,Perpetrador,Hombre,Sin especificar,Sin especificar,1406A,,null,,,,
IDA3278,1406,Persona,Víctima,Mujer,Sin especificar,Sin especificar,1406A,,null,,,,
IDA3279,1407,Persona,Perpetrador,Hombre,Sin especificar,Fuerza armada,1407A,,null,,,,
IDA3280,1407,Persona,Víctima,Hombre,Sin especificar,Sin especificar,1407A,,null,,,,
IDA3281,1408,Persona,Perpetrador,Hombre,Sin especificar,Sin especificar,1408A,,null,,,,
IDA3282,1408,Persona,Perpetrador,Mujer,Sin especificar,Sin especificar,1408A,,null,,,,
IDA3283,1409,Persona,Perpetrador,Hombre,Sin especificar,Sin especificar,"1409A, 1409B, 1409C, 1409D",,null,,,,
IDA3284,1409,Institución,Víctima,null,null,null,1409A,,La justicia/jueces,,,,
IDA3285,1409,Persona,Víctima,Indeterminado,Indeterminado,Indeterminado,1409C,1,null,,,,
IDA3286,1410,Persona,Perpetrador,Hombre,Sin especificar,Sin especificar,1410A,,null,,,,
IDA3287,1410,Persona,Víctima,Hombre,Sin especificar,Sin especificar,1410A,,null,,,,
IDA3288,1411,Persona,Perpetrador,Hombre,Sin especificar,Sin especificar,1411A,,null,,,,
IDA3289,1411,Persona,Víctima,Hombre,Sin especificar,Político del Estado,1411A,,null,,,,
IDA3290,1412,Persona,Perpetrador,Hombre,Sin especificar,Sin especificar,1412A,,null,,,,
IDA3291,1412,Persona,Víctima,Indeterminado,Indeterminado,Indeterminado,1412A,1,null,,,,
IDA3292,1413,Persona,Perpetrador,Hombre,Sin especificar,Sin especificar,1413A,,null,,,,
IDA3293,1413,Persona,Víctima,Mujer,Sin especificar,Sin especificar,1413A,,null,,,,
IDA3294,1414,Persona,Perpetrador,Hombre,Sin especificar,Sin especificar,1414A,,null,,,,
IDA3295,1414,Persona,Perpetrador,Mujer,Sin especificar,Sin especificar,1414A,,null,,,,
IDA3296,1415,Persona,Perpetrador,Hombre,Sin especificar,Sin especificar,1415A,,null,,,,
IDA3297,1415,Institución,Víctima,null,null,null,1415A,,La autoridad,,,,
IDA3298,1431,Persona,Perpetrador,Hombre,Sin especificar,Sin especificar,1431A,,null,,,,
IDA3299,1442,Persona,Perpetrador,Hombre,Sin especificar,Sin especificar,1442A,,null,,,,
IDA3300,1442,Persona,Perpetrador,Mujer,Sin especificar,Sin especificar,1442A,,null,,,,
IDA3301,1443,Persona,Perpetrador,Hombre,Sin especificar,Sin especificar,1443A,,null,,,,
IDA3302,1443,Persona,Víctima,Hombre,Sin especificar,Sin especificar,1443A,,null,,,,
IDA3303,1445,Persona,Perpetrador,Hombre,Sin especificar,Sin especificar,1445A,,null,,,,
IDA3304,1445,Persona,Víctima,Hombre,Sin especificar,Sin especificar,1445A,,null,,,,
IDA3305,1448,Persona,Perpetrador,Hombre,Sin especificar,Sin especificar,1448A,,null,,,,
IDA3306,1449,Persona,Perpetrador,Hombre,Sin especificar,Sin especificar,1449A,,null,,,,
IDA3307,1449,Persona,Víctima,Hombre,Sin especificar,Sin especificar,1449A,,null,,,,
IDA3308,1454,Persona,Perpetrador,Indeterminado,Indeterminado,Indeterminado,1454A,1,null,,,,
IDA3309,1454,Persona,Víctima,Hombre,Sin especificar,Fuerza armada,1454A,,null,,,,
IDA3310,1454,Persona,Víctima,Hombre,Sin especificar,Fuerza armada,1454A,,null,,,,
IDA3311,1455,Persona,Perpetrador,Hombre,Sin especificar,Sin especificar,1455A,,null,,1,,
IDA3312,1455,Persona,Víctima,Mujer,Sin especificar,Sin especificar,1455A,,null,,1,,
IDA3313,1455,Persona,Perpetrador,Hombre,Sin especificar,Político del Estado,1455B,,null,,1,,
IDA3314,1455,Persona,Víctima,Hombre,Sin especificar,Sin especificar,1455B,,null,,1,,
IDA3315,1456,Persona,Perpetrador,Hombre,Sin especificar,Sin especificar,1456A,,null,,,,
IDA3316,1456,Persona,Víctima,Indeterminado,Indeterminado,Indeterminado,1456A,1,null,,,,
IDA3317,1457,Persona,Perpetrador,Hombre,Sin especificar,Sin especificar,1457A,,null,,,,
IDA3318,1457,Población Completa,Víctima,null,null,null,1457A,,null,,,,
IDA3319,1458,Persona,Perpetrador,Hombre,Sin especificar,Sin especificar,"1458A, 1458B",,null,,,,
IDA3320,1458,Persona,Perpetrador,Mujer,Sin especificar,Sin especificar,1458A,,null,,,,
IDA3321,1458,Persona,Víctima,Indeterminado,Indeterminado,Indeterminado,1458A,1,null,,,,
IDA3322,1458,Persona,Víctima,Mujer,Sin especificar,Sin especificar,1458B,,null,,,,
IDA3323,1458,Persona,Perpetrador,Hombre,Sin especificar,Sin especificar,"1458B, 1458A",,null,,,,
IDA3324,1458,Persona,Víctima,Mujer,Sin especificar,Sin especificar,1458B,,null,,,,
IDA3325,1458,Persona,Perpetrador,Mujer,Sin especificar,Sin especificar,1458A,,null,,,,
IDA3326,1459,Persona,Perpetrador,Hombre,Sin especificar,Sin especificar,1459A,,null,,,,
IDA3327,1459,Persona,Víctima,Indeterminado,Indeterminado,Indeterminado,1459A,1,null,,,,
IDA3328,1460,Persona,Perpetrador,Hombre,Sin especificar,Sin especificar,"1460A, 1460B",,null,,,,
IDA3329,1460,Persona,Perpetrador,Hombre,Sin especificar,Sin especificar,"1460A, 1460B",,null,,,,
IDA3330,1460,Persona,Víctima,Hombre,Sin especificar,Sin especificar,"1460A, 1460B",,null,,,,
IDA3331,1461,Persona,Perpetrador,Hombre,Sin especificar,Sin especificar,"1461A, 1461B",,null,,,,
IDA3332,1461,Persona,Víctima,Indeterminado,Indeterminado,Indeterminado,"1461A, 1461B",1,null,,,,
IDA3333,1462,Persona,Perpetrador,Mujer,Sin especificar,Sin especificar,1462A,1,null,,,,
IDA3334,1462,Persona,Perpetrador,Mujer,Sin especificar,Sin especificar,1462A,1,null,,,,
IDA3335,1462,Persona,Perpetrador,Mujer,Sin especificar,Sin especificar,1462A,1,null,,,,
IDA3336,1462,Persona,Víctima,Mujer,Sin especificar,Sin especificar,1462A,,null,,,,
IDA3337,1463,Persona,Perpetrador,Mujer,Sin especificar,Sin especificar,1463A,,null,,,,
IDA3338,1463,Persona,Víctima,Hombre,Sin especificar,Sin especificar,1463A,,null,,,,
IDA3339,1464,Persona,Perpetrador,Hombre,Sin especificar,Sin especificar,"1464A, 1464B",,null,,,,
IDA3340,1464,Persona,Víctima,Indeterminado,Indeterminado,Indeterminado,1464A,1,null,,,,
IDA3341,1464,Institución,Víctima,null,null,null,1464B,,La autoridad,,,,
IDA3342,1465,Persona,Perpetrador,Hombre,Sin especificar,Fuerza armada,1465A,,null,,,,
IDA3343,1465,Persona,Perpetrador,Hombre,Sin especificar,Sin especificar,1465A,,null,,,,
IDA3344,1465,Persona,Perpetrador,Hombre,Sin especificar,Sin especificar,1465A,,null,,,,
IDA3345,1465,Institución,Víctima,null,null,null,1465A,,La autoridad,,,,
IDA3346,1466,Persona,Perpetrador,Hombre,Sin especificar,Sin especificar,1466A,,null,,,,
IDA3347,1466,Persona,Perpetrador,Hombre,Sin especificar,Sin especificar,1466A,,null,,,,
IDA3348,1467,Persona,Perpetrador,Hombre,Sin especificar,Sin especificar,1467A,,null,,,,
IDA3349,1467,Persona,Perpetrador,Hombre,Sin especificar,Sin especificar,1467A,,null,,,,
IDA3350,1467,Persona,Víctima,Hombre,Sin especificar,Político del Estado,1467A,,null,,,,
IDA3351,1468,Persona,Perpetrador,Indeterminado,Indeterminado,Indeterminado,1468A,1,null,,,,
IDA3352,1468,Persona,Perpetrador,Indeterminado,Indeterminado,Indeterminado,1468A,1,null,,,,
IDA3353,1468,Persona,Víctima,Hombre,Sin especificar,Político del Estado,1468A,,null,,,,
IDA3354,1469,Persona,Perpetrador,Indeterminado,Indeterminado,Indeterminado,1469A,1,null,,,,
IDA3355,1469,Persona,Perpetrador,Indeterminado,Indeterminado,Indeterminado,1469A,1,null,,,,
IDA3356,1469,Persona,Víctima,Indeterminado,Indeterminado,Indeterminado,"1469A, 1469C",1,null,,,,
IDA3357,1469,Persona,Perpetrador,Hombre,Sin especificar,Político del Estado,1469C,,null,,,,
IDA3358,1469,Persona,Víctima,Indeterminado,Indeterminado,Indeterminado,1469C,1,null,,,,
IDA3359,1469,Persona,Perpetrador,Hombre,Sin especificar,Político del Estado,1469C,,null,,,,
IDA3360,1470,Persona,Perpetrador,Hombre,Sin especificar,Fuerza armada,1470A,,null,,1,,
IDA3361,1470,Persona,Perpetrador,Hombre,Sin especificar,Político del Estado,1470B,,null,,1,,
IDA3362,1470,Persona,Víctima,Hombre,Sin especificar,Fuerza armada,1470B,,null,,1,,
IDA3363,1471,Persona,Perpetrador,Hombre,Sin especificar,Fuerza armada,1471A,,null,,,,
IDA3364,1471,Persona,Víctima,Hombre,Sin especificar,Sin especificar,1471A,,null,,,,
IDA3365,1472,Persona,Perpetrador,Hombre,Sin especificar,Sin especificar,"1472A, 1472B",,null,,,,
IDA3366,1472,Persona,Víctima,Hombre,Sin especificar,Sin especificar,"1472A, 1472B",,null,,,,
IDA3367,1473,Persona,Perpetrador,Hombre,Sin especificar,Sin especificar,1473A,,null,,,,
IDA3368,1473,Persona,Perpetrador,Hombre,Sin especificar,Sin especificar,1473A,,null,,,,
IDA3369,1473,Persona,Perpetrador,Hombre,Sin especificar,Sin especificar,1473A,,null,,,,
IDA3370,1473,Persona,Víctima,Hombre,Sin especificar,Fuerza armada,1473A,1,null,,,,
IDA3371,1473,Persona,Víctima,Hombre,Sin especificar,Fuerza armada,1473A,1,null,,,,
IDA3372,1473,Persona,Víctima,Hombre,Sin especificar,Fuerza armada,1473A,1,null,,,,
IDA3373,1474,Persona,Perpetrador,Hombre,Sin especificar,Sin especificar,1474A,,null,,1,,
IDA3374,1474,Persona,Víctima,Mujer,Sin especificar,Sin especificar,"1474A, 1474B",,null,,1,,
IDA3375,1474,Institución,Perpetrador,null,null,null,1474B,,La justicia/jueces,,1,,
IDA3376,1475,Persona,Perpetrador,Mujer,Sin especificar,Sin especificar,1475A,,null,,,,
IDA3377,1475,Persona,Víctima,Mujer,Sin especificar,Sin especificar,1475A,,null,,,,
IDA3378,1476,Persona,Perpetrador,Hombre,Sin especificar,Sin especificar,1476A,,null,,,,
IDA3379,1476,Persona,Víctima,Indeterminado,Indeterminado,Indeterminado,1476A,1,null,,,,
IDA3380,1477,Persona,Perpetrador,Hombre,Sin especificar,Fuerza armada,1477A,,null,,,,
IDA3381,1478,Persona,Perpetrador,Mujer,Sin especificar,Sin especificar,"1478A, 1478B",,null,,1,,
IDA3382,1478,Persona,Víctima,Mujer,Sin especificar,Sin especificar,"1478A, 1478B",,null,,1,,
IDA3383,1479,Persona,Perpetrador,Hombre,Sin especificar,Sin especificar,1479A,,null,,,,
IDA3384,1479,Persona,Víctima,Indeterminado,Indeterminado,Indeterminado,1479A,1,null,,,,
IDA3385,1480,Persona,Perpetrador,Hombre,Sin especificar,Sin especificar,1480A,,null,,,,
IDA3386,1480,Persona,Víctima,Hombre,Sin especificar,Sin especificar,1480A,,null,,,,
IDA3387,1481,Persona,Perpetrador,Hombre,Sin especificar,Sin especificar,1481A,,null,,,,
IDA3388,1481,Institución,Víctima,null,null,null,1481A,,Iglesia,,,,
IDA3389,1482,Persona,Perpetrador,Hombre,Sin especificar,Sin especificar,1482A,,null,,,,
IDA3390,1482,Persona,Víctima,Hombre,Sin especificar,Político del Estado,1482A,,null,,,,
IDA3391,1483,Persona,Perpetrador,Hombre,Sin especificar,Sin especificar,1483A,,null,,,,
IDA3392,1483,Persona,Víctima,Indeterminado,Indeterminado,Indeterminado,1483A,1,null,,,,
IDA3393,1484,Persona,Perpetrador,Hombre,Sin especificar,Sin especificar,1484A,,null,,,,
IDA3394,1486,Persona,Perpetrador,Hombre,Sin especificar,Sin especificar,1486A,,null,,,,
IDA3395,1486,Persona,Víctima,Hombre,Sin especificar,Sin especificar,1486A,,null,,,,
IDA3396,1487,Persona,Perpetrador,Hombre,Sin especificar,Sin especificar,1487A,,null,,,,
IDA3397,1487,Persona,Víctima,Hombre,Sin especificar,Sin especificar,1487A,,null,,,,
IDA3398,1488,Persona,Perpetrador,Hombre,Sin especificar,Sin especificar,1488A,,null,,,,
IDA3399,1488,Persona,Víctima,Hombre,Sin especificar,Fuerza armada,1488A,,null,,,,
IDA3400,1489,Persona,Perpetrador,Hombre,Sin especificar,Político del Estado,1489A,,null,,,,
IDA3401,1489,Persona,Víctima,Hombre,Sin especificar,Sin especificar,1489A,,null,,,,
IDA3402,1490,Persona,Perpetrador,Hombre,Sin especificar,Sin especificar,"1490A, 1490B",1,null,,,,
IDA3403,1490,Persona,Perpetrador,Hombre,Sin especificar,Sin especificar,"1490A, 1490B",1,null,,,,
IDA3404,1490,Persona,Perpetrador,Indeterminado,Indeterminado,Indeterminado,"1490A, 1490B",1,null,,,,
IDA3405,1490,Persona,Perpetrador,Indeterminado,Indeterminado,Indeterminado,"1490A, 1490B",1,null,,,,
IDA3406,1490,Persona,Víctima,Hombre,Sin especificar,Político del Estado,"1490A, 1490B",,null,,,,
IDA3407,1491,Persona,Perpetrador,Hombre,Sin especificar,Sin especificar,"1491A, 1491B",,null,,,,
IDA3408,1491,Persona,Víctima,Hombre,Sin especificar,Sin especificar,1491A,,null,,,,
IDA3409,1491,Institución,Víctima,null,null,null,1491B,,La autoridad,,,,
IDA3410,1491,Persona,Perpetrador,Hombre,Sin especificar,Sin especificar,"1491B, 1491A",,null,,,,
IDA3411,1491,Institución,Víctima,null,null,null,1491B,,La autoridad,,,,
IDA3412,1491,Persona,Víctima,Hombre,Sin especificar,Sin especificar,1491A,,null,,,,
IDA3413,1492,Persona,Perpetrador,Hombre,Sin especificar,Sin especificar,1492A,,null,,,,
IDA3414,1492,Persona,Perpetrador,Hombre,Sin especificar,Sin especificar,1492A,,null,,,,
IDA3415,1492,Persona,Víctima,Hombre,Sin especificar,Sin especificar,1492A,,null,,,,
IDA3416,1493,Persona,Perpetrador,Hombre,Sin especificar,Sin especificar,1493A,,null,,,,
IDA3417,1493,Persona,Víctima,Mujer,Sin especificar,Sin especificar,1493A,,null,,,,
IDA3418,1494,Persona,Perpetrador,Hombre,Sin especificar,Político del Estado,"1494A, 1494B",,null,,,,
IDA3419,1494,Persona,Víctima,Hombre,Sin especificar,Fuerza armada,"1494A, 1494B",,null,,,,
IDA3420,1495,Persona,Perpetrador,Hombre,Sin especificar,Sin especificar,"1495A, 1495B",,null,,,,
IDA3421,1496,Persona,Perpetrador,Hombre,Sin especificar,Sin especificar,1496A,,null,,,,
IDA3422,1497,Persona,Perpetrador,Hombre,Sin especificar,Sin especificar,"1497A, 1497B",,null,,,,
IDA3423,1497,Persona,Víctima,Hombre,Sin especificar,Sin especificar,"1497A, 1497B",,null,,,,
IDA3424,1498,Persona,Perpetrador,Hombre,Sin especificar,Sin especificar,1498A,,null,,,,
IDA3425,1498,Persona,Víctima,Hombre,Sin especificar,Político del Estado,1498A,,null,,,,
IDA3426,1499,Persona,Perpetrador,Hombre,Sin especificar,Sin especificar,"1499A, 1499B",1,null,,,,
IDA3427,1499,Persona,Perpetrador,Hombre,Sin especificar,Sin especificar,"1499A, 1499B",1,null,,,,
IDA3428,1499,Persona,Perpetrador,Indeterminado,Indeterminado,Indeterminado,"1499A, 1499B",1,null,,,,
IDA3429,1499,Persona,Perpetrador,Indeterminado,Indeterminado,Indeterminado,"1499A, 1499B",1,null,,,,
IDA3430,1499,Persona,Víctima,Mujer,Sin especificar,Sin especificar,"1499A, 1499B",,null,,,,
IDA3431,1500,Persona,Perpetrador,Hombre,Sin especificar,Sin especificar,"1500A, 1500B",,null,,,,
IDA3432,1500,Persona,Víctima,Hombre,Sin especificar,Sin especificar,"1500A, 1500B",,null,,,,
IDA3433,1501,Persona,Perpetrador,Hombre,Sin especificar,Sin especificar,1501A,,null,,,,
IDA3434,1501,Persona,Víctima,Indeterminado,Indeterminado,Indeterminado,1501A,1,null,,,,
IDA3435,1510,Persona,Perpetrador,Hombre,Sin especificar,Sin especificar,1510A,,null,,,,
IDA3436,1510,Persona,Víctima,Hombre,Sin especificar,Sin especificar,1510A,,null,,,,
IDA3437,1511,Persona,Perpetrador,Hombre,Sin especificar,Sin especificar,"1511A, 1511B",,null,,,,
IDA3438,1511,Persona,Víctima,Indeterminado,Indeterminado,Indeterminado,1511A,1,null,,,,
IDA3439,1511,Persona,Perpetrador,Mujer,Sin especificar,Sin especificar,1511B,,null,,,,
IDA3440,1512,Persona,Perpetrador,Hombre,Sin especificar,Sin especificar,1512A,,null,,,,
IDA3441,1512,Persona,Víctima,Mujer,Sin especificar,Sin especificar,1512A,,null,,,,
IDA3442,1513,Persona,Perpetrador,Hombre,Sin especificar,Sin especificar,"1513A, 1513B",,null,,,,
IDA3443,1513,Persona,Víctima,Hombre,Sin especificar,Sin especificar,"1513A, 1513B",,null,,,,
IDA3444,1513,Persona,Perpetrador,Hombre,Sin especificar,Sin especificar,"1513B, 1513A",,null,,,,
IDA3445,1513,Persona,Víctima,Hombre,Sin especificar,Sin especificar,"1513B, 1513A",,null,,,,
IDA3446,1514,Persona,Perpetrador,Hombre,Sin especificar,Sin especificar,1514A,,null,,,,
IDA3447,1514,Persona,Víctima,Hombre,Sin especificar,Sin especificar,1514A,,null,,,,
IDA3448,1515,Persona,Perpetrador,Hombre,Sin especificar,Político del Estado,1515A,,null,,,,
IDA3449,1515,Persona,Víctima,Mujer,Sin especificar,Sin especificar,1515A,,null,,,,
IDA3450,1516,Persona,Cómplice,Hombre,Sin especificar,Sin especificar,1516A,1,null,,,,
IDA3451,1516,Persona,Perpetrador,Indeterminado,Indeterminado,Indeterminado,1516A,1,null,,,,
IDA3452,1516,Persona,Víctima,Indeterminado,Indeterminado,Indeterminado,1516A,1,null,,,,
IDA3453,1520,Persona,Perpetrador,Hombre,Sin especificar,Sin especificar,1520A,,null,,,,
IDA3454,1520,Persona,Víctima,Hombre,Sin especificar,Eclesiástico,1520A,,null,,,,
IDA3455,1521,Persona,Perpetrador,Hombre,Sin especificar,Sin especificar,"1521A, 1521B",,null,,,,
IDA3456,1521,Persona,Víctima,Hombre,Sin especificar,Sin especificar,"1521A, 1521B",,null,,,,
IDA3457,1522,Persona,Perpetrador,Hombre,Sin especificar,Sin especificar,"1522A, 1522B",,null,,,,
IDA3458,1522,Población Completa,Víctima,null,null,null,"1522A, 1522B",,null,,,,
IDA3459,1523,Persona,Perpetrador,Hombre,Sin especificar,Sin especificar,1523A,,null,,,,
IDA3460,1523,Persona,Perpetrador,Mujer,Sin especificar,Sin especificar,1523A,,null,,,,
IDA3461,1524,Persona,Perpetrador,Mujer,Sin especificar,Sin especificar,"1524A, 1524B",,null,,,,
IDA3462,1524,Persona,Víctima,Mujer,Sin especificar,Sin especificar,"1524A, 1524B",,null,,,,
IDA3463,1525,Persona,Perpetrador,Hombre,Sin especificar,Sin especificar,1525A,,null,,,,
IDA3464,1525,Persona,Víctima,Hombre,Sin especificar,Sin especificar,1525A,,null,,,,
IDA3465,1526,Persona,Perpetrador,Hombre,Sin especificar,Sin especificar,1526A,,null,,,,
IDA3466,1526,Persona,Perpetrador,Hombre,Sin especificar,Sin especificar,1526A,,null,,,,
IDA3467,1526,Persona,Perpetrador,Hombre,Sin especificar,Sin especificar,1526A,,null,,,,
IDA3468,1526,Persona,Perpetrador,Hombre,Sin especificar,Sin especificar,1526A,,null,,,,
IDA3469,1526,Persona,Perpetrador,Hombre,Sin especificar,Sin especificar,1526A,,null,,,,
IDA3470,1526,Persona,Perpetrador,Hombre,Sin especificar,Sin especificar,1526A,,null,,,,
IDA3471,1526,Persona,Víctima,Hombre,Sin especificar,Sin especificar,1526A,,null,,,,
IDA3472,1526,Persona,Víctima,Mujer,Sin especificar,Sin especificar,1526A,,null,,,,
IDA3473,1527,Persona,Perpetrador,Hombre,Sin especificar,Sin especificar,"1527A, 1527B, 1527C",,null,,,,
IDA3474,1527,Persona,Perpetrador,Mujer,Sin especificar,Sin especificar,1527A,,null,,,,
IDA3475,1527,Persona,Víctima,Hombre,Sin especificar,Sin especificar,1527A,,null,,,,
IDA3476,1527,Institución,Víctima,null,null,null,"1527B, 1527C",,La autoridad,,,,
IDA3477,1529,Persona,Perpetrador,Mujer,Sin especificar,Sin especificar,1529A,,null,,,,
IDA3478,1529,Persona,Víctima,Mujer,Sin especificar,Sin especificar,1529A,,null,,,,
IDA3479,1530,Persona,Perpetrador,Hombre,Sin especificar,Sin especificar,1530A,,null,,,,
IDA3480,1530,Persona,Perpetrador,Hombre,Sin especificar,Sin especificar,1530A,,null,,,,
IDA3481,1530,Persona,Víctima,Hombre,Sin especificar,Sin especificar,1530A,,null,,,,
IDA3482,1531,Persona,Perpetrador,Hombre,Sin especificar,Sin especificar,"1531A, 1531B",1,null,,,,
IDA3483,1531,Persona,Perpetrador,Mujer,Sin especificar,Sin especificar,"1531A, 1531B",1,null,,,,
IDA3484,1531,Persona,Perpetrador,Mujer,Sin especificar,Sin especificar,"1531A, 1531B",1,null,,,,
IDA3485,1531,Persona,Perpetrador,Indeterminado,Indeterminado,Indeterminado,"1531A, 1531B",1,null,,,,
IDA3486,1531,Persona,Perpetrador,Indeterminado,Indeterminado,Indeterminado,"1531A, 1531B",1,null,,,,
IDA3487,1531,Persona,Víctima,Mujer,Sin especificar,Sin especificar,1531B,,null,,,,
IDA3488,1531,Persona,Víctima,Indeterminado,Indeterminado,Indeterminado,1531B,,null,,,,
IDA3489,1532,Persona,Perpetrador,Hombre,Sin especificar,Sin especificar,1532A,,null,,,,
IDA3490,1532,Persona,Perpetrador,Hombre,Sin especificar,Sin especificar,1532A,,null,,,,
IDA3491,1533,Persona,Perpetrador,Hombre,Sin especificar,Político del Estado,1533A,,null,,,,
IDA3492,1533,Persona,Víctima,Mujer,Sin especificar,Sin especificar,1533A,,null,,,,
IDA3493,1535,Persona,Perpetrador,Hombre,Sin especificar,Sin especificar,"1535A, 1535B",,null,,,,
IDA3494,1535,Persona,Víctima,Hombre,Sin especificar,Sin especificar,"1535A, 1535B",,null,,,,
IDA3495,1536,Persona,Perpetrador,Hombre,Sin especificar,Sin especificar,1536A,,null,,,,
IDA3496,1536,Persona,Perpetrador,Hombre,Sin especificar,Sin especificar,1536A,,null,,,,
IDA3497,1536,Persona,Perpetrador,Hombre,Sin especificar,Sin especificar,1536A,,null,,,,
IDA3498,1536,Persona,Víctima,Hombre,Sin especificar,Sin especificar,1536A,,null,,,,
IDA3499,1538,Persona,Perpetrador,Hombre,Sin especificar,Sin especificar,1538A,,null,,,,
IDA3500,1538,Persona,Perpetrador,Mujer,Sin especificar,Sin especificar,1538A,,null,,,,
IDA3501,1539,Persona,Perpetrador,Hombre,Sin especificar,Sin especificar,1539A,,null,,,,
IDA3502,1539,Persona,Víctima,Hombre,Sin especificar,Sin especificar,"1539A, 1539B",,null,,,,
IDA3503,1539,Persona,Perpetrador,Hombre,Sin especificar,Político del Estado,1539B,,null,,,,
IDA3504,1540,Persona,Perpetrador,Hombre,Sin especificar,Sin especificar,1540A,,null,,,,
IDA3505,1540,Persona,Víctima,Hombre,Indígenas,Sin especificar,1540A,,null,,,,
IDA3506,1541,Persona,Perpetrador,Hombre,Sin especificar,Sin especificar,1541A,1,null,,,,
IDA3507,1541,Persona,Perpetrador,Hombre,Esclavo,Sin especificar,1541A,1,null,,,,
IDA3508,1541,Persona,Perpetrador,Hombre,Esclavo,Sin especificar,1541A,1,null,,,,
IDA3509,1541,Persona,Víctima,Indeterminado,Indeterminado,Indeterminado,1541A,1,null,,,,
IDA3510,1541,Persona,Víctima,Indeterminado,Indeterminado,Indeterminado,1541A,1,null,,,,
IDA3511,1542,Persona,Perpetrador,Hombre,Sin especificar,Sin especificar,1542A,,null,,,,
IDA3512,1542,Persona,Víctima,Indeterminado,Indeterminado,Indeterminado,1542A,,null,,,,
IDA3513,1543,Persona,Perpetrador,Hombre,Sin especificar,Sin especificar,1543A,,null,,,,
IDA3514,1543,Persona,Perpetrador,Hombre,Sin especificar,Sin especificar,1543A,,null,,,,
IDA3515,1544,Persona,Perpetrador,Hombre,Sin especificar,Sin especificar,1544A,1,null,,,,
IDA3516,1544,Persona,Perpetrador,Indeterminado,Indeterminado,Indeterminado,1544A,1,null,,,,
IDA3517,1544,Persona,Perpetrador,Indeterminado,Indeterminado,Indeterminado,1544A,1,null,,,,
IDA3518,1544,Persona,Víctima,Mujer,Sin especificar,Sin especificar,1544A,,null,,,,
IDA3519,1545,Persona,Perpetrador,Hombre,Sin especificar,Sin especificar,1545A,,null,,,,
IDA3520,1545,Persona,Víctima,Hombre,Sin especificar,Sin especificar,1545A,,null,,,,
IDA3521,1546,Persona,Perpetrador,Hombre,Sin especificar,Sin especificar,1546A,,null,,,,
IDA3522,1546,Persona,Perpetrador,Mujer,Sin especificar,Sin especificar,1546A,,null,,,,
IDA3523,1546,Persona,Víctima,Hombre,Sin especificar,Sin especificar,1546A,,null,,,,
IDA3524,1547,Persona,Perpetrador,Hombre,Sin especificar,Sin especificar,1547A,,null,,,,
IDA3525,1547,Persona,Víctima,Mujer,Sin especificar,Sin especificar,1547A,,null,,,,
IDA3526,1548,Persona,Perpetrador,Hombre,Sin especificar,Sin especificar,1548A,1,null,,,,
IDA3527,1548,Persona,Perpetrador,Hombre,Sin especificar,Sin especificar,1548A,1,null,,,,
IDA3528,1548,Persona,Perpetrador,Hombre,Sin especificar,Sin especificar,1548A,1,null,,,,
IDA3529,1548,Persona,Perpetrador,Indeterminado,Indeterminado,Indeterminado,1548A,1,null,,,,
IDA3530,1548,Persona,Perpetrador,Indeterminado,Indeterminado,Indeterminado,1548A,1,null,,,,
IDA3531,1548,Persona,Víctima,Indeterminado,Indeterminado,Indeterminado,1548A,1,null,,,,
IDA3532,1549,Persona,Perpetrador,Hombre,Sin especificar,Político del Estado,1549A,,null,,,,
IDA3533,1549,Persona,Víctima,Hombre,Sin especificar,Sin especificar,1549A,,null,,,,
IDA3534,1550,Persona,Perpetrador,Hombre,Sin especificar,Sin especificar,"1550A, 1550B, 1550C",,null,,,,
IDA3535,1551,Persona,Perpetrador,Hombre,Sin especificar,Político del Estado,1551A,,null,,,,
IDA3536,1553,Persona,Perpetrador,Mujer,Sin especificar,Sin especificar,1553A,,null,,,,
IDA3537,1556,Persona,Perpetrador,Hombre,Sin especificar,Sin especificar,1556A,,null,,,,
IDA3538,1556,Persona,Perpetrador,Mujer,Sin especificar,Sin especificar,1556A,,null,,,,
IDA3539,1556,Persona,Víctima,Hombre,Sin especificar,Sin especificar,1556A,,null,,,,
IDA3540,1557,Persona,Perpetrador,Hombre,Sin especificar,Sin especificar,1557A,1,null,,,,
IDA3541,1557,Persona,Perpetrador,Hombre,Sin especificar,Fuerza armada,1557A,1,null,,,,
IDA3542,1557,Persona,Perpetrador,Hombre,Sin especificar,Fuerza armada,1557A,1,null,,,,
IDA3543,1557,Persona,Víctima,Hombre,Sin especificar,Fuerza armada,1557A,,null,,,,
IDA3544,1558,Persona,Perpetrador,Hombre,Sin especificar,Sin especificar,1558A,,null,,,,
IDA3545,1558,Persona,Víctima,Hombre,Sin especificar,Sin especificar,1558A,,null,,,,
IDA3546,1559,Persona,Perpetrador,Hombre,Sin especificar,Sin especificar,1559A,,null,,,,
IDA3547,1559,Persona,Víctima,Indeterminado,Indeterminado,Indeterminado,1559A,1,null,,,,
IDA3548,1560,Persona,Perpetrador,Hombre,Sin especificar,Sin especificar,"1560A, 1560B",,null,,,,
IDA3549,1560,Persona,Perpetrador,Mujer,Sin especificar,Sin especificar,"1560A, 1560B",,null,,,,
IDA3550,1560,Persona,Víctima,Hombre,Sin especificar,Sin especificar,1560A,,null,,,,
IDA3551,1560,Persona,Víctima,Mujer,Sin especificar,Sin especificar,1560B,,null,,,,
IDA3552,1560,Persona,Perpetrador,Hombre,Sin especificar,Sin especificar,"1560B, 1560A",,null,,,,
IDA3553,1560,Persona,Perpetrador,Mujer,Sin especificar,Sin especificar,"1560B, 1560A",,null,,,,
IDA3554,1560,Persona,Víctima,Mujer,Sin especificar,Sin especificar,1560B,,null,,,,
IDA3555,1560,Persona,Víctima,Hombre,Sin especificar,Sin especificar,1560A,,null,,,,
IDA3556,1561,Persona,Perpetrador,Hombre,Sin especificar,Sin especificar,1561A,,null,,,,
IDA3557,1561,Persona,Víctima,Hombre,Sin especificar,Político del Estado,1561A,,null,,,,
IDA3558,1562,Persona,Perpetrador,Hombre,Sin especificar,Político del Estado,"1562A, 1562B",,null,,,,
IDA3559,1564,Persona,Perpetrador,Hombre,Sin especificar,Sin especificar,1564A,,null,,,,
IDA3560,1564,Persona,Víctima,Hombre,Sin especificar,Eclesiástico,1564A,,null,,,,
IDA3561,1565,Persona,Perpetrador,Hombre,Sin especificar,Político del Estado,1565A,,null,,,,
IDA3562,1565,Institución,Víctima,null,null,null,1565A,,La justicia/jueces,,,,
IDA3563,1566,Persona,Perpetrador,Hombre,Sin especificar,Político del Estado,1566A,,null,,,,
IDA3564,1566,Persona,Víctima,Hombre,Sin especificar,Político del Estado,1566A,,null,,,,
IDA3565,1567,Persona,Perpetrador,Hombre,Sin especificar,Sin especificar,1567A,,null,,,,
IDA3566,1568,Persona,Perpetrador,Hombre,Sin especificar,Sin especificar,1568A,,null,,,,
IDA3567,1568,Persona,Víctima,Hombre,Sin especificar,Sin especificar,1568A,,null,,,,
IDA3568,1569,Persona,Perpetrador,Hombre,Sin especificar,Político del Estado,1569A,,null,,,,
IDA3569,1569,Persona,Víctima,Hombre,Sin especificar,Sin especificar,1569A,,null,,,,
IDA3570,1570,Persona,Perpetrador,Hombre,Sin especificar,Sin especificar,1570A,,null,,,,
IDA3571,1570,Persona,Perpetrador,Hombre,Sin especificar,Sin especificar,1570A,,null,,,,
IDA3572,1570,Persona,Perpetrador,Hombre,Sin especificar,Sin especificar,1570A,,null,,,,
IDA3573,1570,Persona,Víctima,Hombre,Sin especificar,Sin especificar,1570A,,null,,,,
IDA3574,1572,Persona,Perpetrador,Hombre,Sin especificar,Sin especificar,"1572A, 1572B, 1572C, 1572D",,null,,,,
IDA3575,1572,Persona,Víctima,Mujer,Sin especificar,Sin especificar,"1572A, 1572B, 1572D",,null,,,,
IDA3576,1572,Persona,Perpetrador,Mujer,Sin especificar,Sin especificar,"1572C, 1572D",,null,,,,
IDA3577,1573,Persona,Perpetrador,Hombre,Sin especificar,Sin especificar,"1573A, 1573B",,null,,,,
IDA3578,1573,Persona,Víctima,Mujer,Sin especificar,Sin especificar,1573A,,null,,,,
IDA3579,1574,Persona,Perpetrador,Hombre,Sin especificar,Sin especificar,1574A,,null,,,,
IDA3580,1574,Persona,Víctima,Hombre,Sin especificar,Sin especificar,1574A,,null,,,,
IDA3581,1574,Persona,Víctima,Mujer,Sin especificar,Sin especificar,1574A,,null,,,,
IDA3582,1575,Persona,Perpetrador,Hombre,Sin especificar,Sin especificar,1575A,,null,,,,
IDA3583,1575,Persona,Perpetrador,Mujer,Sin especificar,Sin especificar,1575A,,null,,,,
IDA3584,1576,Persona,Perpetrador,Hombre,Sin especificar,Sin especificar,1576A,,null,,,,
IDA3585,1576,Persona,Perpetrador,Hombre,Sin especificar,Sin especificar,1576A,,null,,,,
IDA3586,1576,Persona,Víctima,Hombre,Sin especificar,Sin especificar,1576A,,null,,,,
IDA3587,1577,Persona,Perpetrador,Hombre,Sin especificar,Sin especificar,1577A,,null,,,,
IDA3588,1577,Persona,Víctima,Hombre,Sin especificar,Fuerza armada,1577A,,null,,,,
IDA3589,1579,Persona,Perpetrador,Hombre,Sin especificar,Político del Estado,1579A,,null,,,,
IDA3590,1579,Persona,Víctima,Hombre,Sin especificar,Sin especificar,1579A,,null,,,,
IDA3591,1580,Persona,Perpetrador,Hombre,Sin especificar,Sin especificar,1580A,,null,,,,
IDA3592,1580,Persona,Víctima,Hombre,Sin especificar,Sin especificar,1580A,,null,,,,
IDA3593,1581,Persona,Perpetrador,Hombre,Sin especificar,Sin especificar,1581A,,null,,,,
IDA3594,1581,Persona,Víctima,Hombre,Indígenas,Sin especificar,1581A,,null,,,,
IDA3595,1582,Persona,Perpetrador,Hombre,Sin especificar,Político del Estado,1582A,,null,,,,
IDA3596,1582,Persona,Perpetrador,Hombre,Sin especificar,Político del Estado,1582A,,null,,,,
IDA3597,1582,Persona,Perpetrador,Hombre,Sin especificar,Político del Estado,1582A,,null,,,,
IDA3598,1582,Persona,Perpetrador,Hombre,Sin especificar,Político del Estado,1582A,,null,,,,
IDA3599,1582,Persona,Víctima,Hombre,Sin especificar,Fuerza armada,1582A,,null,,,,
IDA3600,1582,Persona,Víctima,Hombre,Sin especificar,Fuerza armada,1582A,,null,,,,
IDA3601,1582,Persona,Víctima,Hombre,Sin especificar,Fuerza armada,1582A,,null,,,,
IDA3602,1582,Persona,Víctima,Hombre,Sin especificar,Fuerza armada,1582A,,null,,,,
IDA3603,1583,Persona,Perpetrador,Hombre,Sin especificar,Sin especificar,1583A,,null,,,,
IDA3604,1584,Persona,Perpetrador,Hombre,Sin especificar,Político del Estado,1584A,,null,,,,
IDA3605,1584,Persona,Víctima,Mujer,Sin especificar,Sin especificar,1584A,,null,,,,
IDA3606,1584,Persona,Víctima,Mujer,Sin especificar,Sin especificar,1584A,,null,,,,
IDA3607,1588,Persona,Perpetrador,Hombre,Sin especificar,Político del Estado,1588A,,null,,,,
IDA3608,1588,Persona,Víctima,Indeterminado,Indeterminado,Indeterminado,1588A,1,null,,,,
IDA3609,1589,Persona,Perpetrador,Hombre,Sin especificar,Sin especificar,1589A,,null,,,,
IDA3610,1589,Persona,Víctima,Hombre,Sin especificar,Fuerza armada,1589A,,null,,,,
IDA3611,1591,Persona,Perpetrador,Hombre,Sin especificar,Sin especificar,1591A,,null,,,,
IDA3612,1592,Persona,Perpetrador,Hombre,Sin especificar,Político del Estado,1592A,,null,,,,
IDA3613,1592,Población Completa,Víctima,null,null,null,1592A,,null,,,,
IDA3614,1593,Persona,Perpetrador,Hombre,Sin especificar,Sin especificar,"1593A, 1593B",,null,,,,
IDA3615,1593,Persona,Víctima,Hombre,Sin especificar,Político del Estado,1593B,,null,,,,
IDA3616,1594,Persona,Perpetrador,Hombre,Sin especificar,Sin especificar,1594A,,null,,,,
IDA3617,1594,Persona,Víctima,Mujer,Indígenas,Sin especificar,1594A,,null,,,,
IDA3618,1595,Persona,Perpetrador,Hombre,Sin especificar,Fuerza armada,1595A,,null,,,,
IDA3619,1595,Persona,Víctima,Hombre,Sin especificar,Político del Estado,1595A,,null,,,,
IDA3620,1596,Persona,Perpetrador,Hombre,Sin especificar,Sin especificar,1596A,,null,,,,
IDA3621,1596,Persona,Víctima,Hombre,Sin especificar,Sin especificar,1596A,,null,,,,
IDA3622,1599,Persona,Perpetrador,Hombre,Sin especificar,Sin especificar,1599A,,null,,,,
IDA3623,1599,Persona,Víctima,Hombre,Sin especificar,Sin especificar,1599A,,null,,,,
IDA3624,1600,Persona,Perpetrador,Hombre,Sin especificar,Sin especificar,1600A,,null,,,,
IDA3625,1600,Persona,Víctima,Hombre,Sin especificar,Sin especificar,1600A,,null,,,,
IDA3626,1601,Persona,Perpetrador,Hombre,Sin especificar,Político del Estado,1601A,,null,,,,
IDA3627,1601,Persona,Víctima,Indeterminado,Sin especificar,Sirviente/lacayo,1601A,,null,,,,
IDA3628,1603,Persona,Perpetrador,Hombre,Sin especificar,Sin especificar,"1603A, 1603B",,null,,,,
IDA3629,1603,Persona,Víctima,Indeterminado,Indeterminado,Indeterminado,1603A,1,null,,,,
IDA3630,1603,Persona,Víctima,Hombre,Sin especificar,Sin especificar,1603B,,null,,,,
IDA3631,1604,Persona,Perpetrador,Hombre,Sin especificar,Sin especificar,1604A,,null,,,,
IDA3632,1604,Persona,Víctima,Hombre,Sin especificar,Político del Estado,1604A,,null,,,,
IDA3633,1605,Persona,Perpetrador,Hombre,Sin especificar,Sin especificar,"1605A, 1605B",,null,,,,
IDA3634,1605,Persona,Víctima,Hombre,Sin especificar,Sin especificar,"1605A, 1605B",,null,,,,
IDA3635,1606,Persona,Perpetrador,Hombre,Sin especificar,Sin especificar,1606A,,null,,,,
IDA3636,1606,Persona,Víctima,Indeterminado,Indeterminado,Indeterminado,1606A,1,null,,,,
IDA3637,1607,Persona,Perpetrador,Hombre,Sin especificar,Sin especificar,"1607A, 1607B",,null,,,,
IDA3638,1607,Persona,Víctima,Mujer,Sin especificar,Sin especificar,1607A,,null,,,,
IDA3639,1607,Persona,Víctima,Hombre,Sin especificar,Sin especificar,1607B,,null,,,,
IDA3640,1608,Persona,Perpetrador,Hombre,Sin especificar,Sin especificar,1608A,,null,,,,
IDA3641,1608,Persona,Víctima,Mujer,Sin especificar,Sin especificar,1608A,,null,,,,
IDA3642,1609,Persona,Perpetrador,Hombre,Sin especificar,Sin especificar,"1609A, 1609B",,null,,,,
IDA3643,1609,Persona,Víctima,Hombre,Sin especificar,Sin especificar,"1609A, 1609B",,null,,,,
IDA3644,1609,Persona,Perpetrador,Hombre,Sin especificar,Sin especificar,"1609B, 1609A",,null,,,,
IDA3645,1609,Persona,Víctima,Hombre,Sin especificar,Sin especificar,"1609B, 1609A",,null,,,,
IDA3646,1610,Persona,Perpetrador,Hombre,Sin especificar,Sin especificar,1610A,,null,,,,
IDA3647,1610,Persona,Perpetrador,Mujer,Sin especificar,Sin especificar,1610A,,null,,,,
IDA3648,1611,Persona,Perpetrador,Hombre,Sin especificar,Sin especificar,1611A,,null,,,,
IDA3649,1611,Persona,Perpetrador,Hombre,Sin especificar,Sin especificar,1611A,,null,,,,
IDA3650,1611,Persona,Víctima,Hombre,Sin especificar,Sin especificar,1611A,,null,,,,
IDA3651,1613,Persona,Perpetrador,Hombre,Sin especificar,Sin especificar,1613A,,null,,,,
IDA3652,1613,Institución,Víctima,null,null,null,1613A,,La justicia/jueces,,,,
IDA3653,1614,Persona,Perpetrador,Hombre,Sin especificar,Sin especificar,1614A,,null,,,,
IDA3654,1614,Persona,Perpetrador,Hombre,Sin especificar,Sin especificar,1614A,,null,,,,
IDA3655,1615,Persona,Perpetrador,Hombre,Sin especificar,Sin especificar,1615A,,null,,,,
IDA3656,1615,Persona,Perpetrador,Hombre,Sin especificar,Sin especificar,1615A,,null,,,,
IDA3657,1615,Persona,Víctima,Hombre,Sin especificar,Sin especificar,1615A,,null,,,,
IDA3658,1616,Persona,Perpetrador,Mujer,Sin especificar,Sin especificar,1616A,,null,,,,
IDA3659,1616,Persona,Perpetrador,Mujer,Sin especificar,Sin especificar,1616A,,null,,,,
IDA3660,1616,Persona,Perpetrador,Mujer,Sin especificar,Sin especificar,1616A,,null,,,,
IDA3661,1616,Persona,Víctima,Hombre,Sin especificar,Fuerza armada,1616A,,null,,,,
IDA3662,1617,Persona,Perpetrador,Hombre,Sin especificar,Sin especificar,1617A,,null,,,,
IDA3663,1617,Persona,Víctima,Hombre,Sin especificar,Político del Estado,1617A,,null,,,,
IDA3664,1618,Persona,Perpetrador,Hombre,Sin especificar,Sin especificar,1618A,,null,,,,
IDA3665,1618,Persona,Víctima,Hombre,Sin especificar,Sin especificar,1618A,,null,,,,
IDA3666,1619,Persona,Perpetrador,Hombre,Sin especificar,Sin especificar,1619A,,null,,,,
IDA3667,1619,Persona,Víctima,Hombre,Sin especificar,Sin especificar,1619A,,null,,,,
IDA3668,1620,Persona,Perpetrador,Hombre,Sin especificar,Sin especificar,1620A,,null,,,,
IDA3669,1620,Persona,Víctima,Hombre,Sin especificar,Eclesiástico,1620A,,null,,,,
IDA3670,1620,Persona,Víctima,Mujer,Mestizo,Sin especificar,1620A,,null,,,,
IDA3671,1621,Persona,Perpetrador,Hombre,Sin especificar,Sin especificar,1621A,,null,,,,
IDA3672,1621,Persona,Perpetrador,Hombre,Sin especificar,Sin especificar,1621A,,null,,,,
IDA3673,1621,Persona,Víctima,Hombre,Sin especificar,Sin especificar,1621A,,null,,,,
IDA3674,1622,Persona,Perpetrador,Hombre,Sin especificar,Sin especificar,1622A,1,null,,,,
IDA3675,1622,Persona,Perpetrador,Indeterminado,Indeterminado,Indeterminado,1622A,1,null,,,,
IDA3676,1622,Persona,Víctima,Hombre,Sin especificar,Sin especificar,1622A,,null,,,,
IDA3677,1623,Persona,Perpetrador,Hombre,Sin especificar,Sin especificar,1623A,,null,,,,
IDA3678,1623,Persona,Víctima,Mujer,Sin especificar,Sin especificar,1623A,,null,,,,
IDA3679,1624,Persona,Perpetrador,Hombre,Sin especificar,Sin especificar,"1624A, 1624B",,null,,,,
IDA3680,1624,Persona,Víctima,Indeterminado,Indeterminado,Indeterminado,1624A,1,null,,,,
IDA3681,1624,Persona,Perpetrador,Mujer,Sin especificar,Sin especificar,1624B,,null,,,,
IDA3682,1625,Persona,Perpetrador,Hombre,Sin especificar,Sin especificar,"1625A, 1625B",,null,,,,
IDA3683,1625,Persona,Perpetrador,Mujer,Sin especificar,Sin especificar,1625A,,null,,,,
IDA3684,1625,Persona,Víctima,Mujer,Sin especificar,Sin especificar,1625B,1,null,,,,
IDA3685,1625,Persona,Víctima,Mujer,Sin especificar,Sin especificar,1625B,1,null,,,,
IDA3686,1627,Persona,Perpetrador,Hombre,Sin especificar,Sin especificar,1627A,,null,,,,
IDA3687,1627,Persona,Víctima,Hombre,Sin especificar,Sin especificar,1627A,,null,,,,
IDA3688,1627,Persona,Víctima,Mujer,Sin especificar,Sin especificar,1627A,,null,,,,
IDA3689,1628,Persona,Perpetrador,Hombre,Sin especificar,Político del Estado,1628A,,null,,,,
IDA3690,1628,Persona,Víctima,Hombre,Sin especificar,Sin especificar,1628A,,null,,,,
IDA3691,1629,Persona,Perpetrador,Hombre,Sin especificar,Sin especificar,"1629A, 1629B",,null,,,,
IDA3692,1629,Persona,Perpetrador,Hombre,Sin especificar,Sin especificar,"1629A, 1629B",,null,,,,
IDA3693,1629,Persona,Perpetrador,Hombre,Sin especificar,Sin especificar,1629A,,null,,,,
IDA3694,1629,Persona,Víctima,Hombre,Sin especificar,Sin especificar,1629B,,null,,,,
IDA3695,1629,Persona,Perpetrador,Hombre,Sin especificar,Sin especificar,"1629B, 1629A",,null,,,,
IDA3696,1629,Persona,Perpetrador,Hombre,Sin especificar,Sin especificar,"1629B, 1629A",,null,,,,
IDA3697,1629,Persona,Víctima,Hombre,Sin especificar,Sin especificar,1629B,,null,,,,
IDA3698,1629,Persona,Perpetrador,Hombre,Sin especificar,Sin especificar,1629A,,null,,,,
IDA3699,1631,Persona,Perpetrador,Hombre,Sin especificar,Sin especificar,1631A,,null,,,,
IDA3700,1631,Persona,Víctima,Mujer,Sin especificar,Sin especificar,1631A,,null,,,,
IDA3701,1632,Persona,Perpetrador,Hombre,Sin especificar,Sin especificar,1632A,,null,,,,
IDA3702,1632,Persona,Víctima,Hombre,Sin especificar,Sin especificar,1632A,,null,,,,
IDA3703,1633,Persona,Perpetrador,Hombre,Sin especificar,Sin especificar,"1633A, 1633B",,null,,,,
IDA3704,1633,Persona,Víctima,Mujer,Sin especificar,Sin especificar,"1633A, 1633B",,null,,,,
IDA3705,1634,Persona,Perpetrador,Hombre,Sin especificar,Sin especificar,"1634A, 1634B",,null,,,,
IDA3706,1634,Persona,Perpetrador,Hombre,Sin especificar,Sin especificar,"1634A, 1634B",,null,,,,
IDA3707,1634,Persona,Víctima,Hombre,Sin especificar,Fuerza armada,"1634A, 1634B",,null,,,,
IDA3708,1635,Persona,Perpetrador,Hombre,Sin especificar,Sin especificar,1635A,,null,,,,
IDA3709,1635,Persona,Víctima,Hombre,Sin especificar,Político del Estado,1635A,,null,,,,
IDA3710,1636,Persona,Perpetrador,Hombre,Sin especificar,Sin especificar,1636A,,null,,,,
IDA3711,1636,Persona,Víctima,Indeterminado,Indeterminado,Indeterminado,1636A,1,null,,,,
IDA3712,1637,Persona,Perpetrador,Hombre,Sin especificar,Sin especificar,1637A,,null,,,,
IDA3713,1637,Persona,Víctima,Hombre,Sin especificar,Sin especificar,1637A,,null,,,,
IDA3714,1638,Persona,Perpetrador,Hombre,Sin especificar,Sin especificar,1638A,,null,,,,
IDA3715,1638,Persona,Víctima,Hombre,Sin especificar,Sin especificar,1638A,,null,,,,
IDA3716,1639,Persona,Perpetrador,Mujer,Sin especificar,Sin especificar,1639A,,null,,,,
IDA3717,1639,Persona,Víctima,Hombre,Sin especificar,Sin especificar,1639A,,null,,,,
IDA3718,1640,Persona,Perpetrador,Hombre,Sin especificar,Sin especificar,1640A,,null,,,,
IDA3719,1640,Persona,Víctima,Hombre,Sin especificar,Sin especificar,1640A,,null,,,,
IDA3720,1641,Persona,Perpetrador,Hombre,Sin especificar,Sin especificar,1641A,,null,,,,
IDA3721,1641,Persona,Perpetrador,Hombre,Sin especificar,Sin especificar,1641A,,null,,,,
IDA3722,1643,Persona,Perpetrador,Hombre,Sin especificar,Sin especificar,1643A,,null,,,,
IDA3723,1643,Persona,Víctima,Hombre,Sin especificar,Sin especificar,1643A,,null,,,,
IDA3724,1643,Persona,Perpetrador,Hombre,Sin especificar,Político del Estado,1643B,,null,,,,
IDA3725,1644,Persona,Perpetrador,Hombre,Sin especificar,Sin especificar,1644A,,null,,,,
IDA3726,1644,Persona,Víctima,Hombre,Sin especificar,Sin especificar,1644A,,null,,,,
IDA3727,1645,Persona,Perpetrador,Hombre,Sin especificar,Sin especificar,1645A,,null,,,,
IDA3728,1645,Persona,Víctima,Hombre,Sin especificar,Sin especificar,1645A,,null,,,,
IDA3729,1646,Persona,Perpetrador,Hombre,Sin especificar,Sin especificar,1646A,,null,,,,
IDA3730,1646,Persona,Víctima,Mujer,Sin especificar,Sin especificar,1646A,,null,,,,
IDA3731,1647,Persona,Perpetrador,Hombre,Sin especificar,Sin especificar,1647A,,null,,,,
IDA3732,1647,Persona,Perpetrador,Hombre,Sin especificar,Sin especificar,1647A,,null,,,,
IDA3733,1647,Persona,Víctima,Indeterminado,Indeterminado,Indeterminado,1647A,1,null,,,,
IDA3734,1648,Persona,Perpetrador,Hombre,Sin especificar,Sin especificar,1648A,,null,,,,
IDA3735,1648,Persona,Perpetrador,Hombre,Sin especificar,Sin especificar,1648A,,null,,,,
IDA3736,1649,Persona,Perpetrador,Hombre,Sin especificar,Sin especificar,1649A,,null,,,,
IDA3737,1649,Persona,Perpetrador,Mujer,Sin especificar,Sin especificar,1649A,,null,,,,
IDA3738,1650,Persona,Perpetrador,Hombre,Sin especificar,Sin especificar,1650A,,null,,,,
IDA3739,1650,Persona,Víctima,Hombre,Sin especificar,Sin especificar,1650A,,null,,,,
IDA3740,1651,Persona,Perpetrador,Hombre,Sin especificar,Sin especificar,1651A,,null,,,,
IDA3741,1651,Persona,Víctima,Indeterminado,Indeterminado,Indeterminado,1651A,1,null,,,,
IDA3742,1652,Persona,Perpetrador,Hombre,Sin especificar,Sin especificar,1652A,,null,,,,
IDA3743,1652,Persona,Víctima,Indeterminado,Indeterminado,Indeterminado,1652A,1,null,,,,
IDA3744,1653,Persona,Perpetrador,Hombre,Sin especificar,Sin especificar,1653A,,null,,,,
IDA3745,1653,Persona,Víctima,Hombre,Sin especificar,Político del Estado,1653A,,null,,,,
IDA3746,1654,Persona,Perpetrador,Hombre,Sin especificar,Sin especificar,"1654A, 1654B",,null,,,,
IDA3747,1654,Persona,Perpetrador,Hombre,Sin especificar,Sin especificar,"1654A, 1654B",,null,,,,
IDA3748,1654,Persona,Víctima,Hombre,Sin especificar,Fuerza armada,1654A,,null,,,,
IDA3749,1654,Persona,Víctima,Hombre,Sin especificar,Sin especificar,1654B,,null,,,,
IDA3750,1655,Persona,Perpetrador,Hombre,Sin especificar,Sin especificar,1655B,,null,,,,
IDA3751,1655,Persona,Víctima,Hombre,Sin especificar,Sin especificar,1655B,,null,,,,
IDA3752,1655,Persona,Perpetrador,Hombre,Sin especificar,Sin especificar,1655B,,null,,,,
IDA3753,1655,Persona,Víctima,Hombre,Sin especificar,Sin especificar,1655B,,null,,,,
IDA3754,1656,Persona,Perpetrador,Hombre,Sin especificar,Sin especificar,1656A,,null,,,,
IDA3755,1656,Persona,Perpetrador,Mujer,Sin especificar,Sin especificar,1656A,,null,,,,
IDA3756,1658,Persona,Perpetrador,Hombre,Sin especificar,Sin especificar,1658A,,null,,,,
IDA3757,1658,Persona,Perpetrador,Hombre,Sin especificar,Sin especificar,1658A,,null,,,,
IDA3758,1658,Persona,Perpetrador,Hombre,Sin especificar,Sin especificar,1658A,,null,,,,
IDA3759,1658,Persona,Perpetrador,Hombre,Sin especificar,Sin especificar,1658A,,null,,,,
IDA3760,1658,Persona,Perpetrador,Mujer,Sin especificar,Sin especificar,1658A,,null,,,,
IDA3761,1658,Persona,Perpetrador,Mujer,Sin especificar,Sin especificar,1658A,,null,,,,
IDA3762,1658,Persona,Víctima,Hombre,Sin especificar,Sin especificar,1658A,,null,,,,
IDA3763,1659,Persona,Perpetrador,Hombre,Sin especificar,Sin especificar,1659A,,null,,,,
IDA3764,1659,Persona,Víctima,Hombre,Sin especificar,Sin especificar,1659A,,null,,,,
IDA3765,1660,Persona,Perpetrador,Hombre,Sin especificar,Sin especificar,1660A,,null,,,,
IDA3766,1660,Persona,Víctima,Hombre,Sin especificar,Político del Estado,1660A,,null,,,,
IDA3767,1661,Persona,Perpetrador,Hombre,Sin especificar,Eclesiástico,1661A,,null,,1,,
IDA3768,1661,Persona,Perpetrador,Mujer,Sin especificar,Sin especificar,1661A,,null,,1,,
IDA3769,1661,Persona,Víctima,Mujer,Sin especificar,Sin especificar,1661A,,null,,1,,
IDA3770,1661,Persona,Perpetrador,Hombre,Sin especificar,Sin especificar,1661B,,null,,1,,
IDA3771,1661,Persona,Víctima,Hombre,Sin especificar,Eclesiástico,1661B,,null,,1,,
IDA3772,1662,Persona,Perpetrador,Hombre,Sin especificar,Político del Estado,1662A,,null,,,,
IDA3773,1662,Persona,Víctima,Hombre,Sin especificar,Político del Estado,1662A,,null,,,,
IDA3774,1663,Persona,Perpetrador,Hombre,Sin especificar,Sin especificar,1663A,,null,,,,
IDA3775,1663,Persona,Víctima,Mujer,Sin especificar,Sin especificar,1663A,,null,,,,
IDA3776,1664,Persona,Perpetrador,Hombre,Sin especificar,Sin especificar,"1664A, 1664B",,null,,,,
IDA3777,1664,Persona,Víctima,Hombre,Sin especificar,Político del Estado,"1664A, 1664B",1,null,,,,
IDA3778,1668,Persona,Perpetrador,Hombre,Sin especificar,Sin especificar,1668A,,null,,,,
IDA3779,1670,Persona,Perpetrador,Hombre,Sin especificar,Sin especificar,1670A,,null,,,,
IDA3780,1670,Persona,Perpetrador,Hombre,Sin especificar,Sin especificar,1670A,,null,,,,
IDA3781,1670,Persona,Víctima,Hombre,Sin especificar,Político del Estado,1670A,,null,,,,
IDA3782,1671,Persona,Perpetrador,Hombre,Sin especificar,Sin especificar,1671A,,null,,,,
IDA3783,1673,Persona,Perpetrador,Hombre,Sin especificar,Sin especificar,1673A,,null,,,,
IDA3784,1673,Persona,Víctima,Mujer,Sin especificar,Sin especificar,1673A,,null,,,,
IDA3785,1674,Persona,Perpetrador,Hombre,Sin especificar,Sin especificar,1674A,,null,,,,
IDA3786,1674,Persona,Víctima,Indeterminado,Indeterminado,Indeterminado,1674A,1,null,,,,
IDA3787,1675,Persona,Perpetrador,Hombre,Sin especificar,Sin especificar,1675A,,null,,,,
IDA3788,1675,Persona,Víctima,Hombre,Sin especificar,Sin especificar,1675A,,null,,,,
IDA3789,1676,Persona,Perpetrador,Hombre,Sin especificar,Sin especificar,1676A,,null,,,,
IDA3790,1676,Persona,Perpetrador,Mujer,Sin especificar,Sin especificar,1676A,,null,,,,
IDA3791,1677,Persona,Perpetrador,Hombre,Sin especificar,Sin especificar,1677A,1,null,,,,
IDA3792,1677,Persona,Perpetrador,Indeterminado,Indeterminado,Indeterminado,1677A,1,null,,,,
IDA3793,1677,Persona,Perpetrador,Indeterminado,Indeterminado,Indeterminado,1677A,1,null,,,,
IDA3794,1677,Persona,Víctima,Hombre,Sin especificar,Sin especificar,1677A,,null,,,,
IDA3795,1678,Persona,Perpetrador,Hombre,Indígenas,Sin especificar,1678A,,null,,,,
IDA3796,1678,Institución,Víctima,null,null,null,1678A,,Iglesia,,,,
IDA3797,1679,Persona,Perpetrador,Hombre,Sin especificar,Sin especificar,1679A,,null,,,,
IDA3798,1679,Persona,Víctima,Hombre,Sin especificar,Fuerza armada,1679A,,null,,,,
IDA3799,1680,Persona,Perpetrador,Hombre,Sin especificar,Sin especificar,"1680A, 1680B, 1680C, 1680D",,null,,,,
IDA3800,1680,Institución,Víctima,null,null,null,"1680C, 1680D",,La autoridad,,,,
IDA3801,1682,Persona,Perpetrador,Hombre,Sin especificar,Sin especificar,1682A,,null,,,,
IDA3802,1682,Persona,Víctima,Mujer,Sin especificar,Sin especificar,1682A,,null,,,,
IDA3803,1682,Persona,Víctima,Mujer,Sin especificar,Sin especificar,1682A,,null,,,,
IDA3804,1683,Persona,Perpetrador,Hombre,Sin especificar,Sin especificar,1683A,,null,,,,
IDA3805,1683,Persona,Víctima,Hombre,Sin especificar,Sin especificar,1683A,,null,,,,
IDA3806,1685,Persona,Perpetrador,Mujer,Sin especificar,Sin especificar,1685A,,null,,,,
IDA3807,1685,Persona,Víctima,Mujer,Sin especificar,Sin especificar,1685A,,null,,,,
IDA3808,1686,Persona,Perpetrador,Hombre,Sin especificar,Sin especificar,1686A,,null,,,,
IDA3809,1686,Persona,Víctima,Hombre,Sin especificar,Sin especificar,1686A,,null,,,,
IDA3810,1687,Persona,Perpetrador,Hombre,Indígenas,Sin especificar,1687A,,null,,,,
IDA3811,1687,Persona,Víctima,Hombre,Sin especificar,Sin especificar,1687A,,null,,,,
IDA3812,1688,Persona,Perpetrador,Hombre,Sin especificar,Sin especificar,1688A,,null,,,,
IDA3813,1688,Persona,Víctima,Hombre,Indígenas,Sin especificar,1688A,,null,,,,
IDA3814,1689,Persona,Perpetrador,Mujer,Sin especificar,Sin especificar,1689A,,null,,,,
IDA3815,1689,Persona,Víctima,Hombre,Sin especificar,Sin especificar,1689A,,null,,,,
IDA3816,1690,Persona,Perpetrador,Hombre,Sin especificar,Sin especificar,1690A,,null,,,,
IDA3817,1690,Persona,Perpetrador,Hombre,Sin especificar,Sin especificar,1690A,,null,,,,
IDA3818,1690,Persona,Víctima,Indeterminado,Indeterminado,Indeterminado,1690A,1,null,,,,
IDA3819,1691,Persona,Perpetrador,Hombre,Sin especificar,Sin especificar,1691A,,null,,,,
IDA3820,1691,Persona,Víctima,Hombre,Indígenas,Sin especificar,1691A,,null,,,,
IDA3821,1693,Persona,Perpetrador,Mujer,Sin especificar,Sin especificar,"1693A, 1693B",,null,,,,
IDA3822,1693,Persona,Víctima,Mujer,Sin especificar,Sin especificar,"1693A, 1693B",,null,,,,
IDA3823,1693,Persona,Víctima,Indeterminado,Indeterminado,Indeterminado,1693B,,null,,,,
IDA3824,1694,Persona,Perpetrador,Hombre,Sin especificar,Sin especificar,1694A,,null,,,,
IDA3825,1694,Persona,Víctima,Hombre,Sin especificar,Político del Estado,1694A,,null,,,,
IDA3826,1695,Persona,Perpetrador,Hombre,Sin especificar,Sin especificar,1695A,,null,,,,
IDA3827,1695,Persona,Víctima,Hombre,Sin especificar,Sin especificar,1695A,,null,,,,
IDA3828,1696,Persona,Perpetrador,Hombre,Sin especificar,Sin especificar,1696A,,null,,,,
IDA3829,1696,Persona,Víctima,Mujer,Sin especificar,Sin especificar,1696A,,null,,,,
IDA3830,1697,Persona,Perpetrador,Hombre,Sin especificar,Sin especificar,"1697A, 1697C",,null,,,,
IDA3831,1697,Persona,Perpetrador,Mujer,Sin especificar,Sin especificar,1697C,,null,,,,
IDA3832,1698,Persona,Perpetrador,Hombre,Sin especificar,Sin especificar,1698A,,null,,,,
IDA3833,1698,Persona,Víctima,Indeterminado,Indeterminado,Indeterminado,1698A,1,null,,,,
IDA3834,1699,Persona,Perpetrador,Hombre,Sin especificar,Sin especificar,1699A,,null,,,,
IDA3835,1699,Persona,Perpetrador,Mujer,Sin especificar,Sin especificar,1699A,,null,,,,
IDA3836,1699,Persona,Víctima,Mujer,Sin especificar,Sin especificar,1699A,,null,,,,
IDA3837,1700,Persona,Perpetrador,Hombre,Sin especificar,Sin especificar,1700A,,null,,,,
IDA3838,1700,Persona,Perpetrador,Hombre,Sin especificar,Sin especificar,1700A,,null,,,,
IDA3839,1700,Persona,Víctima,Hombre,Sin especificar,Sin especificar,1700A,,null,,,,
IDA3840,1700,Persona,Víctima,Hombre,Sin especificar,Sin especificar,1700A,,null,,,,
IDA3841,1700,Persona,Víctima,Hombre,Sin especificar,Sin especificar,1700A,,null,,,,
IDA3842,1701,Persona,Perpetrador,Hombre,Sin especificar,Sin especificar,1701A,,null,,,,
IDA3843,1701,Persona,Víctima,Hombre,Sin especificar,Sin especificar,1701A,,null,,,,
IDA3844,1702,Persona,Perpetrador,Hombre,Sin especificar,Sin especificar,1702A,,null,,,,
IDA3845,1702,Persona,Perpetrador,Hombre,Sin especificar,Sin especificar,1702A,,null,,,,
IDA3846,1702,Persona,Víctima,Hombre,Sin especificar,Sin especificar,1702A,,null,,,,
IDA3847,1703,Persona,Perpetrador,Hombre,Sin especificar,Sin especificar,"1703A, 1703B",,null,,,,
IDA3848,1703,Persona,Víctima,Mujer,Sin especificar,Sin especificar,"1703A, 1703B",,null,,,,
IDA3849,1703,Persona,Víctima,Mujer,Sin especificar,Sin especificar,"1703A, 1703B",,null,,,,
IDA3850,1704,Persona,Perpetrador,Hombre,Sin especificar,Sin especificar,1704A,,null,,,,
IDA3851,1704,Persona,Perpetrador,Mujer,Sin especificar,Sin especificar,1704A,,null,,,,
IDA3852,1705,Persona,Perpetrador,Hombre,Sin especificar,Sin especificar,1705A,,null,,,,
IDA3853,1705,Persona,Víctima,Hombre,Sin especificar,Sin especificar,1705A,,null,,,,
IDA3854,1706,Persona,Perpetrador,Hombre,Sin especificar,Sin especificar,"1706A, 1706B",,null,,,,
IDA3855,1706,Persona,Perpetrador,Hombre,Sin especificar,Sin especificar,1706A,,null,,,,
IDA3856,1706,Persona,Víctima,Hombre,Sin especificar,Sin especificar,1706B,,null,,,,
IDA3857,1706,Persona,Perpetrador,Hombre,Sin especificar,Sin especificar,"1706B, 1706A",,null,,,,
IDA3858,1706,Persona,Víctima,Hombre,Sin especificar,Sin especificar,1706B,,null,,,,
IDA3859,1706,Persona,Perpetrador,Hombre,Sin especificar,Sin especificar,1706A,,null,,,,
IDA3860,1707,Persona,Perpetrador,Hombre,Sin especificar,Sin especificar,1707A,,null,,,,
IDA3861,1707,Persona,Perpetrador,Hombre,Sin especificar,Sin especificar,1707A,,null,,,,
IDA3862,1707,Persona,Víctima,Indeterminado,Indeterminado,Indeterminado,1707A,1,null,,,,
IDA3863,1708,Persona,Perpetrador,Hombre,Sin especificar,Sin especificar,1708A,,null,,,,
IDA3864,1709,Persona,Perpetrador,Hombre,Sin especificar,Sin especificar,"1709A, 1709B",,null,,,,
IDA3865,1709,Persona,Víctima,Hombre,Sin especificar,Sin especificar,1709A,,null,,,,
IDA3866,1709,Persona,Víctima,Mujer,Sin especificar,Sin especificar,1709B,,null,,,,
IDA3867,1710,Persona,Perpetrador,Hombre,Sin especificar,Sin especificar,1710A,,null,,,,
IDA3868,1710,Persona,Perpetrador,Hombre,Sin especificar,Sin especificar,1710A,,null,,,,
IDA3869,1710,Institución,Víctima,null,null,null,1710A,,Iglesia,,,,
IDA3870,1712,Persona,Perpetrador,Hombre,Sin especificar,Sin especificar,"1712A, 1712B",,null,,,,
IDA3871,1712,Institución,Víctima,null,null,null,1712A,,La autoridad,,,,
IDA3872,1712,Persona,Perpetrador,Mujer,Sin especificar,Sin especificar,1712B,,null,,,,
IDA3873,1713,Persona,Perpetrador,Hombre,Sin especificar,Sin especificar,"1713A, 1713B",,null,,,,
IDA3874,1713,Persona,Perpetrador,Mujer,Sin especificar,Sin especificar,1713A,,null,,,,
IDA3875,1713,Persona,Víctima,Hombre,Sin especificar,Sin especificar,1713A,,null,,,,
IDA3876,1713,Persona,Víctima,Hombre,Sin especificar,Político del Estado,1713B,,null,,,,
IDA3877,1714,Persona,Perpetrador,Hombre,Sin especificar,Sin especificar,1714A,,null,,,,
IDA3878,1714,Persona,Perpetrador,Mujer,Sin especificar,Sin especificar,1714A,,null,,,,
IDA3879,1714,Persona,Perpetrador,Mujer,Sin especificar,Sin especificar,1714A,,null,,,,
IDA3880,1715,Persona,Perpetrador,Hombre,Sin especificar,Sin especificar,1715A,,null,,,,
IDA3881,1715,Persona,Perpetrador,Mujer,Sin especificar,Sin especificar,1715A,,null,,,,
IDA3882,1717,Persona,Perpetrador,Hombre,Sin especificar,Sin especificar,"1717A, 1717B",,null,,,,
IDA3883,1717,Persona,Víctima,Mujer,Sin especificar,Sin especificar,"1717A, 1717B",,null,,,,
IDA3884,1718,Persona,Perpetrador,Hombre,Sin especificar,Sin especificar,1718A,,null,,,,
IDA3885,1718,Persona,Víctima,Mujer,Sin especificar,Sin especificar,1718A,,null,,,,
IDA3886,1719,Persona,Perpetrador,Hombre,Sin especificar,Sin especificar,1719A,,null,,,,
IDA3887,1719,Persona,Víctima,Hombre,Sin especificar,Sin especificar,1719A,,null,,,,
IDA3888,1720,Persona,Perpetrador,Hombre,Sin especificar,Sin especificar,1720A,,null,,,,
IDA3889,1720,Persona,Víctima,Indeterminado,Indeterminado,Indeterminado,1720A,1,null,,,,
IDA3890,1722,Persona,Perpetrador,Hombre,Sin especificar,Sin especificar,1722A,,null,,,,
IDA3891,1722,Persona,Perpetrador,Hombre,Sin especificar,Sin especificar,1722A,,null,,,,
IDA3892,1722,Persona,Perpetrador,Hombre,Sin especificar,Sin especificar,1722A,,null,,,,
IDA3893,1722,Persona,Víctima,Indeterminado,Indeterminado,Indeterminado,1722A,1,null,,,,
IDA3894,1723,Persona,Perpetrador,Hombre,Sin especificar,Sin especificar,1723A,,null,,,,
IDA3895,1723,Persona,Víctima,Mujer,Sin especificar,Sin especificar,1723A,,null,,,,
IDA3896,1724,Persona,Perpetrador,Hombre,Sin especificar,Sin especificar,1724A,,null,,,,
IDA3897,1724,Persona,Víctima,Mujer,Sin especificar,Sin especificar,1724A,,null,,,,
IDA3898,1725,Persona,Perpetrador,Hombre,Sin especificar,Sin especificar,"1725A, 1725B",,null,,,,
IDA3899,1725,Persona,Perpetrador,Mujer,Sin especificar,Sin especificar,"1725A, 1725B",,null,,,,
IDA3900,1725,Persona,Perpetrador,Mujer,Sin especificar,Sin especificar,"1725A, 1725B",,null,,,,
IDA3901,1725,Persona,Víctima,Mujer,Sin especificar,Sin especificar,1725B,,null,,,,
IDA3902,1726,Persona,Perpetrador,Hombre,Sin especificar,Sin especificar,1726A,,null,,,,
IDA3903,1726,Persona,Víctima,Mujer,Sin especificar,Sin especificar,1726A,,null,,,,
IDA3904,1727,Persona,Perpetrador,Hombre,Sin especificar,Sin especificar,"1727A, 1727B, 1727C, 1727D",,null,,,,
IDA3905,1727,Persona,Perpetrador,Mujer,Sin especificar,Sin especificar,"1727A, 1727B, 1727C, 1727D",,null,,,,
IDA3906,1727,Persona,Víctima,Mujer,Sin especificar,Sin especificar,1727B,,null,,,,
IDA3907,1727,Persona,Víctima,Hombre,Sin especificar,Sin especificar,"1727D, 1727E",,null,,,,
IDA3908,1727,Persona,Perpetrador,Mujer,Sin especificar,Sin especificar,1727E,,null,,,,
IDA3909,1727,Persona,Víctima,Mujer,Sin especificar,Sin especificar,1727B,,null,,,,
IDA3910,1728,Persona,Perpetrador,Hombre,Sin especificar,Sin especificar,1728A,,null,,,,
IDA3911,1728,Persona,Perpetrador,Mujer,Sin especificar,Sin especificar,1728A,,null,,,,
IDA3912,1728,Persona,Perpetrador,Mujer,Sin especificar,Sin especificar,1728A,,null,,,,
IDA3913,1729,Persona,Perpetrador,Hombre,Sin especificar,Sin especificar,1729A,,null,,,,
IDA3914,1729,Persona,Perpetrador,Mujer,Sin especificar,Sin especificar,1729A,,null,,,,
IDA3915,1729,Persona,Víctima,Hombre,Sin especificar,Sin especificar,1729A,,null,,,,
IDA3916,1730,Persona,Perpetrador,Hombre,Sin especificar,Sin especificar,1730A,,null,,,,
IDA3917,1730,Persona,Víctima,Mujer,Sin especificar,Sin especificar,1730A,,null,,,,
IDA3918,1730,Persona,Víctima,Mujer,Sin especificar,Sin especificar,1730A,,null,,,,
IDA3919,1732,Persona,Perpetrador,Hombre,Sin especificar,Sin especificar,1732A,,null,,,,
IDA3920,1732,Persona,Víctima,Mujer,Sin especificar,Sin especificar,1732A,,null,,,,
IDA3921,1733,Persona,Perpetrador,Hombre,Sin especificar,Sin especificar,1733A,,null,,,,
IDA3922,1733,Persona,Víctima,Mujer,Sin especificar,Sin especificar,1733A,,null,,,,
IDA3923,1734,Persona,Perpetrador,Hombre,Sin especificar,Sin especificar,1734A,,null,,,,
IDA3924,1734,Persona,Perpetrador,Hombre,Sin especificar,Sin especificar,1734A,,null,,,,
IDA3925,1734,Persona,Perpetrador,Hombre,Sin especificar,Sin especificar,1734A,,null,,,,
IDA3926,1734,Persona,Perpetrador,Hombre,Sin especificar,Sin especificar,1734A,,null,,,,
IDA3927,1734,Persona,Perpetrador,Hombre,Sin especificar,Sin especificar,1734A,,null,,,,
IDA3928,1734,Persona,Perpetrador,Mujer,Sin especificar,Sin especificar,1734A,,null,,,,
IDA3929,1734,Persona,Perpetrador,Mujer,Sin especificar,Sin especificar,1734A,,null,,,,
IDA3930,1734,Persona,Perpetrador,Mujer,Sin especificar,Sin especificar,1734A,,null,,,,
IDA3931,1734,Persona,Víctima,Indeterminado,Indeterminado,Indeterminado,1734A,1,null,,,,
IDA3932,1734,Persona,Perpetrador,Hombre,Sin especificar,Político del Estado,1734B,,null,,,,
IDA3933,1734,Persona,Víctima,Hombre,Sin especificar,Sin especificar,1734B,,null,,,,
IDA3934,1734,Persona,Perpetrador,Hombre,Sin especificar,Político del Estado,1734B,,null,,,,
IDA3935,1734,Persona,Víctima,Hombre,Sin especificar,Sin especificar,1734B,,null,,,,
IDA3936,1734,Persona,Perpetrador,Hombre,Sin especificar,Sin especificar,1734A,,null,,,,
IDA3937,1734,Persona,Perpetrador,Hombre,Sin especificar,Sin especificar,1734A,,null,,,,
IDA3938,1734,Persona,Perpetrador,Hombre,Sin especificar,Sin especificar,1734A,,null,,,,
IDA3939,1734,Persona,Perpetrador,Hombre,Sin especificar,Sin especificar,1734A,,null,,,,
IDA3940,1734,Persona,Perpetrador,Hombre,Sin especificar,Sin especificar,1734A,,null,,,,
IDA3941,1734,Persona,Perpetrador,Mujer,Sin especificar,Sin especificar,1734A,,null,,,,
IDA3942,1734,Persona,Perpetrador,Mujer,Sin especificar,Sin especificar,1734A,,null,,,,
IDA3943,1734,Persona,Perpetrador,Mujer,Sin especificar,Sin especificar,1734A,,null,,,,
IDA3944,1735,Persona,Perpetrador,Hombre,Sin especificar,Sin especificar,1735A,,null,,,,
IDA3945,1735,Persona,Víctima,Hombre,Sin especificar,Sin especificar,1735A,,null,,,,
IDA3946,1736,Persona,Perpetrador,Hombre,Sin especificar,Sin especificar,"1736A, 1736B",,null,,,,
IDA3947,1736,Persona,Víctima,Mujer,Sin especificar,Sin especificar,"1736A, 1736B",,null,,,,
IDA3948,1737,Persona,Perpetrador,Hombre,Sin especificar,Sin especificar,1737A,,null,,,,
IDA3949,1737,Persona,Perpetrador,Mujer,Sin especificar,Sin especificar,1737A,,null,,,,
IDA3950,1738,Persona,Perpetrador,Hombre,Sin especificar,Sin especificar,1738A,,null,,,,
IDA3951,1738,Persona,Víctima,Indeterminado,Indeterminado,Indeterminado,1738A,1,null,,,,
IDA3952,1739,Persona,Perpetrador,Hombre,Sin especificar,Sin especificar,"1739A, 1739B",,null,,,,
IDA3953,1739,Persona,Víctima,Indeterminado,Indeterminado,Indeterminado,"1739A, 1739B",1,null,,,,
IDA3954,1740,Persona,Perpetrador,Hombre,Sin especificar,Sin especificar,1740A,,null,,,,
IDA3955,1740,Persona,Perpetrador,Hombre,Sin especificar,Sin especificar,1740A,,null,,,,
IDA3956,1741,Persona,Perpetrador,Hombre,Sin especificar,Sin especificar,1741A,,null,,,,
IDA3957,1741,Persona,Perpetrador,Hombre,Sin especificar,Sin especificar,1741A,,null,,,,
IDA3958,1742,Persona,Perpetrador,Hombre,Sin especificar,Sin especificar,"1742A, 1742B",,null,,,,
IDA3959,1742,Persona,Perpetrador,Mujer,Sin especificar,Sin especificar,"1742A, 1742B",,null,,,,
IDA3960,1742,Persona,Víctima,Hombre,Sin especificar,Sin especificar,1742B,,null,,,,
IDA3961,1743,Persona,Perpetrador,Hombre,Sin especificar,Sin especificar,1743A,,null,,,,
IDA3962,1743,Persona,Perpetrador,Mujer,Indígenas,Sin especificar,1743A,,null,,,,
IDA3963,1744,Persona,Perpetrador,Hombre,Sin especificar,Sin especificar,1744A,,null,,,,
IDA3964,1744,Persona,Víctima,Hombre,Sin especificar,Sin especificar,1744A,,null,,,,
IDA3965,1745,Persona,Perpetrador,Hombre,Sin especificar,Sin especificar,1745A,,null,,,,
IDA3966,1745,Persona,Perpetrador,Mujer,Sin especificar,Sin especificar,"1745A, 1745B",,null,,,,
IDA3967,1745,Persona,Perpetrador,Hombre,Sin especificar,Eclesiástico,1745B,,null,,,,
IDA3968,1745,Persona,Perpetrador,Hombre,Sin especificar,Eclesiástico,1745B,,null,,,,
IDA3969,1745,Persona,Perpetrador,Mujer,Sin especificar,Sin especificar,"1745B, 1745A",,null,,,,
IDA3970,1745,Persona,Perpetrador,Hombre,Sin especificar,Sin especificar,1745A,,null,,,,
IDA3971,1746,Persona,Perpetrador,Indeterminado,Indeterminado,Indeterminado,1746A,1,null,,,,
IDA3972,1746,Persona,Perpetrador,Indeterminado,Indeterminado,Indeterminado,1746A,1,null,,,,
IDA3973,1746,Persona,Víctima,Hombre,Sin especificar,Sin especificar,1746A,,null,,,,
IDA3974,1746,Persona,Víctima,Hombre,Sin especificar,Sin especificar,1746A,,null,,,,
IDA3975,1747,Persona,Perpetrador,Hombre,Sin especificar,Sin especificar,1747A,,null,,,,
IDA3976,1747,Persona,Víctima,Mujer,Sin especificar,Sin especificar,1747A,,null,,,,
IDA3977,1748,Persona,Perpetrador,Hombre,Sin especificar,Sin especificar,1748A,,null,,,,
IDA3978,1748,Persona,Víctima,Mujer,Sin especificar,Sin especificar,1748A,,null,,,,
IDA3979,1749,Persona,Perpetrador,Hombre,Sin especificar,Sin especificar,1749A,,null,,,,
IDA3980,1749,Persona,Perpetrador,Mujer,Sin especificar,Sin especificar,1749A,,null,,,,
IDA3981,1750,Persona,Perpetrador,Hombre,Sin especificar,Sin especificar,"1750A, 1750B, 1750C",,null,,,,
IDA3982,1750,Persona,Víctima,Mujer,Sin especificar,Sin especificar,1750A,,null,,,,
IDA3983,1750,Persona,Víctima,Hombre,Indígenas,Sin especificar,1750B,1,null,,,,
IDA3984,1750,Persona,Víctima,Hombre,Indígenas,Sin especificar,1750B,1,null,,,,
IDA3985,1750,Persona,Víctima,Hombre,Sin especificar,Sin especificar,1750C,,null,,,,
IDA3986,1751,Persona,Perpetrador,Hombre,Sin especificar,Sin especificar,1751A,,null,,,,
IDA3987,1751,Persona,Perpetrador,Mujer,Sin especificar,Sin especificar,1751A,,null,,,,
IDA3988,1751,Persona,Perpetrador,Mujer,Sin especificar,Sin especificar,1751A,,null,,,,
IDA3989,1752,Persona,Perpetrador,Hombre,Sin especificar,Sin especificar,1752A,,null,,,,
IDA3990,1752,Persona,Víctima,Mujer,Sin especificar,Sin especificar,1752A,,null,,,,
IDA3991,1753,Persona,Perpetrador,Hombre,Sin especificar,Sin especificar,"1753A, 1753B",,null,,,,
IDA3992,1753,Persona,Perpetrador,Mujer,Sin especificar,Sin especificar,"1753A, 1753B",,null,,,,
IDA3993,1753,Persona,Víctima,Hombre,Sin especificar,Sin especificar,1753B,,null,,,,
IDA3994,1754,Persona,Perpetrador,Hombre,Sin especificar,Sin especificar,"1754A, 1754B",,null,,,,
IDA3995,1754,Persona,Perpetrador,Mujer,Sin especificar,Sin especificar,"1754A, 1754B",,null,,,,
IDA3996,1754,Persona,Víctima,Hombre,Sin especificar,Sin especificar,1754B,,null,,,,
IDA3997,1755,Persona,Perpetrador,Hombre,Sin especificar,Sin especificar,"1755A, 1755B",,null,,,,
IDA3998,1755,Persona,Perpetrador,Mujer,Sin especificar,Sin especificar,"1755A, 1755B",,null,,,,
IDA3999,1755,Persona,Víctima,Mujer,Sin especificar,Sin especificar,1755B,,null,,,,
IDA4000,1756,Persona,Perpetrador,Hombre,Sin especificar,Sin especificar,1756A,,null,,,,
IDA4001,1756,Persona,Perpetrador,Mujer,Sin especificar,Sin especificar,1756A,,null,,,,
IDA4002,1756,Persona,Víctima,Hombre,Sin especificar,Sin especificar,1756A,,null,,,,
IDA4003,1757,Persona,Perpetrador,Hombre,Sin especificar,Sin especificar,1757A,,null,,,,
IDA4004,1757,Persona,Víctima,Mujer,Sin especificar,Sin especificar,1757A,,null,,,,
IDA4005,1758,Persona,Perpetrador,Hombre,Sin especificar,Sin especificar,"1758A, 1758B",,null,,,,
IDA4006,1759,Persona,Perpetrador,Mujer,Sin especificar,Sin especificar,1759A,,null,,,,
IDA4007,1759,Persona,Víctima,Hombre,Sin especificar,Sin especificar,1759A,,null,,,,
IDA4008,1760,Persona,Perpetrador,Hombre,Sin especificar,Sin especificar,1760A,,null,,,,
IDA4009,1760,Persona,Víctima,Hombre,Sin especificar,Sin especificar,1760A,,null,,,,
IDA4010,1761,Persona,Perpetrador,Hombre,Sin especificar,Sin especificar,"1761A, 1761B",,null,,,,
IDA4011,1761,Persona,Víctima,Hombre,Sin especificar,Sin especificar,1761A,,null,,,,
IDA4012,1761,Persona,Víctima,Hombre,Sin especificar,Político del Estado,1761B,,null,,,,
IDA4013,1762,Persona,Perpetrador,Hombre,Sin especificar,Sin especificar,1762A,,null,,,,
IDA4014,1762,Persona,Víctima,Hombre,Sin especificar,Político del Estado,1762A,,null,,,,
IDA4015,1763,Persona,Perpetrador,Hombre,Sin especificar,Sin especificar,"1763A, 1763B",,null,,,,
IDA4016,1763,Persona,Perpetrador,Hombre,Sin especificar,Sin especificar,1763A,,null,,,,
IDA4017,1763,Persona,Víctima,Hombre,Sin especificar,Sin especificar,1763B,,null,,,,
IDA4018,1763,Persona,Víctima,Hombre,Sin especificar,Sin especificar,1763B,,null,,,,
IDA4019,1764,Persona,Perpetrador,Hombre,Sin especificar,Sin especificar,1764A,,null,,,,
IDA4020,1764,Persona,Víctima,Hombre,Sin especificar,Sin especificar,1764A,,null,,,,
IDA4021,1765,Persona,Perpetrador,Hombre,Sin especificar,Sin especificar,1765A,,null,,,,
IDA4022,1765,Persona,Perpetrador,Mujer,Indígenas,Sin especificar,1765A,,null,,,,
IDA4023,1766,Persona,Perpetrador,Hombre,Sin especificar,Político del Estado,"1766A, 1766B",,null,,1,,
IDA4024,1766,Persona,Víctima,Hombre,Sin especificar,Político del Estado,"1766A, 1766B",,null,,1,,
IDA4025,1767,Persona,Perpetrador,Indeterminado,Indeterminado,Indeterminado,1767A,1,null,,,,
IDA4026,1767,Persona,Víctima,Hombre,Sin especificar,Sin especificar,1767A,,null,,,,
IDA4027,1768,Persona,Perpetrador,Hombre,Sin especificar,Sin especificar,"1768A, 1768B, 1768C",,null,,,,
IDA4028,1768,Persona,Víctima,Mujer,Sin especificar,Sin especificar,1768A,,null,,,,
IDA4029,1768,Persona,Perpetrador,Mujer,Sin especificar,Sin especificar,1768B,,null,,,,
IDA4030,1768,Persona,Víctima,Indeterminado,Indeterminado,Indeterminado,"1768B, 1768C",1,null,,,,
IDA4031,1768,Persona,Perpetrador,Hombre,Sin especificar,Sin especificar,"1768B, 1768C, 1768A",,null,,,,
IDA4032,1768,Persona,Perpetrador,Mujer,Sin especificar,Sin especificar,1768B,,null,,,,
IDA4033,1768,Persona,Víctima,Mujer,Sin especificar,Sin especificar,1768A,,null,,,,
IDA4034,1769,Persona,Perpetrador,Hombre,Sin especificar,Sin especificar,1769A,,null,,,,
IDA4035,1769,Persona,Víctima,Hombre,Sin especificar,Político del Estado,1769A,,null,,,,
IDA4036,1770,Persona,Perpetrador,Hombre,Sin especificar,Sin especificar,1770A,,null,,,,
IDA4037,1770,Persona,Víctima,Indeterminado,Indeterminado,Indeterminado,1770A,1,null,,,,
IDA4038,1771,Persona,Perpetrador,Mujer,Sin especificar,Sin especificar,"1771A, 1771B",,null,,,,
IDA4039,1771,Persona,Víctima,Mujer,Sin especificar,Sin especificar,"1771A, 1771B",,null,,,,
IDA4040,1771,Persona,Víctima,Mujer,Sin especificar,Sin especificar,"1771A, 1771B",,null,,,,
IDA4041,1771,Persona,Víctima,Indeterminado,Indeterminado,Indeterminado,1771B,,null,,,,
IDA4042,1771,Persona,Víctima,Indeterminado,Indeterminado,Indeterminado,1771B,,null,,,,
IDA4043,1772,Persona,Perpetrador,Hombre,Sin especificar,Sin especificar,"1772A, 1772B, 1772C",,null,,,,
IDA4044,1772,Persona,Perpetrador,Mujer,Sin especificar,Sin especificar,1772A,,null,,,,
IDA4045,1772,Persona,Víctima,Hombre,Sin especificar,Sin especificar,1772A,,null,,,,
IDA4046,1772,Persona,Víctima,Mujer,Sin especificar,Sin especificar,"1772B, 1772C",,null,,,,
IDA4047,1772,Persona,Víctima,Indeterminado,Indeterminado,Indeterminado,1772C,,null,,,,
IDA4048,1772,Persona,Perpetrador,Hombre,Sin especificar,Sin especificar,"1772B, 1772C, 1772A",,null,,,,
IDA4049,1772,Persona,Víctima,Mujer,Sin especificar,Sin especificar,"1772B, 1772C",,null,,,,
IDA4050,1772,Persona,Perpetrador,Mujer,Sin especificar,Sin especificar,1772A,,null,,,,
IDA4051,1772,Persona,Víctima,Hombre,Sin especificar,Sin especificar,1772A,,null,,,,
IDA4052,1773,Persona,Perpetrador,Hombre,Sin especificar,Sin especificar,"1773A, 1773B",,null,,,,
IDA4053,1773,Persona,Víctima,Mujer,Sin especificar,Sin especificar,"1773A, 1773B",,null,,,,
IDA4054,1774,Persona,Perpetrador,Hombre,Sin especificar,Sin especificar,1774A,,null,,,,
IDA4055,1774,Persona,Víctima,Mujer,Sin especificar,Sin especificar,1774A,,null,,,,
IDA4056,1775,Persona,Perpetrador,Hombre,Sin especificar,Sin especificar,1775A,,null,,,,
IDA4057,1775,Persona,Víctima,Mujer,Sin especificar,Sin especificar,1775A,,null,,,,
IDA4058,1776,Persona,Perpetrador,Hombre,Sin especificar,Sin especificar,1776A,,null,,,,
IDA4059,1776,Persona,Víctima,Mujer,Sin especificar,Sin especificar,1776A,,null,,,,
IDA4060,1777,Persona,Perpetrador,Mujer,Sin especificar,Sin especificar,1777A,,null,,,,
IDA4061,1777,Persona,Víctima,Mujer,Sin especificar,Sin especificar,1777A,,null,,,,
IDA4062,1778,Persona,Perpetrador,Hombre,Sin especificar,Sin especificar,"1778A, 1778B",,null,,,,
IDA4063,1778,Persona,Perpetrador,Mujer,Sin especificar,Sin especificar,"1778A, 1778B",,null,,,,
IDA4064,1778,Persona,Víctima,Hombre,Sin especificar,Sin especificar,1778B,,null,,,,
IDA4065,1778,Persona,Víctima,Mujer,Sin especificar,Sin especificar,1778B,,null,,,,
IDA4066,1779,Persona,Perpetrador,Hombre,Sin especificar,Sin especificar,1779A,,null,,,,
IDA4067,1779,Institución,Víctima,null,null,null,1779A,,Real Hacienda,,,,
IDA4068,1780,Persona,Perpetrador,Hombre,Sin especificar,Sin especificar,1780A,,null,,,,
IDA4069,1780,Persona,Víctima,Mujer,Sin especificar,Sin especificar,1780A,,null,,,,
IDA4070,1781,Persona,Perpetrador,Hombre,Sin especificar,Sin especificar,1781A,,null,,,,
IDA4071,1781,Persona,Víctima,Hombre,Sin especificar,Sin especificar,1781A,,null,,,,
IDA4072,1782,Persona,Perpetrador,Hombre,Sin especificar,Político del Estado,1782A,,null,,,,
IDA4073,1782,Persona,Víctima,Mujer,Sin especificar,Sin especificar,1782A,,null,,,,
IDA4074,1783,Persona,Perpetrador,Hombre,Sin especificar,Sin especificar,1783A,,null,,,,
IDA4075,1783,Persona,Víctima,Hombre,Sin especificar,Eclesiástico,1783A,,null,,,,
IDA4076,1784,Persona,Perpetrador,Hombre,Indígenas,Sin especificar,1784A,,null,,,,
IDA4077,1784,Persona,Víctima,Indeterminado,Indeterminado,Indeterminado,1784A,1,null,,,,
IDA4078,1785,Persona,Perpetrador,Hombre,Sin especificar,Eclesiástico,1785A,,null,,,,
IDA4079,1785,Persona,Víctima,Indeterminado,Indeterminado,Indeterminado,1785A,1,null,,,,
IDA4080,1787,Persona,Perpetrador,Hombre,Sin especificar,Sin especificar,1787A,,null,,,,
IDA4081,1787,Persona,Víctima,Hombre,Sin especificar,Sin especificar,1787A,,null,,,,
IDA4082,1788,Persona,Perpetrador,Hombre,Sin especificar,Sin especificar,"1788A, 1788B",,null,,,,
IDA4083,1788,Persona,Perpetrador,Hombre,Sin especificar,Sin especificar,"1788A, 1788B",,null,,,,
IDA4084,1788,Persona,Perpetrador,Hombre,Sin especificar,Sin especificar,1788A,,null,,,,
IDA4085,1788,Persona,Víctima,Hombre,Sin especificar,Sin especificar,1788B,,null,,,,
IDA4086,1788,Persona,Perpetrador,Hombre,Sin especificar,Sin especificar,"1788B, 1788A",,null,,,,
IDA4087,1788,Persona,Perpetrador,Hombre,Sin especificar,Sin especificar,"1788B, 1788A",,null,,,,
IDA4088,1788,Persona,Víctima,Hombre,Sin especificar,Sin especificar,1788B,,null,,,,
IDA4089,1788,Persona,Perpetrador,Hombre,Sin especificar,Sin especificar,1788A,,null,,,,
IDA4090,1789,Persona,Perpetrador,Hombre,Sin especificar,Sin especificar,1789A,,null,,,,
IDA4091,1789,Persona,Víctima,Hombre,Sin especificar,Sin especificar,1789A,,null,,,,
IDA4092,1790,Persona,Perpetrador,Hombre,Sin especificar,Sin especificar,1790A,,null,,,,
IDA4093,1790,Persona,Víctima,Hombre,Sin especificar,Sin especificar,1790A,,null,,,,
IDA4094,1791,Persona,Perpetrador,Hombre,Sin especificar,Sin especificar,1791A,,null,,,,
IDA4095,1791,Institución,Víctima,null,null,null,1791A,,Iglesia,,,,
IDA4096,1792,Persona,Perpetrador,Hombre,Sin especificar,Sin especificar,1792A,,null,,,,
IDA4097,1792,Persona,Perpetrador,Hombre,Sin especificar,Sin especificar,1792A,,null,,,,
IDA4098,1793,Persona,Perpetrador,Hombre,Sin especificar,Sin especificar,1793A,,null,,,,
IDA4099,1793,Persona,Perpetrador,Hombre,Sin especificar,Sin especificar,1793A,,null,,,,
IDA4100,1793,Persona,Víctima,Hombre,Sin especificar,Sin especificar,1793A,,null,,,,
IDA4101,1794,Persona,Perpetrador,Hombre,Sin especificar,Político del Estado,1794A,,null,,,,
IDA4102,1794,Persona,Perpetrador,Hombre,Sin especificar,Sin especificar,1794B,1,null,,,,
IDA4103,1794,Persona,Perpetrador,Hombre,Sin especificar,Sin especificar,1794B,1,null,,,,
IDA4104,1795,Persona,Perpetrador,Hombre,Sin especificar,Sin especificar,1795A,,null,,,,
IDA4105,1795,Persona,Víctima,Hombre,Sin especificar,Político del Estado,1795A,,null,,,,
IDA4106,1796,Persona,Perpetrador,Hombre,Sin especificar,Sin especificar,1796A,,null,,,,
IDA4107,1796,Persona,Víctima,Hombre,Sin especificar,Sin especificar,1796A,,null,,,,
IDA4108,1797,Persona,Perpetrador,Hombre,Sin especificar,Sin especificar,1797A,,null,,,,
IDA4109,1797,Persona,Víctima,Hombre,Sin especificar,Sin especificar,1797A,,null,,,,
IDA4110,1798,Persona,Perpetrador,Hombre,Sin especificar,Sin especificar,1798A,,null,,,,
IDA4111,1798,Persona,Víctima,Hombre,Sin especificar,Sin especificar,1798A,,null,,,,
IDA4112,1799,Persona,Perpetrador,Hombre,Sin especificar,Sin especificar,1799A,,null,,,,
IDA4113,1799,Persona,Víctima,Mujer,Sin especificar,Sin especificar,1799A,,null,,,,
IDA4114,1806,Persona,Perpetrador,Hombre,Sin especificar,Sin especificar,1806A,,null,,,,
IDA4115,1806,Persona,Perpetrador,Mujer,Sin especificar,Sin especificar,1806A,,null,,,,
IDA4116,1818,Persona,Perpetrador,Mujer,Sin especificar,Sin especificar,1818A,,null,,,,
IDA4117,1823,Persona,Perpetrador,Hombre,Sin especificar,Sin especificar,"1823A, 1823B",,null,,,,
IDA4118,1823,Persona,Perpetrador,Mujer,Sin especificar,Sin especificar,1823A,,null,,,,
IDA4119,1823,Persona,Víctima,Hombre,Sin especificar,Sin especificar,1823A,,null,,,,
IDA4120,1823,Persona,Víctima,Mujer,Sin especificar,Sin especificar,1823B,,null,,,,
IDA4121,1823,Persona,Perpetrador,Hombre,Sin especificar,Sin especificar,"1823B, 1823A",,null,,,,
IDA4122,1823,Persona,Víctima,Mujer,Sin especificar,Sin especificar,1823B,,null,,,,
IDA4123,1823,Persona,Perpetrador,Mujer,Sin especificar,Sin especificar,1823A,,null,,,,
IDA4124,1823,Persona,Víctima,Hombre,Sin especificar,Sin especificar,1823A,,null,,,,
IDA4125,1824,Persona,Perpetrador,Hombre,Sin especificar,Sin especificar,1824A,,null,,,,
IDA4126,1824,Persona,Víctima,Mujer,Sin especificar,Sin especificar,1824A,,null,,,,
IDA4127,1826,Persona,Perpetrador,Hombre,Sin especificar,Sin especificar,1826A,,null,,,,
IDA4128,1826,Persona,Perpetrador,Mujer,Sin especificar,Sin especificar,1826A,,null,,,,
IDA4129,1826,Persona,Víctima,Indeterminado,Indeterminado,Indeterminado,1826A,1,null,,,,
IDA4130,1826,Persona,Perpetrador,Mujer,Sin especificar,Sin especificar,1826B,,null,,,,
IDA4131,1827,Persona,Perpetrador,Hombre,Sin especificar,Sin especificar,1827A,,null,,,,
IDA4132,1827,Persona,Perpetrador,Mujer,Sin especificar,Sin especificar,1827A,,null,,,,
IDA4133,1827,Persona,Víctima,Indeterminado,Indeterminado,Indeterminado,1827A,1,null,,,,
IDA4134,1827,Persona,Perpetrador,Mujer,Sin especificar,Sin especificar,1827B,,null,,,,
IDA4135,1828,Persona,Perpetrador,Hombre,Sin especificar,Sin especificar,1828A,,null,,,,
IDA4136,1828,Persona,Víctima,Hombre,Sin especificar,Sin especificar,1828A,,null,,,,
IDA4137,1829,Persona,Perpetrador,Hombre,Sin especificar,Sin especificar,1829A,,null,,,,
IDA4138,1829,Persona,Víctima,Hombre,Sin especificar,Sin especificar,1829A,,null,,,,
IDA4139,1830,Persona,Perpetrador,Hombre,Sin especificar,Sin especificar,1830A,,null,,,,
IDA4140,1830,Persona,Perpetrador,Hombre,Sin especificar,Sin especificar,1830A,,null,,,,
IDA4141,1830,Persona,Víctima,Mujer,Sin especificar,Sin especificar,1830A,,null,,,,
IDA4142,1831,Persona,Perpetrador,Hombre,Sin especificar,Sin especificar,1831A,,null,,,,
IDA4143,1831,Persona,Perpetrador,Hombre,Sin especificar,Sin especificar,1831A,,null,,,,
IDA4144,1831,Persona,Perpetrador,Mujer,Sin especificar,Sin especificar,1831A,,null,,,,
IDA4145,1831,Persona,Perpetrador,Mujer,Sin especificar,Sin especificar,1831A,,null,,,,
IDA4146,1831,Persona,Perpetrador,Mujer,Sin especificar,Sin especificar,1831A,,null,,,,
IDA4147,1832,Persona,Perpetrador,Hombre,Sin especificar,Sin especificar,1832A,,null,,,,
IDA4148,1832,Persona,Víctima,Hombre,Sin especificar,Sin especificar,1832A,,null,,,,
IDA4149,1833,Persona,Perpetrador,Hombre,Sin especificar,Sin especificar,"1833A, 1833B",,null,,,,
IDA4150,1833,Persona,Perpetrador,Mujer,Sin especificar,Sin especificar,"1833A, 1833B",,null,,,,
IDA4151,1833,Persona,Víctima,Hombre,Sin especificar,Sin especificar,1833B,,null,,,,
IDA4152,1834,Persona,Perpetrador,Hombre,Sin especificar,Sin especificar,"1834A, 1834B",,null,,,,
IDA4153,1834,Persona,Víctima,Mujer,Sin especificar,Sin especificar,"1834A, 1834B",,null,,,,
IDA4154,1835,Persona,Perpetrador,Hombre,Sin especificar,Sin especificar,1835A,,null,,,,
IDA4155,1835,Institución,Víctima,null,null,null,1835A,,La autoridad,,,,
IDA4156,1836,Persona,Perpetrador,Hombre,Sin especificar,Sin especificar,1836A,,null,,,,
IDA4157,1836,Persona,Perpetrador,Mujer,Sin especificar,Sin especificar,1836A,,null,,,,
IDA4158,1836,Persona,Perpetrador,Mujer,Sin especificar,Sin especificar,1836A,,null,,,,
IDA4159,1837,Persona,Perpetrador,Hombre,Sin especificar,Sin especificar,1837A,,null,,,,
IDA4160,1837,Persona,Víctima,Mujer,Sin especificar,Sin especificar,1837A,,null,,,,
IDA4161,1838,Persona,Perpetrador,Hombre,Sin especificar,Sin especificar,"1838A, 1838B",,null,,,,
IDA4162,1838,Persona,Perpetrador,Mujer,Sin especificar,Sin especificar,1838A,,null,,,,
IDA4163,1839,Persona,Perpetrador,Hombre,Sin especificar,Sin especificar,1839A,,null,,,,
IDA4164,1839,Persona,Víctima,Hombre,Sin especificar,Sin especificar,1839A,,null,,,,
IDA4165,1840,Persona,Perpetrador,Hombre,Sin especificar,Sin especificar,"1840A, 1840B",,null,,,,
IDA4166,1840,Persona,Perpetrador,Hombre,Sin especificar,Sin especificar,"1840A, 1840B",,null,,,,
IDA4167,1840,Persona,Víctima,Hombre,Sin especificar,Sin especificar,"1840A, 1840B",,null,,,,
IDA4168,1842,Persona,Perpetrador,Mujer,Sin especificar,Sin especificar,1842A,,null,,,,
IDA4169,1842,Persona,Perpetrador,Mujer,Sin especificar,Sin especificar,1842A,,null,,,,
IDA4170,1842,Persona,Víctima,Mujer,Indígenas,Sin especificar,1842A,,null,,,,
IDA4171,1842,Persona,Víctima,Mujer,Indígenas,Sin especificar,1842A,,null,,,,
IDA4172,1844,Persona,Perpetrador,Hombre,Sin especificar,Sin especificar,1844A,,null,,,,
IDA4173,1844,Persona,Víctima,Mujer,Sin especificar,Sin especificar,1844A,,null,,,,
IDA4174,1845,Persona,Perpetrador,Hombre,Sin especificar,Político del Estado,1845A,,null,,,,
IDA4175,1845,Persona,Víctima,Hombre,Sin especificar,Político del Estado,1845A,,null,,,,
IDA4176,1846,Persona,Perpetrador,Hombre,Sin especificar,Sin especificar,1846A,,null,,,,
IDA4177,1846,Institución,Víctima,null,null,null,1846A,,La autoridad,,,,
IDA4178,1847,Persona,Perpetrador,Hombre,Sin especificar,Sin especificar,1847A,,null,,,,
IDA4179,1847,Persona,Víctima,Mujer,Sin especificar,Sin especificar,1847A,,null,,,,
IDA4180,1848,Persona,Perpetrador,Hombre,Sin especificar,Sin especificar,1848A,,null,,,,
IDA4181,1848,Persona,Perpetrador,Hombre,Sin especificar,Sin especificar,1848A,,null,,,,
IDA4182,1848,Persona,Víctima,Hombre,Sin especificar,Sin especificar,1848A,,null,,,,
IDA4183,1849,Persona,Perpetrador,Hombre,Sin especificar,Eclesiástico,1849A,,null,,,,
IDA4184,1849,Persona,Víctima,Hombre,Sin especificar,Fuerza armada,1849A,,null,,,,
IDA4185,1850,Persona,Perpetrador,Hombre,Sin especificar,Sin especificar,1850A,,null,,,,
IDA4186,1850,Persona,Víctima,Hombre,Sin especificar,Sin especificar,1850A,,null,,,,
IDA4187,1851,Persona,Perpetrador,Hombre,Sin especificar,Sin especificar,1851A,,null,,,,
IDA4188,1852,Persona,Perpetrador,Hombre,Sin especificar,Sin especificar,1852A,,null,,,,
IDA4189,1852,Persona,Víctima,Hombre,Sin especificar,Sin especificar,1852A,,null,,,,
IDA4190,1853,Persona,Perpetrador,Hombre,Sin especificar,Sin especificar,1853A,,null,,,,
IDA4191,1853,Persona,Víctima,Hombre,Sin especificar,Sin especificar,1853A,,null,,,,
IDA4192,1854,Persona,Perpetrador,Hombre,Sin especificar,Sin especificar,"1854A, 1854B",,null,,,,
IDA4193,1854,Persona,Perpetrador,Hombre,Sin especificar,Sin especificar,"1854A, 1854B",,null,,,,
IDA4194,1854,Persona,Perpetrador,Hombre,Sin especificar,Fuerza armada,1854A,,null,,,,
IDA4195,1854,Persona,Víctima,Hombre,Sin especificar,Fuerza armada,1854B,,null,,,,
IDA4196,1854,Persona,Perpetrador,Hombre,Sin especificar,Sin especificar,"1854B, 1854A",,null,,,,
IDA4197,1854,Persona,Perpetrador,Hombre,Sin especificar,Sin especificar,"1854B, 1854A",,null,,,,
IDA4198,1854,Persona,Víctima,Hombre,Sin especificar,Fuerza armada,1854B,,null,,,,
IDA4199,1854,Persona,Perpetrador,Hombre,Sin especificar,Fuerza armada,1854A,,null,,,,
IDA4200,1855,Persona,Perpetrador,Hombre,Sin especificar,Sin especificar,1855A,,null,,,,
IDA4201,1855,Persona,Perpetrador,Hombre,Sin especificar,Sin especificar,1855A,,null,,,,
IDA4202,1855,Persona,Víctima,Indeterminado,Indeterminado,Indeterminado,1855A,1,null,,,,
IDA4203,1856,Persona,Perpetrador,Hombre,Sin especificar,Sin especificar,1856A,,null,,,,
IDA4204,1856,Persona,Víctima,Mujer,Sin especificar,Sin especificar,1856A,,null,,,,
IDA4205,1856,Persona,Víctima,Mujer,Sin especificar,Sin especificar,1856A,,null,,,,
IDA4206,1857,Persona,Perpetrador,Hombre,Sin especificar,Sin especificar,1857A,,null,,,,
IDA4207,1857,Persona,Perpetrador,Mujer,Sin especificar,Sin especificar,1857A,,null,,,,
IDA4208,1858,Persona,Perpetrador,Hombre,Sin especificar,Sin especificar,1858A,,null,,,,
IDA4209,1858,Persona,Víctima,Hombre,Sin especificar,Sin especificar,1858A,,null,,,,
IDA4210,1858,Persona,Víctima,Hombre,Sin especificar,Sin especificar,1858A,,null,,,,
IDA4211,1859,Persona,Perpetrador,Hombre,Sin especificar,Sin especificar,1859A,,null,,,,
IDA4212,1859,Persona,Víctima,Hombre,Sin especificar,Sin especificar,1859A,,null,,,,
IDA4213,1860,Persona,Perpetrador,Hombre,Sin especificar,Sin especificar,1860A,,null,,,,
IDA4214,1860,Persona,Perpetrador,Hombre,Sin especificar,Sin especificar,1860A,,null,,,,
IDA4215,1860,Persona,Víctima,Hombre,Sin especificar,Sin especificar,1860A,,null,,,,
IDA4216,1861,Persona,Perpetrador,Hombre,Sin especificar,Sin especificar,1861A,,null,,,,
IDA4217,1861,Persona,Víctima,Indeterminado,Indeterminado,Indeterminado,1861A,1,null,,,,
IDA4218,1862,Persona,Perpetrador,Hombre,Sin especificar,Sin especificar,1862A,,null,,,,
IDA4219,1862,Persona,Perpetrador,Mujer,Sin especificar,Sin especificar,1862A,,null,,,,
IDA4220,1863,Persona,Perpetrador,Hombre,Sin especificar,Sin especificar,1863A,,null,,,,
IDA4221,1863,Persona,Perpetrador,Mujer,Sin especificar,Sin especificar,1863A,,null,,,,
IDA4222,1863,Persona,Víctima,Hombre,Sin especificar,Sin especificar,1863A,,null,,,,
IDA4223,1864,Persona,Perpetrador,Hombre,Sin especificar,Sin especificar,"1864A, 1864B",,null,,,,
IDA4224,1864,Persona,Víctima,Mujer,Sin especificar,Sin especificar,1864A,,null,,,,
IDA4225,1864,Persona,Perpetrador,Hombre,Sin especificar,Sin especificar,1864B,,null,,,,
IDA4226,1864,Institución,Víctima,null,null,null,1864B,,La autoridad,,,,
IDA4227,1865,Persona,Perpetrador,Hombre,Sin especificar,Sin especificar,1865A,,null,,,,
IDA4228,1865,Persona,Víctima,Hombre,Sin especificar,Político del Estado,1865A,,null,,,,
IDA4229,1866,Persona,Perpetrador,Hombre,Sin especificar,Sin especificar,1866A,,null,,,,
IDA4230,1866,Persona,Perpetrador,Mujer,Sin especificar,Sin especificar,1866A,,null,,,,
IDA4231,1867,Persona,Perpetrador,Hombre,Sin especificar,Sin especificar,1867A,,null,,,,
IDA4232,1867,Persona,Víctima,Hombre,Sin especificar,Sin especificar,1867A,,null,,,,
IDA4233,1868,Persona,Perpetrador,Hombre,Sin especificar,Sin especificar,1868A,,null,,,,
IDA4234,1868,Persona,Perpetrador,Mujer,Sin especificar,Sin especificar,1868A,,null,,,,
IDA4235,1868,Persona,Víctima,Hombre,Sin especificar,Sin especificar,1868A,,null,,,,
IDA4236,1869,Persona,Perpetrador,Hombre,Sin especificar,Sin especificar,1869A,,null,,,,
IDA4237,1869,Persona,Víctima,Indeterminado,Indeterminado,Indeterminado,1869A,1,null,,,,
IDA4238,1870,Persona,Perpetrador,Hombre,Sin especificar,Sin especificar,1870A,,null,,,,
IDA4239,1870,Persona,Víctima,Hombre,Sin especificar,Sin especificar,1870A,,null,,,,
IDA4240,1871,Persona,Perpetrador,Hombre,Sin especificar,Sin especificar,1871A,,null,,,,
IDA4241,1871,Persona,Víctima,Hombre,Sin especificar,Político del Estado,1871A,,null,,,,
IDA4242,1873,Persona,Perpetrador,Hombre,Sin especificar,Sin especificar,1873A,,null,,,,
IDA4243,1873,Persona,Perpetrador,Mujer,Sin especificar,Sin especificar,1873A,,null,,,,
IDA4244,1875,Persona,Perpetrador,Hombre,Sin especificar,Sin especificar,"1875A, 1875B",,null,,,,
IDA4245,1876,Persona,Perpetrador,Hombre,Sin especificar,Sin especificar,1876A,,null,,,,
IDA4246,1876,Persona,Perpetrador,Hombre,Sin especificar,Sin especificar,1876A,,null,,,,
IDA4247,1876,Persona,Perpetrador,Hombre,Sin especificar,Sin especificar,1876A,,null,,,,
IDA4248,1876,Persona,Víctima,Hombre,Sin especificar,Sin especificar,1876A,,null,,,,
IDA4249,1878,Persona,Perpetrador,Hombre,Sin especificar,Sin especificar,1878A,,null,,,,
IDA4250,1878,Institución,Víctima,null,null,null,1878A,,La autoridad,,,,
IDA4251,1879,Persona,Perpetrador,Hombre,Sin especificar,Sin especificar,1879A,,null,,,,
IDA4252,1879,Persona,Perpetrador,Hombre,Sin especificar,Eclesiástico,1879A,,null,,,,
IDA4253,1880,Persona,Perpetrador,Hombre,Sin especificar,Sin especificar,1880A,,null,,,,
IDA4254,1880,Persona,Víctima,Hombre,Sin especificar,Político del Estado,1880A,,null,,,,
IDA4255,1881,Persona,Perpetrador,Hombre,Sin especificar,Sin especificar,1881A,,null,,,,
IDA4256,1881,Persona,Víctima,Hombre,Indígenas,Sin especificar,1881A,,null,,,,
IDA4257,1882,Persona,Perpetrador,Hombre,Sin especificar,Sin especificar,1882A,,null,,,,
IDA4258,1882,Persona,Víctima,Hombre,Sin especificar,Sin especificar,1882A,,null,,,,
IDA4259,1883,Persona,Perpetrador,Hombre,Sin especificar,Sin especificar,1883A,,null,,,,
IDA4260,1883,Persona,Perpetrador,Mujer,Sin especificar,Sin especificar,1883A,,null,,,,
IDA4261,1883,Persona,Víctima,Hombre,Sin especificar,Sin especificar,1883A,,null,,,,
IDA4262,1885,Persona,Perpetrador,Hombre,Sin especificar,Sin especificar,1885A,1,null,,,,
IDA4263,1885,Persona,Perpetrador,Hombre,Sin especificar,Sin especificar,1885A,1,null,,,,
IDA4264,1885,Persona,Perpetrador,Indeterminado,Indeterminado,Indeterminado,1885A,1,null,,,,
IDA4265,1885,Persona,Perpetrador,Indeterminado,Indeterminado,Indeterminado,1885A,1,null,,,,
IDA4266,1885,Persona,Víctima,Hombre,Sin especificar,Sin especificar,1885A,,null,,,,
IDA4267,1886,Persona,Perpetrador,Hombre,Sin especificar,Sin especificar,1886A,,null,,,,
IDA4268,1886,Persona,Víctima,Mujer,Sin especificar,Sin especificar,1886A,,null,,,,
IDA4269,1887,Persona,Perpetrador,Hombre,Sin especificar,Sin especificar,"1887A, 1887C, 1887D",,null,,,,
IDA4270,1887,Persona,Perpetrador,Mujer,Sin especificar,Sin especificar,"1887A, 1887D",,null,,,,
IDA4271,1887,Persona,Víctima,Indeterminado,Indeterminado,Indeterminado,1887A,1,null,,,,
IDA4272,1887,Persona,Víctima,Hombre,Sin especificar,Eclesiástico,1887D,,null,,,,
IDA4273,1888,Persona,Perpetrador,Hombre,Sin especificar,Político del Estado,"1888A, 1888B",,null,,,,
IDA4274,1888,Persona,Víctima,Hombre,Sin especificar,Eclesiástico,1888A,,null,,,,
IDA4275,1888,Persona,Víctima,Hombre,Sin especificar,Sin especificar,1888B,,null,,,,
IDA4276,1889,Persona,Perpetrador,Hombre,Sin especificar,Sin especificar,1889A,,null,,,,
IDA4277,1889,Persona,Víctima,Indeterminado,Indeterminado,Indeterminado,1889A,1,null,,,,
IDA4278,1890,Persona,Perpetrador,Hombre,Sin especificar,Sin especificar,1890A,,null,,,,
IDA4279,1890,Persona,Víctima,Hombre,Sin especificar,Sin especificar,1890A,,null,,,,
IDA4280,1892,Persona,Perpetrador,Hombre,Sin especificar,Sin especificar,1892A,,null,,,,
IDA4281,1892,Persona,Perpetrador,Mujer,Sin especificar,Sin especificar,1892A,,null,,,,
IDA4282,1893,Persona,Perpetrador,Hombre,Sin especificar,Sin especificar,1893A,,null,,,,
IDA4283,1893,Persona,Víctima,Mujer,Sin especificar,Sin especificar,1893A,,null,,,,
IDA4284,1895,Persona,Perpetrador,Hombre,Sin especificar,Sin especificar,"1895A, 1895B",,null,,,,
IDA4285,1895,Persona,Perpetrador,Hombre,Sin especificar,Sin especificar,"1895A, 1895B",,null,,,,
IDA4286,1895,Persona,Víctima,Hombre,Sin especificar,Sin especificar,"1895A, 1895B",,null,,,,
IDA4287,1896,Persona,Perpetrador,Hombre,Sin especificar,Sin especificar,1896A,,null,,,,
IDA4288,1896,Persona,Perpetrador,Hombre,Sin especificar,Sin especificar,1896A,,null,,,,
IDA4289,1898,Persona,Perpetrador,Hombre,Sin especificar,Sin especificar,1898A,,null,,1,,
IDA4290,1898,Persona,Víctima,Hombre,Sin especificar,Político del Estado,"1898A, 1898C",,null,,1,,
IDA4291,1898,Persona,Perpetrador,Hombre,Sin especificar,Político del Estado,"1898B, 1898C",,null,,1,,
IDA4292,1898,Institución,Víctima,null,null,null,1898C,,La autoridad,,1,,
IDA4293,1899,Persona,Perpetrador,Hombre,Sin especificar,Sin especificar,1899A,,null,,,,
IDA4294,1899,Persona,Perpetrador,Hombre,Sin especificar,Sin especificar,1899A,,null,,,,
IDA4295,1900,Persona,Perpetrador,Hombre,Sin especificar,Sin especificar,1900A,,null,,,,
IDA4296,1900,Persona,Perpetrador,Hombre,Sin especificar,Sin especificar,1900A,,null,,,,
IDA4297,1901,Persona,Perpetrador,Hombre,Sin especificar,Sin especificar,1901A,,null,,,,
IDA4298,1902,Persona,Perpetrador,Hombre,Sin especificar,Sin especificar,1902A,,null,,,,
IDA4299,1902,Persona,Perpetrador,Hombre,Sin especificar,Sin especificar,1902A,,null,,,,
IDA4300,1902,Persona,Perpetrador,Mujer,Sin especificar,Sin especificar,1902A,,null,,,,
IDA4301,1902,Persona,Víctima,Hombre,Sin especificar,Político del Estado,1902A,1,null,,,,
IDA4302,1902,Persona,Víctima,Mujer,Sin especificar,Sin especificar,1902A,1,null,,,,
IDA4303,1902,Persona,Víctima,Mujer,Sin especificar,Sin especificar,1902A,1,null,,,,
IDA4304,1903,Persona,Perpetrador,Hombre,Sin especificar,Sin especificar,1903A,,null,,,,
IDA4305,1905,Persona,Perpetrador,Hombre,Sin especificar,Sin especificar,1905A,,null,,,,
IDA4306,1905,Persona,Víctima,Hombre,Sin especificar,Político del Estado,1905A,,null,,,,
IDA4307,1906,Persona,Perpetrador,Hombre,Sin especificar,Sin especificar,1906A,,null,,,,
IDA4308,1906,Persona,Víctima,Mujer,Sin especificar,Sin especificar,1906A,,null,,,,
IDA4309,1907,Persona,Perpetrador,Hombre,Sin especificar,Sin especificar,"1907A, 1907B",,null,,,,
IDA4310,1907,Persona,Víctima,Mujer,Sin especificar,Sin especificar,1907A,,null,,,,
IDA4311,1908,Persona,Perpetrador,Hombre,Sin especificar,Sin especificar,1908A,,null,,,,
IDA4312,1908,Persona,Víctima,Hombre,Sin especificar,Sin especificar,1908A,,null,,,,
IDA4313,1908,Persona,Víctima,Hombre,Sin especificar,Sin especificar,1908A,,null,,,,
IDA4314,1909,Persona,Perpetrador,Hombre,Sin especificar,Sin especificar,1909A,,null,,,,
IDA4315,1909,Persona,Víctima,Hombre,Sin especificar,Sin especificar,1909A,,null,,,,
IDA4316,1910,Persona,Perpetrador,Hombre,Sin especificar,Sin especificar,1910A,,null,,,,
IDA4317,1910,Persona,Víctima,Hombre,Sin especificar,Sin especificar,1910A,,null,,,,
IDA4318,1911,Persona,Perpetrador,Hombre,Sin especificar,Sin especificar,1911A,,null,,,,
IDA4319,1911,Persona,Víctima,Hombre,Sin especificar,Sin especificar,1911A,,null,,,,
IDA4320,1912,Persona,Perpetrador,Mujer,Sin especificar,Sin especificar,"1912A, 1912B",,null,,,,
IDA4321,1912,Persona,Perpetrador,Mujer,Sin especificar,Sin especificar,"1912A, 1912B",,null,,,,
IDA4322,1912,Persona,Víctima,Hombre,Sin especificar,Sin especificar,"1912A, 1912B",,null,,,,
IDA4323,1912,Persona,Víctima,Mujer,Sin especificar,Sin especificar,"1912A, 1912B",,null,,,,
IDA4324,1914,Persona,Perpetrador,Hombre,Sin especificar,Sin especificar,1914A,,null,,,,
IDA4325,1915,Persona,Perpetrador,Hombre,Sin especificar,Sin especificar,1915A,,null,,,,
IDA4326,1915,Persona,Víctima,Indeterminado,Indeterminado,Indeterminado,1915A,1,null,,,,
IDA4327,1916,Persona,Perpetrador,Hombre,Sin especificar,Sin especificar,1916A,,null,,,,
IDA4328,1916,Persona,Víctima,Mujer,Sin especificar,Sin especificar,1916A,,null,,,,
IDA4329,1923,Población Indígena Completa,Perpetrador,null,null,null,1923A,,null,,,,
IDA4330,1923,Persona,Víctima,Hombre,Sin especificar,Sin especificar,1923A,,null,,,,
IDA4331,1924,Persona,Perpetrador,Hombre,Sin especificar,Sin especificar,1924A,,null,,,,
IDA4332,1925,Persona,Perpetrador,Hombre,Sin especificar,Sin especificar,1925A,,null,,,,
IDA4333,1925,Persona,Víctima,Hombre,Sin especificar,Sin especificar,1925A,,null,,,,
IDA4334,1926,Persona,Perpetrador,Hombre,Sin especificar,Sin especificar,1926A,,null,,,,
IDA4335,1926,Persona,Víctima,Hombre,Sin especificar,Eclesiástico,1926A,,null,,,,
IDA4336,1927,Persona,Perpetrador,Indeterminado,Indeterminado,Indeterminado,1927A,1,null,,,,
IDA4337,1927,Persona,Víctima,Hombre,Sin especificar,Político del Estado,1927A,,null,,,,
IDA4338,1928,Persona,Perpetrador,Mujer,Sin especificar,Sin especificar,"1928A, 1928B",,null,,,,
IDA4339,1928,Persona,Perpetrador,Mujer,Sin especificar,Sin especificar,"1928A, 1928B",,null,,,,
IDA4340,1928,Persona,Víctima,Mujer,Sin especificar,Sin especificar,"1928A, 1928B",,null,,,,
IDA4341,1930,Persona,Perpetrador,Hombre,Sin especificar,Sin especificar,1930A,1,null,,,,
IDA4342,1930,Persona,Perpetrador,Indeterminado,Indeterminado,Indeterminado,1930A,1,null,,,,
IDA4343,1930,Persona,Perpetrador,Indeterminado,Indeterminado,Indeterminado,1930A,1,null,,,,
IDA4344,1930,Persona,Víctima,Hombre,Sin especificar,Sin especificar,1930A,,null,,,,
IDA4345,1931,Persona,Perpetrador,Hombre,Sin especificar,Político del Estado,1931A,,null,,,,
IDA4346,1931,Persona,Víctima,Hombre,Sin especificar,Sin especificar,1931A,,null,,,,
IDA4347,1932,Persona,Perpetrador,Hombre,Sin especificar,Sin especificar,1932A,,null,,,,
IDA4348,1932,Persona,Perpetrador,Hombre,Sin especificar,Sin especificar,1932A,,null,,,,
IDA4349,1932,Persona,Víctima,Hombre,Sin especificar,Sin especificar,1932A,,null,,,,
IDA4350,1933,Persona,Perpetrador,Hombre,Sin especificar,Político del Estado,1933A,,null,,,,
IDA4351,1934,Persona,Perpetrador,Hombre,Sin especificar,Sin especificar,1934A,,null,,,,
IDA4352,1934,Persona,Perpetrador,Hombre,Sin especificar,Sin especificar,1934A,,null,,,,
IDA4353,1934,Persona,Perpetrador,Hombre,Sin especificar,Sin especificar,1934A,,null,,,,
IDA4354,1934,Persona,Perpetrador,Hombre,Sin especificar,Sin especificar,1934A,,null,,,,
IDA4355,1934,Persona,Víctima,Hombre,Sin especificar,Sin especificar,1934A,,null,,,,
IDA4356,1935,Persona,Perpetrador,Hombre,Sin especificar,Sin especificar,1935A,,null,,,,
IDA4357,1935,Persona,Perpetrador,Hombre,Sin especificar,Sin especificar,1935A,,null,,,,
IDA4358,1935,Persona,Víctima,Hombre,Sin especificar,Sin especificar,1935A,,null,,,,
IDA4359,1936,Persona,Perpetrador,Hombre,Sin especificar,Sin especificar,1936A,,null,,,,
IDA4360,1936,Persona,Perpetrador,Hombre,Sin especificar,Sin especificar,1936A,,null,,,,
IDA4361,1936,Persona,Perpetrador,Hombre,Sin especificar,Sin especificar,1936A,,null,,,,
IDA4362,1936,Persona,Víctima,Hombre,Sin especificar,Político del Estado,1936A,,null,,,,
IDA4363,1937,Persona,Perpetrador,Hombre,Sin especificar,Sin especificar,"1937A, 1937B",,null,,,,
IDA4364,1937,Persona,Perpetrador,Hombre,Sin especificar,Sin especificar,"1937A, 1937B",,null,,,,
IDA4365,1937,Persona,Perpetrador,Hombre,Sin especificar,Sin especificar,"1937A, 1937B",,null,,,,
IDA4366,1937,Institución,Víctima,null,null,null,"1937A, 1937B",,La autoridad,,,,
IDA4367,1938,Persona,Perpetrador,Hombre,Sin especificar,Sin especificar,1938A,,null,,,,
IDA4368,1939,Persona,Perpetrador,Hombre,Sin especificar,Sin especificar,1939A,,null,,,,
IDA4369,1939,Persona,Víctima,Hombre,Sin especificar,Sin especificar,1939A,,null,,,,
IDA4370,1940,Persona,Perpetrador,Hombre,Sin especificar,Sin especificar,"1940A, 1940B",,null,,,,
IDA4371,1940,Persona,Perpetrador,Mujer,Sin especificar,Sin especificar,"1940A, 1940B",,null,,,,
IDA4372,1940,Persona,Víctima,Hombre,Sin especificar,Sin especificar,1940A,,null,,,,
IDA4373,1940,Persona,Víctima,Mujer,Sin especificar,Sin especificar,1940A,,null,,,,
IDA4374,1940,Persona,Víctima,Indeterminado,Indeterminado,Indeterminado,1940B,1,null,,,,
IDA4375,1941,Persona,Perpetrador,Hombre,Sin especificar,Sin especificar,"1941A, 1941B",,null,,,,
IDA4376,1941,Persona,Víctima,Mujer,Sin especificar,Sin especificar,"1941A, 1941B",,null,,,,
IDA4377,1942,Persona,Perpetrador,Hombre,Sin especificar,Sin especificar,"1942A, 1942B",,null,,,,
IDA4378,1942,Persona,Víctima,Hombre,Sin especificar,Sin especificar,"1942A, 1942B",,null,,,,
IDA4379,1943,Persona,Perpetrador,Hombre,Sin especificar,Sin especificar,1943A,,null,,,,
IDA4380,1943,Persona,Víctima,Mujer,Sin especificar,Sin especificar,1943A,,null,,,,
IDA4381,1944,Persona,Perpetrador,Hombre,Sin especificar,Sin especificar,"1944A, 1944B",,null,,,,
IDA4382,1944,Persona,Perpetrador,Hombre,Sin especificar,Sin especificar,1944A,,null,,,,
IDA4383,1944,Persona,Víctima,Hombre,Sin especificar,Sin especificar,1944B,,null,,,,
IDA4384,1944,Persona,Perpetrador,Hombre,Sin especificar,Sin especificar,"1944B, 1944A",,null,,,,
IDA4385,1944,Persona,Víctima,Hombre,Sin especificar,Sin especificar,1944B,,null,,,,
IDA4386,1944,Persona,Perpetrador,Hombre,Sin especificar,Sin especificar,1944A,,null,,,,
IDA4387,1945,Persona,Perpetrador,Hombre,Sin especificar,Sin especificar,1945A,,null,,,,
IDA4388,1945,Persona,Víctima,Mujer,Sin especificar,Sin especificar,1945A,,null,,,,
IDA4389,1946,Persona,Perpetrador,Hombre,Sin especificar,Sin especificar,"1946A, 1946B, 1946C",,null,,,,
IDA4390,1946,Persona,Víctima,Mujer,Sin especificar,Sin especificar,1946A,,null,,,,
IDA4391,1947,Persona,Perpetrador,Hombre,Sin especificar,Político del Estado,1947A,,null,,,,
IDA4392,1947,Persona,Víctima,Hombre,Sin especificar,Político del Estado,1947A,,null,,,,
IDA4393,1948,Persona,Perpetrador,Hombre,Sin especificar,Sin especificar,1948A,,null,,,,
IDA4394,1948,Persona,Víctima,Mujer,Sin especificar,Sin especificar,1948A,,null,,,,
IDA4395,1949,Persona,Perpetrador,Hombre,Sin especificar,Sin especificar,1949A,,null,,,,
IDA4396,1949,Persona,Víctima,Mujer,Sin especificar,Sin especificar,1949A,,null,,,,
IDA4397,1950,Persona,Perpetrador,Hombre,Sin especificar,Sin especificar,1950A,,null,,,,
IDA4398,1950,Persona,Perpetrador,Hombre,Sin especificar,Sin especificar,1950A,,null,,,,
IDA4399,1950,Persona,Víctima,Hombre,Sin especificar,Fuerza armada,1950A,,null,,,,
IDA4400,1951,Persona,Perpetrador,Hombre,Sin especificar,Sin especificar,1951A,,null,,,,
IDA4401,1951,Persona,Perpetrador,Hombre,Sin especificar,Sin especificar,1951A,,null,,,,
IDA4402,1951,Persona,Perpetrador,Hombre,Sin especificar,Sin especificar,1951A,,null,,,,
IDA4403,1951,Persona,Víctima,Hombre,Sin especificar,Sin especificar,1951A,,null,,,,
IDA4404,1952,Persona,Perpetrador,Hombre,Sin especificar,Sin especificar,1952A,1,null,,,,
IDA4405,1952,Persona,Perpetrador,Hombre,Sin especificar,Sin especificar,1952A,1,null,,,,
IDA4406,1952,Persona,Perpetrador,Hombre,Sin especificar,Sin especificar,1952A,1,null,,,,
IDA4407,1952,Persona,Perpetrador,Indeterminado,Indeterminado,Indeterminado,1952A,1,null,,,,
IDA4408,1952,Institución,Víctima,null,null,null,1952A,,Iglesia,,,,
IDA4409,1953,Persona,Perpetrador,Hombre,Sin especificar,Sin especificar,1953A,,null,,,,
IDA4410,1953,Persona,Víctima,Indeterminado,Indeterminado,Indeterminado,1953A,1,null,,,,
IDA4411,1954,Persona,Perpetrador,Hombre,Sin especificar,Sin especificar,1954A,,null,,,,
IDA4412,1954,Persona,Víctima,Hombre,Sin especificar,Sin especificar,1954A,,null,,,,
IDA4413,1955,Persona,Perpetrador,Hombre,Sin especificar,Sin especificar,1955A,,null,,,,
IDA4414,1955,Persona,Víctima,Hombre,Sin especificar,Sin especificar,1955A,,null,,,,
IDA4415,1956,Persona,Perpetrador,Hombre,Sin especificar,Sin especificar,1956A,,null,,,,
IDA4416,1956,Persona,Víctima,Indeterminado,Indeterminado,Indeterminado,1956A,1,null,,,,
IDA4417,1957,Persona,Perpetrador,Hombre,Sin especificar,Sin especificar,1957A,,null,,,,
IDA4418,1957,Persona,Víctima,Indeterminado,Indeterminado,Indeterminado,1957A,1,null,,,,
IDA4419,1958,Persona,Perpetrador,Hombre,Sin especificar,Sin especificar,1958A,,null,,,,
IDA4420,1958,Persona,Víctima,Hombre,Sin especificar,Sin especificar,1958A,,null,,,,
IDA4421,1959,Persona,Perpetrador,Hombre,Sin especificar,Sin especificar,1959A,,null,,,,
IDA4422,1959,Persona,Perpetrador,Hombre,Sin especificar,Sin especificar,1959A,,null,,,,
IDA4423,1959,Persona,Perpetrador,Hombre,Sin especificar,Sin especificar,1959A,,null,,,,
IDA4424,1959,Persona,Víctima,Hombre,Sin especificar,Político del Estado,1959A,,null,,,,
IDA4425,1960,Persona,Perpetrador,Hombre,Sin especificar,Sin especificar,1960A,,null,,,,
IDA4426,1961,Persona,Perpetrador,Hombre,Sin especificar,Sin especificar,1961A,,null,,,,
IDA4427,1961,Persona,Víctima,Hombre,Sin especificar,Sin especificar,1961A,,null,,,,
IDA4428,1962,Persona,Perpetrador,Hombre,Sin especificar,Sin especificar,1962A,,null,,,,
IDA4429,1962,Persona,Víctima,Mujer,Sin especificar,Sin especificar,1962A,,null,,,,
IDA4430,1962,Persona,Víctima,Mujer,Sin especificar,Sin especificar,1962A,,null,,,,
IDA4431,1963,Persona,Perpetrador,Hombre,Sin especificar,Sin especificar,"1963A, 1963B",,null,,,,
IDA4432,1963,Persona,Víctima,Indeterminado,Indeterminado,Indeterminado,"1963A, 1963B",1,null,,,,
IDA4433,1964,Persona,Perpetrador,Hombre,Sin especificar,Sin especificar,1964A,,null,,,,
IDA4434,1964,Persona,Perpetrador,Hombre,Sin especificar,Sin especificar,1964A,,null,,,,
IDA4435,1964,Persona,Víctima,Hombre,Sin especificar,Sin especificar,1964A,,null,,,,
IDA4436,1965,Persona,Perpetrador,Hombre,Sin especificar,Sin especificar,"1965A, 1965B",,null,,,,
IDA4437,1965,Persona,Perpetrador,Hombre,Sin especificar,Sin especificar,"1965A, 1965B",,null,,,,
IDA4438,1965,Persona,Víctima,Hombre,Sin especificar,Político del Estado,1965B,,null,,,,
IDA4439,1966,Persona,Perpetrador,Hombre,Sin especificar,Sin especificar,1966A,,null,,,,
IDA4440,1966,Persona,Víctima,Hombre,Sin especificar,Sin especificar,1966A,,null,,,,
IDA4441,1967,Persona,Perpetrador,Hombre,Sin especificar,Sin especificar,1967A,,null,,,,
IDA4442,1967,Persona,Víctima,Indeterminado,Indeterminado,Indeterminado,1967A,1,null,,,,
IDA4443,1968,Persona,Perpetrador,Hombre,Sin especificar,Sin especificar,1968A,,null,,,,
IDA4444,1968,Persona,Perpetrador,Hombre,Sin especificar,Sin especificar,1968A,,null,,,,
IDA4445,1968,Persona,Perpetrador,Mujer,Sin especificar,Sin especificar,1968A,,null,,,,
IDA4446,1969,Persona,Perpetrador,Hombre,Sin especificar,Sin especificar,"1969A, 1969B",,null,,,,
IDA4447,1969,Persona,Víctima,Mujer,Sin especificar,Sin especificar,"1969A, 1969B",,null,,,,
IDA4448,1970,Persona,Perpetrador,Hombre,Sin especificar,Sin especificar,1970A,,null,,,,
IDA4449,1970,Persona,Perpetrador,Hombre,Sin especificar,Sin especificar,1970A,,null,,,,
IDA4450,1971,Persona,Perpetrador,Hombre,Sin especificar,Sin especificar,1971A,,null,,,,
IDA4451,1972,Persona,Perpetrador,Hombre,Sin especificar,Sin especificar,1972A,,null,,,,
IDA4452,1972,Persona,Víctima,Indeterminado,Indeterminado,Indeterminado,1972A,1,null,,,,
IDA4453,1973,Persona,Perpetrador,Hombre,Sin especificar,Sin especificar,1973A,,null,,,,
IDA4454,1973,Persona,Víctima,Hombre,Sin especificar,Político del Estado,1973A,,null,,,,
IDA4455,1974,Persona,Perpetrador,Hombre,Sin especificar,Sin especificar,1974A,,null,,,,
IDA4456,1974,Persona,Perpetrador,Hombre,Sin especificar,Sin especificar,1974A,,null,,,,
IDA4457,1974,Persona,Perpetrador,Hombre,Sin especificar,Sin especificar,1974A,,null,,,,
IDA4458,1974,Persona,Perpetrador,Hombre,Sin especificar,Sin especificar,1974A,,null,,,,
IDA4459,1974,Persona,Perpetrador,Hombre,Sin especificar,Sin especificar,1974A,,null,,,,
IDA4460,1975,Persona,Perpetrador,Hombre,Sin especificar,Sin especificar,1975A,,null,,,,
IDA4461,1975,Persona,Perpetrador,Mujer,Sin especificar,Sin especificar,1975A,,null,,,,
IDA4462,1975,Persona,Víctima,Hombre,Sin especificar,Sin especificar,1975A,,null,,,,
IDA4463,1976,Persona,Perpetrador,Mujer,Sin especificar,Sin especificar,1976A,,null,,,,
IDA4464,1976,Persona,Cómplice,Hombre,Sin especificar,Sin especificar,1976A,,null,,,,
IDA4465,1976,Persona,Víctima,Hombre,Sin especificar,Sin especificar,1976A,,null,,,,
IDA4466,1977,Persona,Perpetrador,Hombre,Sin especificar,Sin especificar,"1977A, 1977B",,null,,,,
IDA4467,1977,Persona,Víctima,Mujer,Sin especificar,Sin especificar,"1977A, 1977B",,null,,,,
IDA4468,1978,Persona,Perpetrador,Hombre,Sin especificar,Sin especificar,1978A,,null,,,,
IDA4469,1978,Persona,Perpetrador,Hombre,Sin especificar,Sin especificar,1978A,,null,,,,
IDA4470,1978,Persona,Perpetrador,Hombre,Sin especificar,Sin especificar,1978A,,null,,,,
IDA4471,1978,Persona,Víctima,Hombre,Sin especificar,Sin especificar,1978A,,null,,,,
IDA4472,1979,Persona,Perpetrador,Hombre,Sin especificar,Sin especificar,1979A,,null,,,,
IDA4473,1979,Persona,Víctima,Indeterminado,Indeterminado,Indeterminado,1979A,1,null,,,,
IDA4474,1980,Persona,Perpetrador,Hombre,Sin especificar,Sin especificar,1980A,,null,,,,
IDA4475,1980,Persona,Víctima,Hombre,Sin especificar,Fuerza armada,1980A,,null,,,,
IDA4476,1982,Persona,Perpetrador,Hombre,Sin especificar,Sin especificar,1982A,,null,,,,
IDA4477,1982,Persona,Víctima,Indeterminado,Indeterminado,Indeterminado,1982A,1,null,,,,
IDA4478,1983,Persona,Perpetrador,Hombre,Sin especificar,Sin especificar,"1983A, 1983B",,null,,,,
IDA4479,1983,Persona,Perpetrador,Mujer,Sin especificar,Sin especificar,"1983A, 1983B",,null,,,,
IDA4480,1983,Persona,Víctima,Mujer,Sin especificar,Sin especificar,1983B,,null,,,,
IDA4481,1984,Persona,Perpetrador,Hombre,Sin especificar,Sin especificar,1984A,,null,,,,
IDA4482,1984,Persona,Perpetrador,Mujer,Sin especificar,Sin especificar,1984A,,null,,,,
IDA4483,1984,Persona,Víctima,Mujer,Sin especificar,Sin especificar,1984A,,null,,,,
IDA4484,1984,Persona,Perpetrador,Mujer,Sin especificar,Sin especificar,1984A,,null,,,,
IDA4485,1987,Persona,Perpetrador,Hombre,Sin especificar,Sin especificar,1987A,,null,,,,
IDA4486,1987,Persona,Perpetrador,Mujer,Sin especificar,Sin especificar,1987A,,null,,,,
IDA4487,1988,Persona,Perpetrador,Hombre,Sin especificar,Sin especificar,1988A,,null,,,,
IDA4488,1988,Persona,Víctima,Hombre,Sin especificar,Sin especificar,1988A,,null,,,,
IDA4489,1988,Persona,Víctima,Hombre,Sin especificar,Sin especificar,1988A,,null,,,,
IDA4490,1988,Persona,Víctima,Hombre,Sin especificar,Sin especificar,1988A,,null,,,,
IDA4491,1989,Persona,Perpetrador,Hombre,Sin especificar,Sin especificar,1989A,,null,,,,
IDA4492,1989,Persona,Perpetrador,Mujer,Sin especificar,Sin especificar,1989A,,null,,,,
IDA4493,1989,Persona,Víctima,Indeterminado,Indeterminado,Indeterminado,1989A,1,null,,,,
IDA4494,1990,Persona,Perpetrador,Hombre,Sin especificar,Sin especificar,1990A,,null,,,,
IDA4495,1990,Persona,Víctima,Mujer,Sin especificar,Sin especificar,1990A,,null,,,,
IDA4496,1991,Persona,Perpetrador,Hombre,Sin especificar,Sin especificar,1991A,,null,,,,
IDA4497,1991,Persona,Víctima,Hombre,Sin especificar,Sin especificar,1991A,,null,,,,
IDA4498,1992,Persona,Perpetrador,Hombre,Sin especificar,Sin especificar,"1992A, 1992B",,null,,,,
IDA4499,1992,Persona,Perpetrador,Hombre,Sin especificar,Sin especificar,1992A,,null,,,,
IDA4500,1992,Persona,Víctima,Hombre,Sin especificar,Sin especificar,1992B,,null,,,,
IDA4501,1992,Persona,Perpetrador,Hombre,Sin especificar,Sin especificar,"1992B, 1992A",,null,,,,
IDA4502,1992,Persona,Víctima,Hombre,Sin especificar,Sin especificar,1992B,,null,,,,
IDA4503,1992,Persona,Perpetrador,Hombre,Sin especificar,Sin especificar,1992A,,null,,,,
IDA4504,1993,Persona,Perpetrador,Hombre,Sin especificar,Sin especificar,1993A,,null,,,,
IDA4505,1993,Persona,Perpetrador,Hombre,Sin especificar,Sin especificar,1993A,,null,,,,
IDA4506,1993,Persona,Víctima,Hombre,Sin especificar,Sin especificar,1993A,,null,,,,
IDA4507,1994,Persona,Perpetrador,Hombre,Sin especificar,Sin especificar,"1994A, 1994B",,null,,,,
IDA4508,1994,Persona,Víctima,Mujer,Sin especificar,Sin especificar,"1994A, 1994B",,null,,,,
IDA4509,1994,Persona,Víctima,Mujer,Sin especificar,Sin especificar,"1994A, 1994B",,null,,,,
IDA4510,1995,Persona,Perpetrador,Mujer,Sin especificar,Sin especificar,1995A,,null,,,,
IDA4511,1995,Persona,Perpetrador,Mujer,Sin especificar,Sin especificar,1995A,,null,,,,
IDA4512,1996,Persona,Perpetrador,Hombre,Sin especificar,Sin especificar,1996A,,null,,,,
IDA4513,1996,Persona,Perpetrador,Hombre,Sin especificar,Sin especificar,1996A,,null,,,,
IDA4514,1996,Persona,Víctima,Hombre,Sin especificar,Sin especificar,1996A,,null,,,,
IDA4515,1998,Persona,Perpetrador,Hombre,Sin especificar,Sin especificar,1998A,,null,,,,
IDA4516,1998,Persona,Víctima,Mujer,Sin especificar,Sirviente/lacayo,1998A,,null,,,,
IDA4517,1999,Persona,Perpetrador,Hombre,Sin especificar,Sin especificar,1999A,,null,,,,
IDA4518,1999,Persona,Víctima,Mujer,Sin especificar,Sin especificar,1999A,,null,,,,
IDA4519,2000,Persona,Perpetrador,Hombre,Sin especificar,Sin especificar,2000A,,null,,,,
IDA4520,2000,Persona,Víctima,Mujer,Sin especificar,Sin especificar,2000A,,null,,,,
IDA4521,2001,Persona,Perpetrador,Hombre,Sin especificar,Sin especificar,2001A,,null,,,,
IDA4522,2001,Persona,Perpetrador,Mujer,Sin especificar,Sin especificar,2001A,,null,,,,
IDA4523,2002,Persona,Perpetrador,Hombre,Sin especificar,Sin especificar,2002A,,null,,,,
IDA4524,2002,Persona,Víctima,Hombre,Sin especificar,Sin especificar,2002A,,null,,,,
IDA4525,2002,Persona,Víctima,Hombre,Sin especificar,Sin especificar,2002A,,null,,,,
IDA4526,2003,Persona,Perpetrador,Hombre,Sin especificar,Sin especificar,2003A,,null,,,,
IDA4527,2003,Persona,Víctima,Hombre,Sin especificar,Eclesiástico,2003A,,null,,,,
IDA4528,2004,Persona,Perpetrador,Hombre,Sin especificar,Sin especificar,2004A,,null,,,,
IDA4529,2004,Persona,Perpetrador,Hombre,Sin especificar,Sin especificar,2004A,,null,,,,
IDA4530,2004,Persona,Víctima,Indeterminado,Indeterminado,Indeterminado,2004A,1,null,,,,
IDA4531,2005,Persona,Perpetrador,Hombre,Sin especificar,Sin especificar,"2005A, 2005B",,null,,,,
IDA4532,2005,Persona,Perpetrador,Hombre,Sin especificar,Sin especificar,2005A,,null,,,,
IDA4533,2005,Persona,Víctima,Hombre,Sin especificar,Eclesiástico,2005B,,null,,,,
IDA4534,2006,Persona,Perpetrador,Hombre,Sin especificar,Político del Estado,2006A,1,null,,,,
IDA4535,2006,Persona,Perpetrador,Hombre,Sin especificar,Político del Estado,2006A,1,null,,,,
IDA4536,2006,Persona,Perpetrador,Hombre,Sin especificar,Político del Estado,2006A,1,null,,,,
IDA4537,2006,Persona,Perpetrador,Hombre,Sin especificar,Político del Estado,2006A,1,null,,,,
IDA4538,2006,Persona,Perpetrador,Hombre,Sin especificar,Político del Estado,2006A,1,null,,,,
IDA4539,2006,Persona,Perpetrador,Hombre,Sin especificar,Político del Estado,2006A,1,null,,,,
IDA4540,2007,Persona,Perpetrador,Hombre,Sin especificar,Sin especificar,"2007A, 2007B",,null,,,,
IDA4541,2007,Persona,Víctima,Mujer,Sin especificar,Sin especificar,"2007A, 2007B",,null,,,,
IDA4542,2007,Persona,Víctima,Hombre,Sin especificar,Sin especificar,"2007A, 2007B",,null,,,,
IDA4543,2008,Persona,Perpetrador,Hombre,Sin especificar,Sin especificar,2008A,,null,,,,
IDA4544,2009,Persona,Perpetrador,Hombre,Sin especificar,Sin especificar,2009A,,null,,,,
IDA4545,2009,Persona,Perpetrador,Hombre,Sin especificar,Sin especificar,2009A,,null,,,,
IDA4546,2010,Persona,Perpetrador,Hombre,Sin especificar,Sin especificar,2010A,,null,,,,
IDA4547,2010,Persona,Perpetrador,Hombre,Sin especificar,Sin especificar,2010A,,null,,,,
IDA4548,2011,Persona,Perpetrador,Hombre,Sin especificar,Sin especificar,2011A,,null,,,,
IDA4549,2011,Persona,Perpetrador,Mujer,Sin especificar,Sin especificar,2011A,,null,,,,
IDA4550,2012,Persona,Perpetrador,Hombre,Sin especificar,Político del Estado,2012A,,null,,,,
IDA4551,2012,Persona,Víctima,Hombre,Sin especificar,Sin especificar,2012A,,null,,,,
IDA4552,2013,Persona,Perpetrador,Hombre,Sin especificar,Sin especificar,2013A,,null,,,,
IDA4553,2013,Persona,Víctima,Mujer,Sin especificar,Sin especificar,2013A,,null,,,,
IDA4554,2014,Persona,Perpetrador,Hombre,Sin especificar,Político del Estado,2014A,,null,,,,
IDA4555,2014,Persona,Víctima,Hombre,Sin especificar,Político del Estado,2014A,,null,,,,
IDA4556,2015,Persona,Perpetrador,Hombre,Sin especificar,Sin especificar,2015A,,null,,,,
IDA4557,2015,Persona,Víctima,Indeterminado,Indeterminado,Indeterminado,2015A,1,null,,,,
IDA4558,2016,Persona,Perpetrador,Hombre,Sin especificar,Sin especificar,"2016A, 2016B",,null,,,,
IDA4559,2016,Persona,Víctima,Mujer,Sin especificar,Sin especificar,2016A,,null,,,,
IDA4560,2016,Persona,Perpetrador,Mujer,Sin especificar,Sin especificar,2016B,,null,,,,
IDA4561,2016,Persona,Perpetrador,Mujer,Sin especificar,Sin especificar,2016B,,null,,,,
IDA4562,2017,Persona,Perpetrador,Hombre,Sin especificar,Sin especificar,2017A,,null,,,,
IDA4563,2017,Persona,Víctima,Mujer,Sin especificar,Sin especificar,2017A,,null,,,,
IDA4564,2018,Persona,Perpetrador,Hombre,Sin especificar,Sin especificar,2018A,,null,,,,
IDA4565,2018,Persona,Víctima,Mujer,Sin especificar,Sin especificar,2018A,,null,,,,
IDA4566,2019,Persona,Perpetrador,Hombre,Sin especificar,Fuerza armada,"2019A, 2019B",,null,,,,
IDA4567,2019,Población Indígena Completa,Víctima,null,null,null,"2019A, 2019B",,null,,,,
IDA4568,2020,Persona,Perpetrador,Hombre,Sin especificar,Sin especificar,"2020A, 2020B",,null,,,,
IDA4569,2020,Persona,Víctima,Hombre,Sin especificar,Fuerza armada,2020B,,null,,,,
IDA4570,2021,Persona,Perpetrador,Hombre,Sin especificar,Sin especificar,2021A,,null,,,,
IDA4571,2021,Persona,Víctima,Mujer,Sin especificar,Sin especificar,2021A,,null,,,,
IDA4572,2022,Persona,Perpetrador,Hombre,Sin especificar,Sin especificar,2022A,,null,,,,
IDA4573,2022,Persona,Víctima,Indeterminado,Indeterminado,Indeterminado,2022A,1,null,,,,
IDA4574,2023,Persona,Perpetrador,Hombre,Sin especificar,Sin especificar,2023A,,null,,,,
IDA4575,2023,Persona,Víctima,Hombre,Sin especificar,Sin especificar,2023A,,null,,,,
IDA4576,2024,Persona,Perpetrador,Hombre,Sin especificar,Sin especificar,2024A,,null,,,,
IDA4577,2024,Persona,Perpetrador,Hombre,Sin especificar,Sin especificar,2024A,,null,,,,
IDA4578,2025,Persona,Perpetrador,Hombre,Sin especificar,Sin especificar,"2025A, 2025D",,null,,,,
IDA4579,2025,Población Indígena Completa,Víctima,null,null,null,"2025A, 2025D",,null,,,,
IDA4580,2026,Persona,Perpetrador,Hombre,Sin especificar,Político del Estado,2026A,,null,,,,
IDA4581,2026,Persona,Víctima,Hombre,Sin especificar,Sin especificar,2026A,,null,,,,
IDA4582,2026,Persona,Víctima,Hombre,Sin especificar,Sin especificar,2026A,,null,,,,
IDA4583,2027,Persona,Perpetrador,Hombre,Sin especificar,Político del Estado,"2027A, 2027B",,null,,,,
IDA4584,2028,Persona,Perpetrador,Hombre,Sin especificar,Sin especificar,2028A,,null,,,,
IDA4585,2028,Persona,Víctima,Indeterminado,Indeterminado,Indeterminado,2028A,1,null,,,,
IDA4586,2029,Persona,Perpetrador,Hombre,Indígenas,Sin especificar,2029A,,null,,,,
IDA4587,2029,Persona,Perpetrador,Mujer,Sin especificar,Sin especificar,2029A,,null,,,,
IDA4588,2030,Institución,Perpetrador,null,null,null,2030A,,La autoridad,,,,
IDA4589,2030,Población Indígena Completa,Víctima,null,null,null,2030A,,null,,,,
IDA4590,2031,Persona,Perpetrador,Hombre,Sin especificar,Sin especificar,2031A,,null,,,,
IDA4591,2031,Persona,Víctima,Hombre,Indígenas,Sin especificar,2031A,,null,,,,
IDA4592,2032,Persona,Perpetrador,Hombre,Sin especificar,Político del Estado,"2032A, 2032B",,null,,,,
IDA4593,2032,Persona,Víctima,Hombre,Sin especificar,Sin especificar,"2032A, 2032B",1,null,,,,
IDA4594,2033,Persona,Perpetrador,Hombre,Indígenas,Sin especificar,2033A,1,null,,,,
IDA4595,2033,Persona,Perpetrador,Hombre,Indígenas,Sin especificar,2033A,1,null,,,,
IDA4596,2033,Persona,Víctima,Hombre,Sin especificar,Sin especificar,2033A,,null,,,,
IDA4597,2034,Persona,Perpetrador,Hombre,Sin especificar,Sin especificar,2034A,,null,,,,
IDA4598,2034,Persona,Víctima,Hombre,Sin especificar,Sin especificar,2034A,,null,,,,
IDA4599,2035,Persona,Perpetrador,Hombre,Sin especificar,Sin especificar,2035A,1,null,,,,
IDA4600,2035,Persona,Perpetrador,Hombre,Sin especificar,Sin especificar,2035A,1,null,,,,
IDA4601,2035,Persona,Perpetrador,Hombre,Sin especificar,Sin especificar,2035A,1,null,,,,
IDA4602,2035,Persona,Víctima,Hombre,Sin especificar,Eclesiástico,2035A,,null,,,,
IDA4603,2036,Persona,Perpetrador,Hombre,Indígenas,Sin especificar,2036A,,null,,,,
IDA4604,2036,Persona,Víctima,Hombre,Indígenas,Sin especificar,2036A,,null,,,,
IDA4605,2037,Persona,Perpetrador,Hombre,Sin especificar,Sin especificar,2037A,,null,,,,
IDA4606,2037,Persona,Víctima,Hombre,Indígenas,Sin especificar,2037A,,null,,,,
IDA4607,2038,Población Indígena Completa,Perpetrador,null,null,null,2038A,,null,,1,,
IDA4608,2038,Persona,Víctima,Hombre,Sin especificar,Sin especificar,2038A,,null,,1,,
IDA4609,2039,Persona,Perpetrador,Hombre,Sin especificar,Sin especificar,2039A,,null,,,,
IDA4610,2039,Persona,Víctima,Hombre,Sin especificar,Político del Estado,2039A,,null,,,,
IDA4611,2040,Persona,Perpetrador,Hombre,Indígenas,Sin especificar,2040A,1,null,,,,
IDA4612,2040,Persona,Perpetrador,Hombre,Indígenas,Sin especificar,2040A,1,null,,,,
IDA4613,2040,Persona,Víctima,Hombre,Sin especificar,Sin especificar,2040A,,null,,,,
IDA4614,2041,Persona,Perpetrador,Hombre,Sin especificar,Político del Estado,2041A,,null,,,,
IDA4615,2041,Persona,Víctima,Mujer,Sin especificar,null,2041A,,null,,,,
IDA4616,2041,Persona,Víctima,Hombre,Sin especificar,Sin especificar,2041A,1,null,,,,
IDA4617,2041,Persona,Víctima,Hombre,Sin especificar,Sin especificar,2041A,1,null,,,,
IDA4618,2041,Institución,Víctima,null,null,null,2041A,1,La autoridad,,,,
IDA4619,2042,Persona,Perpetrador,Hombre,Sin especificar,Eclesiástico,2042A,,null,,,,
IDA4620,2042,Persona,Víctima,Hombre,Sin especificar,Sin especificar,2042A,,null,,,,
IDA4621,2043,Población Indígena Completa,Perpetrador,null,null,null,2043A,,null,,,,
IDA4622,2043,Población Indígena Completa,Víctima,null,null,null,2043A,,null,,,,
IDA4623,2044,Persona,Perpetrador,Hombre,Sin especificar,Sin especificar,"2044A, 2044B",,null,,,,
IDA4624,2044,Persona,Víctima,Mujer,Sin especificar,Sin especificar,2044A,,null,,,,
IDA4625,2044,Persona,Víctima,Hombre,Sin especificar,Sin especificar,2044B,,null,,,,
IDA4626,2045,Persona,Perpetrador,Hombre,Sin especificar,Sin especificar,2045A,,null,,,,
IDA4627,2045,Persona,Víctima,Mujer,Sin especificar,Sin especificar,2045A,,null,,,,
IDA4628,2046,Persona,Perpetrador,Hombre,Sin especificar,Sin especificar,2046A,,null,,,,
IDA4629,2046,Población Indígena Completa,Víctima,null,null,null,2046A,,null,,,,
IDA4630,2047,Persona,Perpetrador,Hombre,Sin especificar,Sin especificar,2047A,,null,,,,
IDA4631,2047,Persona,Víctima,Hombre,Sin especificar,Político del Estado,2047A,,null,,,,
IDA4632,2048,Persona,Perpetrador,Hombre,Sin especificar,Sin especificar,"2048A, 2048B",,null,,,,
IDA4633,2048,Persona,Víctima,Indeterminado,Indeterminado,Indeterminado,2048A,1,null,,,,
IDA4634,2049,Persona,Perpetrador,Hombre,Sin especificar,Sin especificar,2049A,,null,,,,
IDA4635,2049,Persona,Víctima,Mujer,Sin especificar,Sin especificar,2049A,,null,,,,
IDA4636,2050,Persona,Perpetrador,Hombre,Sin especificar,Sin especificar,2050A,,null,,,,
IDA4637,2050,Persona,Víctima,Hombre,Sin especificar,Sin especificar,2050A,,null,,,,
IDA4638,2051,Persona,Perpetrador,Mujer,Sin especificar,Sin especificar,2051A,,null,,,,
IDA4639,2051,Persona,Víctima,Hombre,Sin especificar,Sin especificar,"2051A, 2051B",,null,,,,
IDA4640,2052,Persona,Perpetrador,Hombre,Sin especificar,Eclesiástico,"2052A, 2052B",,null,,,,
IDA4641,2052,Persona,Víctima,Hombre,Sin especificar,Político del Estado,"2052A, 2052B",,null,,,,
IDA4642,2053,Persona,Perpetrador,Hombre,Sin especificar,Político del Estado,"2053A, 2053B",,null,,,,
IDA4643,2053,Población Indígena Completa,Víctima,null,null,null,"2053A, 2053B",,null,,,,
IDA4644,2054,Persona,Perpetrador,Hombre,Sin especificar,Político del Estado,2054A,,null,,,,
IDA4645,2054,Población Indígena Completa,Víctima,null,null,null,2054A,,null,,,,
IDA4646,2055,Persona,Perpetrador,Hombre,Sin especificar,Político del Estado,2055A,1,null,,,,
IDA4647,2055,Persona,Perpetrador,Hombre,Sin especificar,Político del Estado,2055A,1,null,,,,
IDA4648,2055,Persona,Perpetrador,Hombre,Sin especificar,Político del Estado,2055A,1,null,,,,
IDA4649,2055,Población Indígena Completa,Víctima,null,null,null,2055A,,null,,,,
IDA4650,2057,Persona,Perpetrador,Indeterminado,Indeterminado,Indeterminado,2057A,1,null,,,,
IDA4651,2057,Persona,Víctima,Mujer,Sin especificar,Sin especificar,2057A,,null,,,,
IDA4652,2058,Persona,Perpetrador,Hombre,Sin especificar,Sin especificar,2058A,,null,,,,
IDA4653,2058,Persona,Víctima,Hombre,Sin especificar,Sin especificar,2058A,,null,,,,
IDA4654,2059,Persona,Perpetrador,Mujer,Sin especificar,Sin especificar,2059A,,null,,,,
IDA4655,2059,Persona,Perpetrador,Hombre,Sin especificar,Sin especificar,2059A,,null,,,,
IDA4656,2059,Persona,Perpetrador,Hombre,Sin especificar,Sin especificar,2059A,,null,,,,
IDA4657,2060,Persona,Perpetrador,Mujer,Sin especificar,Sin especificar,2060A,,null,,,,
IDA4658,2060,Persona,Víctima,Hombre,Sin especificar,Sin especificar,2060A,,null,,,,
IDA4659,2060,Persona,Perpetrador,Hombre,Sin especificar,Sin especificar,2060A,,null,,,,
IDA4660,2062,Persona,Perpetrador,Hombre,Sin especificar,Sin especificar,2062A,,null,,,,
IDA4661,2063,Persona,Perpetrador,Hombre,Sin especificar,Sin especificar,2063A,,null,,,,
IDA4662,2063,Persona,Víctima,Hombre,Sin especificar,Sin especificar,2063A,,null,,,,
IDA4663,2065,Persona,Perpetrador,Hombre,Sin especificar,Sin especificar,2065A,,null,,,,
IDA4664,2066,Persona,Perpetrador,Hombre,Sin especificar,Sin especificar,2066A,,null,,,,
IDA4665,2066,Persona,Perpetrador,Hombre,Sin especificar,Sin especificar,2066A,,null,,,,
IDA4666,2066,Institución,Víctima,null,null,null,2066A,,Iglesia,,,,
IDA4667,2067,Persona,Perpetrador,Hombre,Sin especificar,Sin especificar,2067A,,null,,,,
IDA4668,2067,Persona,Víctima,Hombre,Sin especificar,Sin especificar,2067A,,null,,,,
IDA4669,2068,Persona,Perpetrador,Mujer,Sin especificar,Sin especificar,2068A,,null,,,,
IDA4670,2068,Persona,Víctima,Hombre,Sin especificar,Sin especificar,2068A,,null,,,,
IDA4671,2068,Persona,Perpetrador,Hombre,Sin especificar,Sin especificar,2068A,,null,,,,
IDA4672,2069,Persona,Perpetrador,Hombre,Sin especificar,Sin especificar,"2069A, 2069B",,null,,,,
IDA4673,2069,Institución,Víctima,null,null,null,2069A,,La autoridad,,,,
IDA4674,2069,Persona,Víctima,Indeterminado,Indeterminado,Indeterminado,2069B,1,null,,,,
IDA4675,2069,Persona,Víctima,Indeterminado,Indeterminado,Indeterminado,2069B,1,null,,,,
IDA4676,2069,Persona,Víctima,Indeterminado,Indeterminado,Indeterminado,2069B,1,null,,,,
IDA4677,2070,Persona,Perpetrador,Hombre,Sin especificar,Sin especificar,2070A,,null,,,,
IDA4678,2070,Persona,Perpetrador,Hombre,Sin especificar,Sin especificar,2070A,,null,,,,
IDA4679,2071,Persona,Perpetrador,Mujer,Sin especificar,Sin especificar,2071A,,null,,1,,
IDA4680,2071,Persona,Víctima,Hombre,Sin especificar,Sin especificar,2071A,,null,,1,,
IDA4681,2071,Persona,Perpetrador,Hombre,Sin especificar,Sin especificar,2071B,,null,,1,,
IDA4682,2071,Persona,Víctima,Mujer,Sin especificar,Sin especificar,2071B,,null,,1,,
IDA4683,2072,Persona,Perpetrador,Hombre,Sin especificar,Sin especificar,2072A,,null,,,,
IDA4684,2072,Persona,Perpetrador,Hombre,Sin especificar,Sin especificar,2072A,,null,,,,
IDA4685,2072,Persona,Víctima,Hombre,Sin especificar,Eclesiástico,2072A,,null,,,,
IDA4686,2073,Persona,Perpetrador,Mujer,Sin especificar,Sin especificar,2073A,,null,,,,
IDA4687,2073,Persona,Víctima,Hombre,Sin especificar,Sin especificar,2073A,,null,,,,
IDA4688,2074,Persona,Perpetrador,Hombre,Esclavo,Sin especificar,2074A,,null,,,,
IDA4689,2074,Persona,Víctima,Hombre,Sin especificar,Sin especificar,2074A,,null,,,,
IDA4690,2075,Persona,Perpetrador,Indeterminado,Indeterminado,Indeterminado,2075A,1,null,,,,
IDA4691,2075,Persona,Víctima,Mujer,Sin especificar,Sin especificar,2075A,,null,,,,
IDA4692,2076,Persona,Perpetrador,Hombre,Sin especificar,Sin especificar,2076A,,null,,,,
IDA4693,2076,Persona,Víctima,Indeterminado,Indeterminado,Indeterminado,2076A,1,null,,,,
IDA4694,2077,Persona,Perpetrador,Hombre,Sin especificar,Sin especificar,2077A,,null,,,,
IDA4695,2077,Persona,Víctima,Hombre,Sin especificar,Sin especificar,2077A,,null,,,,
IDA4696,2079,Persona,Perpetrador,Hombre,Sin especificar,Sin especificar,"2079A, 2079B",,null,,,,
IDA4697,2080,Persona,Perpetrador,Mujer,Sin especificar,Sin especificar,2080A,,null,,,,
IDA4698,2080,Persona,Víctima,Hombre,Sin especificar,Sin especificar,2080A,,null,,,,
IDA4699,2080,Persona,Perpetrador,Hombre,Sin especificar,Sin especificar,2080A,,null,,,,
IDA4700,2081,Persona,Perpetrador,Hombre,Sin especificar,Político del Estado,"2081A, 2081B",,null,,,,
IDA4701,2082,Persona,Perpetrador,Hombre,Sin especificar,Sin especificar,2082A,,null,,,,
IDA4702,2082,Persona,Víctima,Hombre,Sin especificar,Sin especificar,2082A,,null,,,,
IDA4703,2083,Persona,Perpetrador,Mujer,Sin especificar,Sin especificar,2083A,,null,,,,
IDA4704,2083,Persona,Perpetrador,Hombre,Sin especificar,Sin especificar,2083A,,null,,,,
IDA4705,2083,Persona,Víctima,Hombre,Sin especificar,Sin especificar,2083A,,null,,,,
IDA4706,2084,Persona,Perpetrador,Mujer,Sin especificar,Sin especificar,2084A,,null,,,,
IDA4707,2084,Persona,Perpetrador,Hombre,Sin especificar,Sin especificar,2084A,,null,,,,
IDA4708,2084,Persona,Víctima,Hombre,Sin especificar,Sin especificar,2084A,,null,,,,
IDA4709,2085,Persona,Perpetrador,Mujer,Sin especificar,Sin especificar,2085A,,null,,,,
IDA4710,2085,Persona,Perpetrador,Hombre,Sin especificar,Sin especificar,"2085B, 2085C",,null,,,,
IDA4711,2085,Persona,Víctima,Mujer,Sin especificar,Sin especificar,2085B,,null,,,,
IDA4712,2085,Persona,Perpetrador,Mujer,Sin especificar,Sin especificar,"2085C, 2085B",,null,,,,
IDA4713,2086,Persona,Perpetrador,Hombre,Sin especificar,Sin especificar,2086A,,null,,,,
IDA4714,2086,Persona,Perpetrador,Hombre,Sin especificar,Sin especificar,2086A,,null,,,,
IDA4715,2086,Persona,Víctima,Hombre,Sin especificar,Eclesiástico,2086A,,null,,,,
IDA4716,2087,Persona,Perpetrador,Hombre,Sin especificar,Sin especificar,2087A,,null,,,,
IDA4717,2087,Persona,Víctima,Hombre,Sin especificar,Sin especificar,2087A,,null,,,,
IDA4718,2088,Persona,Perpetrador,Hombre,Sin especificar,Sin especificar,2088A,,null,,,,
IDA4719,2088,Persona,Perpetrador,Hombre,Sin especificar,Sin especificar,2088A,,null,,,,
IDA4720,2088,Persona,Víctima,Indeterminado,Indeterminado,Indeterminado,2088A,1,null,,,,
IDA4721,2089,Persona,Perpetrador,Hombre,Sin especificar,Sin especificar,2089A,,null,,,,
IDA4722,2089,Persona,Víctima,Indeterminado,Indeterminado,Indeterminado,2089A,1,null,,,,
IDA4723,2090,Persona,Perpetrador,Hombre,Sin especificar,Sin especificar,2090A,,null,,,,
IDA4724,2090,Persona,Víctima,Mujer,Sin especificar,Sin especificar,2090A,,null,,,,
IDA4725,2091,Persona,Perpetrador,Hombre,Sin especificar,Sin especificar,2091A,,null,,,,
IDA4726,2091,Persona,Víctima,Hombre,Sin especificar,Sin especificar,2091A,,null,,,,
IDA4727,2092,Persona,Perpetrador,Hombre,Sin especificar,Sin especificar,2092A,,null,,,,
IDA4728,2092,Persona,Víctima,Hombre,Sin especificar,Sin especificar,2092A,,null,,,,
IDA4729,2093,Persona,Perpetrador,Mujer,Sin especificar,Sin especificar,2093A,,null,,,,
IDA4730,2093,Persona,Víctima,Hombre,Sin especificar,Sin especificar,2093A,,null,,,,
IDA4731,2093,Persona,Perpetrador,Hombre,Sin especificar,Sin especificar,2093B,,null,,,,
IDA4732,2093,Persona,Perpetrador,Mujer,Sin especificar,Sin especificar,2093B,,null,,,,
IDA4733,2093,Persona,Perpetrador,Hombre,Sin especificar,Sin especificar,2093A,,null,,,,
IDA4734,2095,Persona,Perpetrador,Mujer,Sin especificar,Sin especificar,2095A,,null,,,,
IDA4735,2095,Persona,Víctima,Indeterminado,Indeterminado,Indeterminado,2095A,1,null,,,,
IDA4736,2095,Persona,Víctima,Indeterminado,Indeterminado,Indeterminado,2095A,1,null,,,,
IDA4737,2096,Persona,Perpetrador,Hombre,Sin especificar,Sin especificar,2096A,,null,,,,
IDA4738,2096,Persona,Víctima,Hombre,Sin especificar,Sin especificar,2096A,,null,,,,
IDA4739,2097,Persona,Perpetrador,Hombre,Sin especificar,Sin especificar,2097A,,null,,,,
IDA4740,2097,Persona,Víctima,Mujer,Sin especificar,Sin especificar,2097A,,null,,,,
IDA4741,2098,Persona,Perpetrador,Hombre,Sin especificar,Sin especificar,2098A,,null,,,,
IDA4742,2099,Persona,Perpetrador,Hombre,Sin especificar,Sin especificar,2099A,,null,,,,
IDA4743,2099,Persona,Víctima,Hombre,Sin especificar,Sin especificar,2099A,,null,,,,
IDA4744,2100,Persona,Perpetrador,Hombre,Sin especificar,Sin especificar,2100A,,null,,,,
IDA4745,2100,Persona,Víctima,Indeterminado,Indeterminado,Indeterminado,2100A,1,null,,,,
IDA4746,2101,Persona,Perpetrador,Hombre,Sin especificar,Sin especificar,2101A,,null,,,,
IDA4747,2101,Persona,Perpetrador,Hombre,Sin especificar,Sin especificar,2101A,,null,,,,
IDA4748,2102,Persona,Perpetrador,Hombre,Sin especificar,Sin especificar,2102A,,null,,,,
IDA4749,2102,Persona,Perpetrador,Hombre,Sin especificar,Sin especificar,2102A,,null,,,,
IDA4750,2102,Persona,Víctima,Indeterminado,Indeterminado,Indeterminado,2102A,1,null,,,,
IDA4751,2103,Persona,Perpetrador,Hombre,Sin especificar,Sin especificar,2103A,,null,,,,
IDA4752,2103,Persona,Perpetrador,Hombre,Sin especificar,Sin especificar,2103A,,null,,,,
IDA4753,2104,Persona,Perpetrador,Hombre,Sin especificar,Sin especificar,"2104A, 2104B",,null,,,,
IDA4754,2104,Persona,Víctima,Hombre,Sin especificar,Político del Estado,"2104A, 2104B",,null,,,,
IDA4755,2105,Persona,Perpetrador,Mujer,Sin especificar,Sin especificar,2105A,,null,,,,
IDA4756,2105,Persona,Víctima,Hombre,Sin especificar,Sin especificar,"2105A, 2105B",,null,,,,
IDA4757,2105,Persona,Perpetrador,Hombre,Sin especificar,Sin especificar,2105B,,null,,,,
IDA4758,2106,Persona,Perpetrador,Hombre,Sin especificar,Sin especificar,2106A,1,null,,,,
IDA4759,2106,Persona,Perpetrador,Hombre,Sin especificar,Sin especificar,2106A,1,null,,,,
IDA4760,2106,Persona,Perpetrador,Indeterminado,Indeterminado,Indeterminado,2106A,1,null,,,,
IDA4761,2106,Persona,Perpetrador,Indeterminado,Indeterminado,Indeterminado,2106A,1,null,,,,
IDA4762,2106,Persona,Víctima,Indeterminado,Indeterminado,Indeterminado,2106A,1,null,,,,
IDA4763,2107,Persona,Perpetrador,Hombre,Sin especificar,Político del Estado,2107A,,null,,,,
IDA4764,2107,Persona,Perpetrador,Hombre,Sin especificar,Político del Estado,2107A,,null,,,,
IDA4765,2107,Persona,Perpetrador,Hombre,Sin especificar,Político del Estado,2107A,,null,,,,
IDA4766,2107,Persona,Víctima,Hombre,Sin especificar,Sin especificar,2107A,,null,,,,
IDA4767,2108,Persona,Perpetrador,Hombre,Sin especificar,Político del Estado,2108A,,null,,,,
IDA4768,2108,Persona,Perpetrador,Hombre,Sin especificar,Político del Estado,2108A,,null,,,,
IDA4769,2108,Persona,Perpetrador,Hombre,Sin especificar,Político del Estado,2108A,,null,,,,
IDA4770,2108,Persona,Víctima,Hombre,Sin especificar,Sin especificar,2108A,,null,,,,
IDA4771,2109,Persona,Perpetrador,Hombre,Sin especificar,Sin especificar,2109A,,null,,,,
IDA4772,2109,Persona,Perpetrador,Hombre,Sin especificar,Sin especificar,2109A,,null,,,,
IDA4773,2111,Persona,Perpetrador,Mujer,Sin especificar,Sin especificar,2111A,,null,,,,
IDA4774,2111,Persona,Víctima,Hombre,Sin especificar,Sin especificar,2111A,,null,,,,
IDA4775,2111,Persona,Perpetrador,Hombre,Sin especificar,Sin especificar,2111A,,null,,,,
IDA4776,2112,Persona,Perpetrador,Hombre,Sin especificar,Político del Estado,"2112A, 2112B",1,null,,,,
IDA4777,2112,Persona,Perpetrador,Indeterminado,Indeterminado,Indeterminado,"2112A, 2112B",1,null,,,,
IDA4778,2112,Persona,Perpetrador,Indeterminado,Indeterminado,Indeterminado,"2112A, 2112B",1,null,,,,
IDA4779,2112,Persona,Víctima,Hombre,Sin especificar,Eclesiástico,"2112A, 2112B",,null,,,,
IDA4780,2113,Persona,Perpetrador,Hombre,Sin especificar,Sin especificar,2113A,1,null,,,,
IDA4781,2113,Persona,Perpetrador,Hombre,Sin especificar,Sin especificar,2113A,1,null,,,,
IDA4782,2113,Persona,Perpetrador,Hombre,Sin especificar,Sin especificar,2113A,1,null,,,,
IDA4783,2113,Persona,Perpetrador,Indeterminado,Indeterminado,Indeterminado,2113A,1,null,,,,
IDA4784,2113,Persona,Perpetrador,Indeterminado,Indeterminado,Indeterminado,2113A,1,null,,,,
IDA4785,2114,Persona,Perpetrador,Hombre,Sin especificar,Sin especificar,"2114A, 2114B",,null,,,,
IDA4786,2114,Persona,Víctima,Mujer,Sin especificar,Sin especificar,"2114A, 2114B",,null,,,,
IDA4787,2115,Persona,Perpetrador,Mujer,Sin especificar,Sin especificar,2115A,,null,,,,
IDA4788,2115,Persona,Víctima,Hombre,Sin especificar,Sin especificar,2115A,,null,,,,
IDA4789,2116,Persona,Perpetrador,Hombre,Sin especificar,Sin especificar,2116A,,null,,,,
IDA4790,2116,Persona,Víctima,Hombre,Sin especificar,Sin especificar,2116A,,null,,,,
IDA4791,2117,Persona,Perpetrador,Hombre,Sin especificar,Sin especificar,2117A,,null,,,,
IDA4792,2117,Persona,Víctima,Hombre,Sin especificar,Sin especificar,2117A,,null,,,,
IDA4793,2118,Persona,Perpetrador,Hombre,Sin especificar,Sin especificar,2118A,,null,,,,
IDA4794,2118,Persona,Perpetrador,Hombre,Sin especificar,Sin especificar,2118A,,null,,,,
IDA4795,2118,Persona,Cómplice,Mujer,Sin especificar,Sin especificar,2118A,,null,,,,
IDA4796,2118,Persona,Perpetrador,Mujer,Sin especificar,Sin especificar,2118A,,null,,,,
IDA4797,2118,Persona,Víctima,Indeterminado,Indeterminado,Indeterminado,2118A,1,null,,,,
IDA4798,2119,Persona,Perpetrador,Hombre,Sin especificar,Sin especificar,"2119A, 2119B",,null,,,,
IDA4799,2119,Persona,Perpetrador,Hombre,Sin especificar,Sin especificar,"2119A, 2119B",,null,,,,
IDA4800,2119,Persona,Víctima,Hombre,Sin especificar,Sin especificar,"2119A, 2119B",,null,,,,
IDA4801,2120,Persona,Perpetrador,Hombre,Sin especificar,Sin especificar,2120A,,null,,,,
IDA4802,2121,Persona,Perpetrador,Hombre,Sin especificar,Sin especificar,2121A,,null,,,,
IDA4803,2121,Persona,Perpetrador,Hombre,Sin especificar,Sin especificar,2121A,,null,,,,
IDA4804,2121,Persona,Víctima,Hombre,Sin especificar,Sin especificar,2121A,,null,,,,
IDA4805,2122,Persona,Perpetrador,Hombre,Sin especificar,Sin especificar,2122A,,null,,,,
IDA4806,2122,Persona,Víctima,Indeterminado,Indeterminado,Indeterminado,2122A,1,null,,,,
IDA4807,2123,Persona,Perpetrador,Hombre,Sin especificar,Sin especificar,2123A,,null,,,,
IDA4808,2123,Persona,Perpetrador,Hombre,Sin especificar,Sin especificar,2123A,,null,,,,
IDA4809,2123,Persona,Perpetrador,Hombre,Sin especificar,Sin especificar,2123A,,null,,,,
IDA4810,2123,Persona,Víctima,Mujer,Sin especificar,Sin especificar,2123A,,null,,,,
IDA4811,2124,Persona,Perpetrador,Mujer,Sin especificar,Sin especificar,2124A,,null,,,,
IDA4812,2124,Persona,Perpetrador,Hombre,Sin especificar,Sin especificar,2124A,,null,,,,
IDA4813,2125,Persona,Perpetrador,Mujer,Sin especificar,Sin especificar,"2125A, 2125B",,null,,,,
IDA4814,2125,Persona,Perpetrador,Mujer,Sin especificar,Sin especificar,"2125A, 2125B",,null,,,,
IDA4815,2125,Persona,Víctima,Indeterminado,Indeterminado,Indeterminado,"2125A, 2125B",1,null,,,,
IDA4816,2126,Persona,Perpetrador,Mujer,Sin especificar,Sin especificar,2126A,,null,,,,
IDA4817,2126,Persona,Perpetrador,Hombre,Sin especificar,Sin especificar,2126A,,null,,,,
IDA4818,2127,Persona,Perpetrador,Mujer,Sin especificar,Sin especificar,2127A,,null,,,,
IDA4819,2127,Persona,Perpetrador,Mujer,Sin especificar,Sin especificar,2127A,,null,,,,
IDA4820,2127,Persona,Perpetrador,Mujer,Sin especificar,Sin especificar,2127A,,null,,,,
IDA4821,2127,Persona,Víctima,Mujer,Sin especificar,Sin especificar,2127A,,null,,,,
IDA4822,2128,Persona,Perpetrador,Hombre,Sin especificar,Sin especificar,"2128A, 2128B",,null,,,,
IDA4823,2128,Persona,Perpetrador,Mujer,Sin especificar,Sin especificar,"2128A, 2128B",,null,,,,
IDA4824,2128,Persona,Víctima,Hombre,Sin especificar,Sin especificar,2128B,,null,,,,
IDA4825,2129,Persona,Perpetrador,Mujer,Sin especificar,Sin especificar,2129A,,null,,,,
IDA4826,2131,Persona,Perpetrador,Hombre,Sin especificar,Sin especificar,2131A,,null,,,,
IDA4827,2131,Persona,Víctima,Hombre,Sin especificar,Sin especificar,2131A,,null,,,,
IDA4828,2132,Persona,Perpetrador,Mujer,Sin especificar,Sin especificar,2132A,,null,,,,
IDA4829,2132,Persona,Perpetrador,Mujer,Sin especificar,Sin especificar,2132A,,null,,,,
IDA4830,2133,Persona,Perpetrador,Hombre,Sin especificar,Sin especificar,2133A,,null,,,,
IDA4831,2133,Persona,Víctima,Indeterminado,Indeterminado,Indeterminado,2133A,1,null,,,,
IDA4832,2134,Persona,Perpetrador,Hombre,Indígenas,Sin especificar,2134A,,null,,,,
IDA4833,2134,Persona,Perpetrador,Hombre,Indígenas,Sin especificar,2134A,,null,,,,
IDA4834,2134,Persona,Perpetrador,Hombre,Indígenas,Sin especificar,2134A,,null,,,,
IDA4835,2134,Persona,Perpetrador,Hombre,Indígenas,Sin especificar,2134A,,null,,,,
IDA4836,2134,Persona,Perpetrador,Hombre,Indígenas,Sin especificar,2134A,,null,,,,
IDA4837,2134,Institución,Víctima,null,null,null,2134A,,La autoridad,,,,
IDA4838,2135,Población Indígena Completa,Perpetrador,null,null,null,2135A,,null,,,,
IDA4839,2135,Persona,Víctima,Hombre,Sin especificar,Eclesiástico,2135A,,null,,,,
IDA4840,2136,Persona,Perpetrador,Hombre,Sin especificar,Político del Estado,2136A,,null,,,,
IDA4841,2136,Persona,Perpetrador,Hombre,Sin especificar,Eclesiástico,2136A,,null,,,,
IDA4842,2136,Población Indígena Completa,Víctima,null,null,null,2136A,,null,,,,
IDA4843,2137,Persona,Perpetrador,Hombre,Indígenas,Sin especificar,2137A,,null,,,,
IDA4844,2137,Persona,Víctima,Indeterminado,Indeterminado,Indeterminado,2137A,1,null,,,,
IDA4845,2138,Persona,Perpetrador,Hombre,Sin especificar,Sin especificar,"2138A, 2138B, 2138C",,null,,,,
IDA4846,2138,Población Indígena Completa,Víctima,null,null,null,"2138A, 2138B, 2138C",,null,,,,
IDA4847,2139,Persona,Perpetrador,Hombre,Sin especificar,Político del Estado,2139A,,null,,,,
IDA4848,2139,Persona,Víctima,Hombre,Sin especificar,Político del Estado,2139A,,null,,,,
IDA4849,2140,Persona,Perpetrador,Hombre,Sin especificar,Sin especificar,2140A,,null,,,,
IDA4850,2140,Población Indígena Completa,Víctima,null,null,null,2140A,,null,,,,
IDA4851,2141,Persona,Perpetrador,Hombre,Indígenas,Sin especificar,2141A,,null,,,,
IDA4852,2141,Persona,Víctima,Hombre,Sin especificar,Sin especificar,2141A,,null,,,,
IDA4853,2142,Persona,Perpetrador,Hombre,Sin especificar,Político del Estado,2142A,,null,,,,
IDA4854,2142,Persona,Perpetrador,Hombre,Sin especificar,Eclesiástico,2142A,,null,,,,
IDA4855,2142,Población Indígena Completa,Víctima,null,null,null,2142A,,null,,,,
IDA4856,2143,Persona,Perpetrador,Mujer,Sin especificar,Sin especificar,2143A,,null,,,,
IDA4857,2143,Persona,Perpetrador,Hombre,Sin especificar,Político del Estado,2143A,,null,,,,
IDA4858,2144,Persona,Perpetrador,Hombre,Sin especificar,Sin especificar,2144A,,null,,,,
IDA4859,2144,Población Indígena Completa,Víctima,null,null,null,2144A,,null,,,,
IDA4860,2145,Persona,Perpetrador,Hombre,Sin especificar,Político del Estado,2145A,,null,,,,
IDA4861,2145,Persona,Víctima,Hombre,Sin especificar,Político del Estado,2145A,,null,,,,
IDA4862,2146,Persona,Perpetrador,Hombre,Sin especificar,Político del Estado,2146A,,null,,,,
IDA4863,2146,Persona,Víctima,Hombre,Sin especificar,Político del Estado,2146A,1,null,,,,
IDA4864,2147,Población Indígena Completa,Perpetrador,null,null,null,"2147A, 2147B",,null,,,,
IDA4865,2147,Persona,Víctima,Hombre,Sin especificar,Político del Estado,2147B,,null,,,,
IDA4866,2148,Persona,Perpetrador,Hombre,Sin especificar,Político del Estado,2148A,,null,,,,
IDA4867,2148,Población Indígena Completa,Víctima,null,null,null,2148A,,null,,,,
IDA4868,2149,Persona,Perpetrador,Hombre,Indígenas,Sin especificar,2149A,,null,,,,
IDA4869,2149,Persona,Víctima,Indeterminado,Indeterminado,Indeterminado,2149A,1,null,,,,
IDA4870,2150,Persona,Perpetrador,Hombre,Sin especificar,Político del Estado,2150A,,null,,,,
IDA4871,2150,Persona,Víctima,Mujer,Sin especificar,Sin especificar,2150A,,null,,,,
IDA4872,2151,Persona,Perpetrador,Hombre,Sin especificar,Político del Estado,2151A,,null,,,,
IDA4873,2151,Persona,Víctima,Mujer,Sin especificar,Sin especificar,2151A,,null,,,,
IDA4874,2152,Persona,Perpetrador,Hombre,Sin especificar,Político del Estado,2152A,,null,,,,
IDA4875,2152,Población Indígena Completa,Víctima,null,null,null,2152A,,null,,,,
IDA4876,2155,Población Indígena Completa,Perpetrador,null,null,null,2155A,,null,,,,
IDA4877,2155,Institución,Víctima,null,null,null,2155A,,La autoridad,,,,
IDA4878,2156,Población Indígena Completa,Perpetrador,null,null,null,2156A,,null,,,,
IDA4879,2156,Institución,Víctima,null,null,null,2156A,,La autoridad,,,,
IDA4880,2159,Persona,Perpetrador,Hombre,Indígenas,Sin especificar,2159A,,null,,,,
IDA4881,2159,Persona,Perpetrador,Hombre,Indígenas,Sin especificar,2159A,,null,,,,
IDA4882,2159,Persona,Víctima,Indeterminado,Indeterminado,Indeterminado,2159A,1,null,,,,
IDA4883,2160,Persona,Perpetrador,Hombre,Sin especificar,Sin especificar,2160A,,null,,,,
IDA4884,2160,Persona,Víctima,Hombre,Indígenas,Sin especificar,2160A,,null,,,,
IDA4885,2161,Persona,Perpetrador,Hombre,Sin especificar,Sin especificar,"2161A, 2161B",,null,,,,
IDA4886,2161,Persona,Víctima,Hombre,Sin especificar,Sin especificar,"2161A, 2161B",,null,,,,
IDA4887,2162,Persona,Perpetrador,Hombre,Sin especificar,Sin especificar,2162A,,null,,,,
IDA4888,2162,Persona,Perpetrador,Hombre,Sin especificar,Sin especificar,2162A,,null,,,,
IDA4889,2162,Persona,Perpetrador,Mujer,Sin especificar,Sin especificar,2162A,,null,,,,
IDA4890,2162,Persona,Víctima,Hombre,Sin especificar,Sin especificar,2162A,,null,,,,
IDA4891,2163,Persona,Perpetrador,Hombre,Sin especificar,Sin especificar,2163A,,null,,,,
IDA4892,2163,Persona,Víctima,Hombre,Sin especificar,Político del Estado,2163A,,null,,,,
IDA4893,2164,Persona,Perpetrador,Hombre,Sin especificar,Sin especificar,2164A,,null,,,,
IDA4894,2164,Persona,Perpetrador,Hombre,Sin especificar,Sin especificar,2164A,,null,,,,
IDA4895,2164,Persona,Víctima,Indeterminado,Indeterminado,Indeterminado,2164A,1,null,,,,
IDA4896,2165,Persona,Perpetrador,Hombre,Sin especificar,Sin especificar,2165A,,null,,,,
IDA4897,2165,Persona,Perpetrador,Hombre,Sin especificar,Sin especificar,2165A,,null,,,,
IDA4898,2165,Persona,Perpetrador,Hombre,Sin especificar,Sin especificar,2165A,,null,,,,
IDA4899,2166,Persona,Perpetrador,Hombre,Sin especificar,Político del Estado,2166A,1,null,,,,
IDA4900,2166,Persona,Perpetrador,Hombre,Sin especificar,Político del Estado,2166A,1,null,,,,
IDA4901,2166,Persona,Perpetrador,Hombre,Sin especificar,Político del Estado,2166A,1,null,,,,
IDA4902,2166,Persona,Perpetrador,Hombre,Sin especificar,Político del Estado,2166A,1,null,,,,
IDA4903,2166,Persona,Perpetrador,Hombre,Sin especificar,Político del Estado,2166A,1,null,,,,
IDA4904,2167,Persona,Perpetrador,Hombre,Sin especificar,Político del Estado,2167A,1,null,,,,
IDA4905,2167,Persona,Perpetrador,Hombre,Sin especificar,Político del Estado,2167A,1,null,,,,
IDA4906,2167,Persona,Víctima,Indeterminado,Indeterminado,Indeterminado,2167A,1,null,,,,
IDA4907,2167,Persona,Perpetrador,Hombre,Sin especificar,Político del Estado,2167A,1,null,,,,
IDA4908,2167,Persona,Perpetrador,Hombre,Sin especificar,Político del Estado,2167A,1,null,,,,
IDA4909,2168,Persona,Perpetrador,Hombre,Sin especificar,Sin especificar,2168A,,null,,,,
IDA4910,2168,Persona,Víctima,Hombre,Sin especificar,Sin especificar,2168A,,null,,,,
IDA4911,2169,Persona,Perpetrador,Hombre,Sin especificar,Sin especificar,2169A,,null,,,,
IDA4912,2169,Persona,Víctima,Hombre,Sin especificar,Sin especificar,2169A,,null,,,,
IDA4913,2170,Persona,Perpetrador,Hombre,Sin especificar,Sin especificar,2170A,,null,,,,
IDA4914,2170,Persona,Víctima,Mujer,Sin especificar,Sin especificar,2170A,,null,,,,
IDA4915,2171,Persona,Perpetrador,Hombre,Sin especificar,Sin especificar,2171A,,null,,,,
IDA4916,2171,Persona,Víctima,Hombre,Sin especificar,Sin especificar,2171A,,null,,,,
IDA4917,2172,Persona,Perpetrador,Hombre,Sin especificar,Sin especificar,2172A,,null,,,,
IDA4918,2172,Persona,Víctima,Hombre,Sin especificar,Sin especificar,2172A,,null,,,,
IDA4919,2174,Persona,Perpetrador,Hombre,Sin especificar,Sin especificar,2174A,,null,,,,
IDA4920,2175,Persona,Perpetrador,Hombre,Negro libre/mulato,Sin especificar,2175A,,null,,,,
IDA4921,2175,Persona,Víctima,Mujer,Sin especificar,Sin especificar,2175A,,null,,,,
IDA4922,2176,Persona,Perpetrador,Hombre,Sin especificar,Sin especificar,2176A,,null,,,,
IDA4923,2176,Persona,Víctima,Hombre,Sin especificar,Sin especificar,2176A,,null,,,,
IDA4924,2177,Persona,Perpetrador,Hombre,Sin especificar,Sin especificar,2177A,,null,,,,
IDA4925,2177,Persona,Perpetrador,Mujer,Sin especificar,Sin especificar,2177A,,null,,,,
IDA4926,2177,Persona,Víctima,Hombre,Sin especificar,Eclesiástico,2177A,,null,,,,
IDA4927,2178,Persona,Perpetrador,Hombre,Sin especificar,Sin especificar,2178A,,null,,,,
IDA4928,2178,Persona,Víctima,Hombre,Sin especificar,Sin especificar,2178A,,null,,,,
IDA4929,2179,Persona,Perpetrador,Hombre,Sin especificar,Sin especificar,2179A,,null,,,,
IDA4930,2180,Persona,Perpetrador,Hombre,Sin especificar,Sin especificar,"2180A, 2180B",,null,,,,
IDA4931,2180,Persona,Perpetrador,Hombre,Sin especificar,Sin especificar,"2180A, 2180B",,null,,,,
IDA4932,2180,Persona,Víctima,Hombre,Sin especificar,Sin especificar,"2180A, 2180B",,null,,,,
IDA4933,2181,Persona,Perpetrador,Hombre,Sin especificar,Sin especificar,2181A,,null,,,,
IDA4934,2181,Persona,Perpetrador,Mujer,Sin especificar,Sin especificar,2181A,,null,,,,
IDA4935,2182,Persona,Perpetrador,Hombre,Sin especificar,Sin especificar,2182A,,null,,,,
IDA4936,2182,Persona,Víctima,Hombre,Sin especificar,Sin especificar,2182A,,null,,,,
IDA4937,2182,Persona,Víctima,Hombre,Sin especificar,Sin especificar,2182A,,null,,,,
IDA4938,2183,Persona,Perpetrador,Hombre,Sin especificar,Sin especificar,2183A,,null,,,,
IDA4939,2183,Persona,Víctima,Hombre,Sin especificar,Sin especificar,2183A,,null,,,,
IDA4940,2185,Persona,Perpetrador,Hombre,Sin especificar,Sin especificar,2185A,,null,,,,
IDA4941,2185,Persona,Víctima,Hombre,Sin especificar,Político del Estado,2185A,,null,,,,
IDA4942,2186,Persona,Perpetrador,Hombre,Sin especificar,Sin especificar,2186A,,null,,,,
IDA4943,2186,Persona,Víctima,Hombre,Sin especificar,Sin especificar,2186A,,null,,,,
IDA4944,2187,Persona,Perpetrador,Hombre,Sin especificar,Político del Estado,2187A,,null,,,,
IDA4945,2187,Persona,Víctima,Hombre,Sin especificar,Sin especificar,2187A,,null,,,,
IDA4946,2188,Persona,Perpetrador,Mujer,Sin especificar,Sin especificar,2188A,,null,,,,
IDA4947,2188,Institución,Víctima,null,null,null,2188A,,La justicia/jueces,,,,
IDA4948,2189,Persona,Perpetrador,Hombre,Sin especificar,Sin especificar,2189A,,null,,,,
IDA4949,2189,Persona,Víctima,Hombre,Sin especificar,Sin especificar,2189A,,null,,,,
IDA4950,2190,Persona,Perpetrador,Hombre,Sin especificar,Sin especificar,2190A,,null,,,,
IDA4951,2190,Persona,Víctima,Mujer,Sin especificar,Sin especificar,2190A,,null,,,,
IDA4952,2191,Persona,Perpetrador,Hombre,Sin especificar,Sin especificar,2191A,,null,,,,
IDA4953,2191,Persona,Perpetrador,Mujer,Sin especificar,Sin especificar,2191A,,null,,,,
IDA4954,2191,Persona,Perpetrador,Mujer,Sin especificar,Sin especificar,2191D,,null,,,,
IDA4955,2191,Persona,Perpetrador,Mujer,Sin especificar,Sin especificar,2191D,,null,,,,
IDA4956,2191,Persona,Perpetrador,Hombre,Sin especificar,Sin especificar,2191A,,null,,,,
IDA4957,2191,Persona,Perpetrador,Mujer,Sin especificar,Sin especificar,2191A,,null,,,,
IDA4958,2192,Persona,Perpetrador,Hombre,Esclavo,Sin especificar,2192A,,null,,,,
IDA4959,2192,Persona,Víctima,Indeterminado,Indeterminado,Indeterminado,2192A,1,null,,,,
IDA4960,2192,Persona,Perpetrador,Hombre,Esclavo,Sin especificar,2192A,,null,,,,
IDA4961,2193,Persona,Perpetrador,Hombre,Sin especificar,Sin especificar,2193A,,null,,,,
IDA4962,2193,Persona,Víctima,Hombre,Sin especificar,Sin especificar,2193A,,null,,,,
IDA4963,2193,Persona,Víctima,Hombre,Sin especificar,Sin especificar,2193A,,null,,,,
IDA4964,2194,Persona,Perpetrador,Hombre,Sin especificar,Político del Estado,"2194A, 2194B",,null,,,,
IDA4965,2196,Persona,Perpetrador,Hombre,Sin especificar,Sin especificar,2196A,,null,,,,
IDA4966,2196,Persona,Perpetrador,Mujer,Sin especificar,Sirviente/lacayo,2196A,,null,,,,
IDA4967,2197,Persona,Perpetrador,Hombre,Sin especificar,Sin especificar,"2197A, 2197B",,null,,,,
IDA4968,2197,Persona,Perpetrador,Mujer,Sin especificar,Sin especificar,"2197A, 2197B",,null,,,,
IDA4969,2197,Persona,Víctima,Mujer,Sin especificar,Sin especificar,2197B,,null,,,,
IDA4970,2198,Persona,Perpetrador,Hombre,Sin especificar,Sin especificar,2198A,,null,,,,
IDA4971,2198,Persona,Perpetrador,Hombre,Sin especificar,Sin especificar,2198A,,null,,,,
IDA4972,2198,Persona,Víctima,Hombre,Sin especificar,Sin especificar,2198A,,null,,,,
IDA4973,2200,Persona,Perpetrador,Hombre,Sin especificar,Sin especificar,2200A,,null,,,,
IDA4974,2200,Persona,Víctima,Hombre,Sin especificar,Eclesiástico,2200A,,null,,,,
IDA4975,2202,Persona,Perpetrador,Hombre,Sin especificar,Sin especificar,2202A,,null,,,,
IDA4976,2202,Persona,Víctima,Indeterminado,Indeterminado,Indeterminado,2202A,1,null,,,,
IDA4977,2203,Persona,Perpetrador,Hombre,Sin especificar,Político del Estado,2203A,,null,,,,
IDA4978,2203,Persona,Perpetrador,Hombre,Sin especificar,Político del Estado,2203A,,null,,,,
IDA4979,2203,Institución,Víctima,null,null,null,2203A,,La autoridad,,,,
IDA4980,2204,Persona,Perpetrador,Hombre,Sin especificar,Sin especificar,2204A,,null,,,,
IDA4981,2204,Persona,Víctima,Hombre,Sin especificar,Político del Estado,2204A,,null,,,,
IDA4982,2205,Persona,Perpetrador,Hombre,Sin especificar,Sin especificar,2205A,,null,,,,
IDA4983,2205,Persona,Víctima,Hombre,Sin especificar,Político del Estado,2205A,,null,,,,
IDA4984,2206,Persona,Perpetrador,Hombre,Sin especificar,Político del Estado,2206A,,null,,,,
IDA4985,2211,Población Completa,Perpetrador,null,null,null,2211A,,null,,,,
IDA4986,2211,Persona,Víctima,Hombre,Sin especificar,Político del Estado,2211A,,null,,,,
IDA4987,2212,Persona,Perpetrador,Hombre,Sin especificar,Sin especificar,2212A,,null,,,,
IDA4988,2212,Institución,Víctima,null,null,null,2212A,,La justicia/jueces,,,,
IDA4989,2213,Persona,Perpetrador,Hombre,Sin especificar,Sin especificar,2213A,,null,,,,
IDA4990,2213,Persona,Perpetrador,Hombre,Sin especificar,Sin especificar,2213A,,null,,,,
IDA4991,2214,Persona,Perpetrador,Hombre,Sin especificar,Sin especificar,2214A,,null,,,,
IDA4992,2214,Persona,Víctima,Mujer,Sin especificar,Sin especificar,2214A,,null,,,,
IDA4993,2215,Persona,Perpetrador,Hombre,Sin especificar,Sin especificar,2215A,,null,,,,
IDA4994,2215,Persona,Perpetrador,Hombre,Sin especificar,Sin especificar,2215A,,null,,,,
IDA4995,2215,Persona,Víctima,Indeterminado,Indeterminado,Indeterminado,2215A,1,null,,,,
IDA4996,2216,Persona,Perpetrador,Hombre,Sin especificar,Sin especificar,2216A,,null,,,,
IDA4997,2216,Persona,Víctima,Hombre,Sin especificar,Sin especificar,2216A,,null,,,,
IDA4998,2217,Persona,Perpetrador,Hombre,Sin especificar,Sin especificar,"2217A, 2217B",,null,,,,
IDA4999,2217,Persona,Víctima,Mujer,Sin especificar,Sin especificar,"2217A, 2217B",,null,,,,
IDA5000,2217,Persona,Víctima,Mujer,Sin especificar,Sin especificar,2217B,,null,,,,
IDA5001,2218,Persona,Perpetrador,Hombre,Sin especificar,Sin especificar,2218A,,null,,,,
IDA5002,2219,Persona,Perpetrador,Hombre,Sin especificar,Sin especificar,2219A,,null,,,,
IDA5003,2219,Persona,Víctima,Hombre,Sin especificar,Sin especificar,2219A,,null,,,,
IDA5004,2220,Persona,Perpetrador,Mujer,Sin especificar,Sin especificar,2220A,,null,,,,
IDA5005,2220,Persona,Víctima,Mujer,Sin especificar,Sin especificar,2220A,,null,,,,
IDA5006,2221,Persona,Perpetrador,Hombre,Sin especificar,Sin especificar,2221A,,null,,,,
IDA5007,2221,Persona,Perpetrador,Hombre,Sin especificar,Sin especificar,2221A,,null,,,,
IDA5008,2222,Persona,Perpetrador,Hombre,Sin especificar,Sin especificar,2222A,,null,,,,
IDA5009,2222,Persona,Víctima,Indeterminado,Indeterminado,Indeterminado,2222A,1,null,,,,
IDA5010,2223,Persona,Perpetrador,Hombre,Sin especificar,Sin especificar,2223A,,null,,1,,
IDA5011,2223,Persona,Víctima,Hombre,Sin especificar,Sin especificar,"2223A, 2223B, 2223C",,null,,1,,
IDA5012,2223,Persona,Perpetrador,Hombre,Sin especificar,Político del Estado,"2223B, 2223C",,null,,1,,
IDA5013,2224,Persona,Perpetrador,Hombre,Sin especificar,Sin especificar,"2224A, 2224B, 2224C",,null,,,,
IDA5014,2224,Persona,Víctima,Mujer,Indígenas,Sin especificar,"2224A, 2224B",,null,,,,
IDA5015,2224,Persona,Perpetrador,Mujer,Indígenas,Sin especificar,2224C,,null,,,,
IDA5016,2224,Persona,Perpetrador,Mujer,Indígenas,Sin especificar,2224C,,null,,,,
IDA5017,2224,Persona,Perpetrador,Hombre,Sin especificar,Sin especificar,"2224B, 2224C, 2224A",,null,,,,
IDA5018,2224,Persona,Víctima,Mujer,Indígenas,Sin especificar,"2224B, 2224A",,null,,,,
IDA5019,2224,Persona,Perpetrador,Mujer,Indígenas,Sin especificar,2224C,,null,,,,
IDA5020,2224,Persona,Perpetrador,Mujer,Indígenas,Sin especificar,2224C,,null,,,,
IDA5021,2225,Persona,Perpetrador,Hombre,Sin especificar,Sin especificar,2225A,,null,,,,
IDA5022,2225,Persona,Víctima,Hombre,Sin especificar,Sin especificar,2225A,,null,,,,
IDA5023,2226,Persona,Perpetrador,Hombre,Sin especificar,Sin especificar,2226A,,null,,,,
IDA5024,2226,Persona,Víctima,Indeterminado,Indeterminado,Indeterminado,2226A,1,null,,,,
IDA5025,2227,Persona,Perpetrador,Hombre,Sin especificar,Sin especificar,2227A,,null,,,,
IDA5026,2227,Persona,Víctima,Indeterminado,Indeterminado,Indeterminado,2227A,1,null,,,,
IDA5027,2227,Persona,Perpetrador,Mujer,Sin especificar,Sin especificar,2227A,,null,,,,
IDA5028,2228,Persona,Perpetrador,Hombre,Sin especificar,Sin especificar,2228A,,null,,,,
IDA5029,2228,Persona,Víctima,Mujer,Sin especificar,Sin especificar,2228A,,null,,,,
IDA5030,2229,Persona,Perpetrador,Mujer,Sin especificar,Sin especificar,2229A,,null,,,,
IDA5031,2229,Persona,Víctima,Hombre,Sin especificar,Sin especificar,2229A,,null,,,,
IDA5032,2230,Persona,Perpetrador,Mujer,Sin especificar,Sin especificar,2230A,,null,,,,
IDA5033,2230,Persona,Víctima,Mujer,Sin especificar,Sin especificar,2230A,,null,,,,
IDA5034,2232,Persona,Perpetrador,Hombre,Sin especificar,Sin especificar,2232A,,null,,,,
IDA5035,2232,Persona,Perpetrador,Hombre,Sin especificar,Sin especificar,2232A,,null,,,,
IDA5036,2234,Persona,Perpetrador,Hombre,Sin especificar,Sin especificar,2234A,,null,,,,
IDA5037,2234,Persona,Víctima,Mujer,Sin especificar,Sin especificar,2234A,,null,,,,
IDA5038,2235,Persona,Perpetrador,Hombre,Sin especificar,Político del Estado,2235A,,null,,,,
IDA5039,2235,Persona,Perpetrador,Mujer,Sin especificar,Sin especificar,2235A,,null,,,,
IDA5040,2235,Persona,Perpetrador,Mujer,Sin especificar,Sin especificar,2235B,,null,,,,
IDA5041,2235,Persona,Víctima,Hombre,Sin especificar,Sin especificar,2235B,,null,,,,
IDA5042,2235,Persona,Perpetrador,Hombre,Sin especificar,Político del Estado,2235B,,null,,,,
IDA5043,2236,Persona,Perpetrador,Hombre,Sin especificar,Sin especificar,2236A,,null,,,,
IDA5044,2236,Persona,Víctima,Hombre,Sin especificar,Sin especificar,2236A,,null,,,,
IDA5045,2237,Persona,Perpetrador,Hombre,Sin especificar,Sin especificar,"2237A, 2237B",,null,,,,
IDA5046,2237,Persona,Víctima,Indeterminado,Indeterminado,Indeterminado,"2237A, 2237B",1,null,,,,
IDA5047,2238,Persona,Perpetrador,Hombre,Sin especificar,Sin especificar,2238A,,null,,,,
IDA5048,2238,Persona,Víctima,Hombre,Sin especificar,Sin especificar,2238A,,null,,,,
IDA5049,2239,Persona,Perpetrador,Mujer,Sin especificar,Sin especificar,2239A,,null,,,,
IDA5050,2239,Persona,Perpetrador,Hombre,Sin especificar,Sin especificar,2239A,,null,,,,
IDA5051,2239,Persona,Perpetrador,Hombre,Sin especificar,Sin especificar,"2239B, 2239C",,null,,,,
IDA5052,2239,Persona,Víctima,Mujer,Sin especificar,Sin especificar,2239B,,null,,,,
IDA5053,2239,Institución,Víctima,null,null,null,2239C,,La autoridad,,,,
IDA5054,2239,Persona,Perpetrador,Mujer,Sin especificar,Sin especificar,2239B,,null,,,,
IDA5055,2240,Persona,Perpetrador,Hombre,Sin especificar,Sin especificar,2240A,,null,,,,
IDA5056,2240,Persona,Víctima,Mujer,Sin especificar,Sirviente/lacayo,2240A,,null,,,,
IDA5057,2241,Persona,Perpetrador,Hombre,Sin especificar,Sin especificar,"2241A, 2241B",,null,,,,
IDA5058,2241,Persona,Perpetrador,Hombre,Sin especificar,Sin especificar,2241A,,null,,,,
IDA5059,2241,Persona,Víctima,Hombre,Sin especificar,Sin especificar,2241B,,null,,,,
IDA5060,2241,Persona,Perpetrador,Hombre,Sin especificar,Sin especificar,"2241B, 2241A",,null,,,,
IDA5061,2241,Persona,Víctima,Hombre,Sin especificar,Sin especificar,2241B,,null,,,,
IDA5062,2241,Persona,Perpetrador,Hombre,Sin especificar,Sin especificar,2241A,,null,,,,
IDA5063,2243,Persona,Perpetrador,Hombre,Sin especificar,Sin especificar,2243A,,null,,,,
IDA5064,2243,Persona,Víctima,Hombre,Sin especificar,Político del Estado,2243A,,null,,,,
IDA5065,2244,Persona,Perpetrador,Hombre,Sin especificar,Sin especificar,2244A,,null,,,,
IDA5066,2244,Persona,Víctima,Hombre,Sin especificar,Sin especificar,2244A,,null,,,,
IDA5067,2245,Persona,Perpetrador,Hombre,Sin especificar,Eclesiástico,2245A,,null,,,,
IDA5068,2245,Persona,Perpetrador,Mujer,Sin especificar,Sin especificar,2245A,,null,,,,
IDA5069,2245,Persona,Perpetrador,Mujer,Sin especificar,Sin especificar,2245B,,null,,,,
IDA5070,2246,Persona,Perpetrador,Hombre,Sin especificar,Sin especificar,"2246A, 2246B",,null,,,,
IDA5071,2246,Persona,Perpetrador,Hombre,Sin especificar,Sin especificar,"2246A, 2246B",,null,,,,
IDA5072,2246,Persona,Víctima,Hombre,Sin especificar,Sin especificar,"2246A, 2246B",,null,,,,
IDA5073,2247,Persona,Perpetrador,Hombre,Sin especificar,Sin especificar,2247A,,null,,,,
IDA5074,2247,Persona,Perpetrador,Hombre,Sin especificar,Sin especificar,2247A,,null,,,,
IDA5075,2247,Persona,Víctima,Hombre,Sin especificar,Político del Estado,2247A,,null,,,,
IDA5076,2248,Persona,Perpetrador,Indeterminado,Indeterminado,Indeterminado,2248A,1,null,,,,
IDA5077,2248,Persona,Víctima,Hombre,Sin especificar,Sin especificar,2248A,,null,,,,
IDA5078,2249,Persona,Perpetrador,Mujer,Sin especificar,Sin especificar,2249A,,null,,,,
IDA5079,2249,Persona,Víctima,Mujer,Sin especificar,Sin especificar,2249A,,null,,,,
IDA5080,2250,Persona,Perpetrador,Hombre,Sin especificar,Sin especificar,2250A,,null,,,,
IDA5081,2250,Persona,Perpetrador,Mujer,Sin especificar,Sin especificar,2250A,,null,,,,
IDA5082,2250,Persona,Perpetrador,Mujer,Sin especificar,Sin especificar,2250B,,null,,,,
IDA5083,2251,Persona,Perpetrador,Hombre,Sin especificar,Sin especificar,2251A,,null,,,,
IDA5084,2251,Persona,Perpetrador,Hombre,Sin especificar,Sin especificar,2251A,,null,,,,
IDA5085,2251,Persona,Víctima,Indeterminado,Indeterminado,Indeterminado,2251A,1,null,,,,
IDA5086,2252,Persona,Perpetrador,Hombre,Sin especificar,Sin especificar,2252A,,null,,,,
IDA5087,2252,Persona,Víctima,Hombre,Sin especificar,Sin especificar,2252A,,null,,,,
IDA5088,2253,Persona,Perpetrador,Hombre,Sin especificar,Sin especificar,"2253A, 2253B",,null,,,,
IDA5089,2253,Persona,Víctima,Hombre,Sin especificar,Sin especificar,2253A,,null,,,,
IDA5090,2253,Persona,Víctima,Hombre,Sin especificar,Político del Estado,2253B,,null,,,,
IDA5091,2254,Persona,Perpetrador,Hombre,Sin especificar,Sin especificar,2254A,,null,,,,
IDA5092,2254,Persona,Perpetrador,Mujer,Sin especificar,Sin especificar,2254A,,null,,,,
IDA5093,2254,Persona,Víctima,Mujer,Sin especificar,Sin especificar,2254A,,null,,,,
IDA5094,2255,Persona,Perpetrador,Mujer,Sin especificar,Sin especificar,2255A,,null,,,,
IDA5095,2255,Persona,Víctima,Hombre,Sin especificar,Sin especificar,2255A,,null,,,,
IDA5096,2257,Persona,Perpetrador,Hombre,Sin especificar,Sin especificar,2257A,,null,,,,
IDA5097,2257,Persona,Víctima,Hombre,Sin especificar,Sin especificar,2257A,,null,,,,
IDA5098,2258,Persona,Perpetrador,Hombre,Sin especificar,Sin especificar,2258A,,null,,,,
IDA5099,2258,Persona,Perpetrador,Hombre,Sin especificar,Sin especificar,2258A,,null,,,,
IDA5100,2258,Persona,Perpetrador,Hombre,Sin especificar,Sin especificar,2258A,,null,,,,
IDA5101,2258,Persona,Perpetrador,Hombre,Sin especificar,Sin especificar,2258A,,null,,,,
IDA5102,2258,Persona,Perpetrador,Hombre,Sin especificar,Sin especificar,2258A,,null,,,,
IDA5103,2258,Persona,Perpetrador,Mujer,Sin especificar,Sin especificar,2258A,,null,,,,
IDA5104,2258,Persona,Víctima,Hombre,Sin especificar,Sin especificar,2258A,,null,,,,
IDA5105,2258,Persona,Víctima,Mujer,Sin especificar,Sin especificar,2258A,,null,,,,
IDA5106,2259,Persona,Perpetrador,Hombre,Sin especificar,Sin especificar,2259A,1,null,,,,
IDA5107,2259,Persona,Perpetrador,Hombre,Sin especificar,Sin especificar,2259A,1,null,,,,
IDA5108,2259,Persona,Perpetrador,Hombre,Sin especificar,Sin especificar,2259A,1,null,,,,
IDA5109,2259,Persona,Perpetrador,Hombre,Sin especificar,Sin especificar,2259A,1,null,,,,
IDA5110,2259,Persona,Perpetrador,Indeterminado,Indeterminado,Indeterminado,2259A,1,null,,,,
IDA5111,2259,Persona,Perpetrador,Indeterminado,Indeterminado,Indeterminado,2259A,1,null,,,,
IDA5112,2259,Institución,Víctima,null,null,null,2259A,,La autoridad,,,,
IDA5113,2260,Persona,Perpetrador,Hombre,Sin especificar,Sin especificar,2260A,,null,,,,
IDA5114,2260,Persona,Perpetrador,Hombre,Sin especificar,Sin especificar,2260A,,null,,,,
IDA5115,2260,Persona,Víctima,Indeterminado,Indeterminado,Indeterminado,2260A,1,null,,,,
IDA5116,2261,Persona,Perpetrador,Hombre,Sin especificar,Sin especificar,2261A,,null,,,,
IDA5117,2261,Persona,Víctima,Hombre,Sin especificar,Sin especificar,2261A,,null,,,,
IDA5118,2263,Persona,Perpetrador,Hombre,Sin especificar,Sin especificar,2263A,,null,,,,
IDA5119,2263,Persona,Víctima,Indeterminado,Indeterminado,Indeterminado,2263A,,null,,,,
IDA5120,2264,Persona,Perpetrador,Hombre,Sin especificar,Sin especificar,2264A,,null,,,,
IDA5121,2264,Persona,Víctima,Indeterminado,Indeterminado,Indeterminado,2264A,1,null,,,,
IDA5122,2265,Persona,Perpetrador,Mujer,Sin especificar,Sin especificar,2265A,,null,,,,
IDA5123,2265,Persona,Víctima,Hombre,Sin especificar,Sin especificar,2265A,,null,,,,
IDA5124,2265,Persona,Perpetrador,Hombre,Sin especificar,Sin especificar,2265B,,null,,,,
IDA5125,2265,Persona,Perpetrador,Mujer,Sin especificar,Sin especificar,2265B,,null,,,,
IDA5126,2265,Persona,Perpetrador,Hombre,Sin especificar,Sin especificar,2265A,,null,,,,
IDA5127,2266,Persona,Perpetrador,Hombre,Sin especificar,Sin especificar,2266A,,null,,,,
IDA5128,2266,Persona,Víctima,Indeterminado,Indeterminado,Indeterminado,2266A,1,null,,,,
IDA5129,2268,Persona,Perpetrador,Hombre,Sin especificar,Sin especificar,2268A,,null,,,,
IDA5130,2268,Persona,Víctima,Hombre,Sin especificar,Sin especificar,2268A,,null,,,,
IDA5131,2269,Persona,Perpetrador,Hombre,Sin especificar,Sin especificar,2269A,,null,,,,
IDA5132,2269,Persona,Víctima,Mujer,Sin especificar,Sin especificar,2269A,,null,,,,
IDA5133,2271,Persona,Perpetrador,Hombre,Sin especificar,Sin especificar,2271A,,null,,,,
IDA5134,2271,Persona,Víctima,Indeterminado,Indeterminado,Indeterminado,2271A,,null,,,,
IDA5135,2272,Persona,Perpetrador,Hombre,Sin especificar,Sin especificar,2272A,,null,,,,
IDA5136,2272,Persona,Víctima,Indeterminado,Indeterminado,Indeterminado,2272A,1,null,,,,
IDA5137,2273,Persona,Perpetrador,Hombre,Sin especificar,Sin especificar,2273A,,null,,,,
IDA5138,2273,Persona,Víctima,Hombre,Sin especificar,Sin especificar,2273A,,null,,,,
IDA5139,2274,Persona,Perpetrador,Hombre,Sin especificar,Sin especificar,2274A,,null,,,,
IDA5140,2274,Persona,Perpetrador,Mujer,Sin especificar,Sin especificar,2274A,,null,,,,
IDA5141,2275,Persona,Perpetrador,Hombre,Sin especificar,Sin especificar,2275A,,null,,,,
IDA5142,2275,Persona,Perpetrador,Mujer,Indígenas,Sin especificar,2275A,,null,,,,
IDA5143,2276,Persona,Perpetrador,Hombre,Sin especificar,Sin especificar,2276A,,null,,,,
IDA5144,2276,Persona,Perpetrador,Hombre,Sin especificar,Sin especificar,2276A,,null,,,,
IDA5145,2276,Persona,Perpetrador,Hombre,Sin especificar,Sin especificar,2276A,,null,,,,
IDA5146,2277,Persona,Perpetrador,Hombre,Sin especificar,Sin especificar,2277A,,null,,,,
IDA5147,2277,Persona,Perpetrador,Hombre,Sin especificar,Sin especificar,2277A,,null,,,,
IDA5148,2277,Persona,Víctima,Indeterminado,Indeterminado,Indeterminado,2277A,1,null,,,,
IDA5149,2278,Persona,Perpetrador,Hombre,Sin especificar,Sin especificar,2278A,,null,,,,
IDA5150,2278,Persona,Perpetrador,Hombre,Sin especificar,Sin especificar,2278A,,null,,,,
IDA5151,2279,Persona,Perpetrador,Hombre,Sin especificar,Sin especificar,"2279A, 2279B",,null,,,,
IDA5152,2279,Persona,Perpetrador,Hombre,Sin especificar,Sin especificar,"2279A, 2279B",,null,,,,
IDA5153,2279,Persona,Perpetrador,Hombre,Sin especificar,Sin especificar,"2279A, 2279B",,null,,,,
IDA5154,2279,Persona,Perpetrador,Hombre,Sin especificar,Sin especificar,"2279A, 2279B",,null,,,,
IDA5155,2279,Persona,Perpetrador,Indeterminado,Indeterminado,Indeterminado,"2279A, 2279B",,null,,,,
IDA5156,2279,Persona,Perpetrador,Indeterminado,Indeterminado,Indeterminado,"2279A, 2279B",,null,,,,
IDA5157,2279,Persona,Víctima,Indeterminado,Indeterminado,Indeterminado,2279B,1,null,,,,
IDA5158,2280,Persona,Perpetrador,Hombre,Sin especificar,Sin especificar,2280A,,null,,,,
IDA5159,2280,Persona,Perpetrador,Hombre,Sin especificar,Sin especificar,2280A,,null,,,,
IDA5160,2280,Persona,Perpetrador,Hombre,Sin especificar,Sin especificar,2280A,,null,,,,
IDA5161,2280,Persona,Perpetrador,Indeterminado,Indeterminado,Indeterminado,2280A,,null,,,,
IDA5162,2280,Persona,Perpetrador,Indeterminado,Indeterminado,Indeterminado,2280A,,null,,,,
IDA5163,2280,Persona,Víctima,Hombre,Sin especificar,Sin especificar,2280A,,null,,,,
IDA5164,2281,Persona,Perpetrador,Hombre,Sin especificar,Sin especificar,2281A,,null,,,,
IDA5165,2281,Persona,Víctima,Hombre,Sin especificar,Sin especificar,2281A,,null,,,,
IDA5166,2282,Persona,Perpetrador,Hombre,Sin especificar,Sin especificar,2282A,,null,,,,
IDA5167,2282,Persona,Perpetrador,Mujer,Sin especificar,Sin especificar,2282A,,null,,,,
IDA5168,2282,Persona,Perpetrador,Mujer,Sin especificar,Sin especificar,2282A,,null,,,,
IDA5169,2282,Persona,Víctima,Hombre,Sin especificar,Sin especificar,2282A,,null,,,,
IDA5170,2282,Persona,Víctima,Hombre,Sin especificar,Sin especificar,2282A,,null,,,,
IDA5171,2283,Persona,Perpetrador,Hombre,Sin especificar,Sin especificar,2283A,,null,,,,
IDA5172,2283,Institución,Víctima,null,null,null,2283A,,La autoridad,,,,
IDA5173,2284,Persona,Perpetrador,Hombre,Sin especificar,Sin especificar,"2284A, 2284B",,null,,,,
IDA5174,2284,Persona,Víctima,Indeterminado,Indeterminado,Indeterminado,"2284A, 2284B",1,null,,,,
IDA5175,2288,Persona,Perpetrador,Hombre,Sin especificar,Sin especificar,2288A,,null,,,,
IDA5176,2289,Persona,Perpetrador,Hombre,Sin especificar,Sin especificar,2289A,,null,,,,
IDA5177,2289,Persona,Víctima,Mujer,Sin especificar,Sin especificar,2289A,,null,,,,
IDA5178,2291,Persona,Perpetrador,Hombre,Sin especificar,Político del Estado,2291A,,null,,,,
IDA5179,2292,Persona,Perpetrador,Hombre,Sin especificar,Sin especificar,2292A,,null,,,,
IDA5180,2292,Persona,Perpetrador,Mujer,Sin especificar,Sin especificar,2292A,,null,,,,
IDA5181,2293,Persona,Perpetrador,Mujer,Sin especificar,Sin especificar,2293A,,null,,,,
IDA5182,2293,Persona,Víctima,Hombre,Sin especificar,Sin especificar,2293A,,null,,,,
IDA5183,2294,Persona,Perpetrador,Indeterminado,Indeterminado,Indeterminado,2294A,1,null,,,,
IDA5184,2294,Persona,Víctima,Hombre,Sin especificar,Sin especificar,2294A,,null,,,,
IDA5185,2298,Persona,Perpetrador,Hombre,Sin especificar,Sin especificar,2298A,,null,,1,,
IDA5186,2298,Persona,Víctima,Hombre,Sin especificar,Político del Estado,2298A,,null,,1,,
IDA5187,2298,Persona,Perpetrador,Hombre,Sin especificar,Político del Estado,2298B,,null,,1,,
IDA5188,2298,Persona,Víctima,Hombre,Sin especificar,Sin especificar,2298B,,null,,1,,
IDA5189,2300,Persona,Perpetrador,Hombre,Sin especificar,Sin especificar,2300A,,null,,,,
IDA5190,2300,Persona,Víctima,Hombre,Sin especificar,Sin especificar,2300A,,null,,,,
IDA5191,2301,Persona,Perpetrador,Hombre,Sin especificar,Político del Estado,2301A,,null,,,,
IDA5192,2302,Persona,Perpetrador,Hombre,Sin especificar,Político del Estado,2302A,,null,,,,
IDA5193,2302,Persona,Víctima,Hombre,Sin especificar,Sin especificar,2302A,,null,,,,
IDA5194,2303,Persona,Perpetrador,Hombre,Sin especificar,Sin especificar,2303A,,null,,,,
IDA5195,2304,Persona,Perpetrador,Hombre,Sin especificar,Sin especificar,"2304A, 2304B",,null,,,,
IDA5196,2304,Persona,Perpetrador,Hombre,Sin especificar,Sin especificar,2304A,,null,,,,
IDA5197,2304,Persona,Perpetrador,Hombre,Sin especificar,Sin especificar,2304A,,null,,,,
IDA5198,2306,Persona,Perpetrador,Hombre,Sin especificar,Sin especificar,2306A,,null,,,,
IDA5199,2306,Persona,Perpetrador,Hombre,Sin especificar,Sin especificar,2306A,,null,,,,
IDA5200,2306,Persona,Perpetrador,Mujer,Sin especificar,Sin especificar,2306A,,null,,,,
IDA5201,2306,Persona,Víctima,Hombre,Sin especificar,Sin especificar,2306A,,null,,,,
IDA5202,2307,Persona,Perpetrador,Hombre,Sin especificar,Sin especificar,2307A,,null,,,,
IDA5203,2307,Persona,Víctima,Hombre,Sin especificar,Sin especificar,2307A,,null,,,,
IDA5204,2308,Persona,Perpetrador,Hombre,Sin especificar,Político del Estado,"2308A, 2308B",,null,,,,
IDA5205,2309,Persona,Perpetrador,Hombre,Sin especificar,Sin especificar,2309A,,null,,,,
IDA5206,2309,Persona,Víctima,Hombre,Sin especificar,Sin especificar,2309A,,null,,,,
IDA5207,2310,Persona,Perpetrador,Hombre,Sin especificar,Sin especificar,2310A,,null,,,,
IDA5208,2310,Persona,Víctima,Hombre,Sin especificar,Político del Estado,2310A,,null,,,,
IDA5209,2311,Persona,Perpetrador,Hombre,Sin especificar,Sin especificar,"2311A, 2311B",,null,,,,
IDA5210,2311,Persona,Víctima,Indeterminado,Indeterminado,Indeterminado,2311A,1,null,,,,
IDA5211,2312,Persona,Perpetrador,Hombre,Sin especificar,Sin especificar,"2312A, 2312B",,null,,,,
IDA5212,2312,Persona,Perpetrador,Hombre,Sin especificar,Sin especificar,"2312A, 2312B",,null,,,,
IDA5213,2312,Persona,Víctima,Indeterminado,Indeterminado,Indeterminado,"2312A, 2312B",1,null,,,,
IDA5214,2313,Persona,Perpetrador,Hombre,Sin especificar,Sin especificar,2313A,,null,,,,
IDA5215,2313,Persona,Víctima,Hombre,Sin especificar,Sin especificar,2313A,,null,,,,
IDA5216,2313,Persona,Víctima,Hombre,Sin especificar,Sin especificar,2313A,,null,,,,
IDA5217,2314,Persona,Perpetrador,Hombre,Sin especificar,Político del Estado,2314A,,null,,,,
IDA5218,2314,Persona,Víctima,Hombre,Sin especificar,Sin especificar,2314A,,null,,,,
IDA5219,2315,Persona,Perpetrador,Hombre,Sin especificar,Sin especificar,2315A,,null,,,,
IDA5220,2315,Persona,Víctima,Indeterminado,Indeterminado,Indeterminado,2315A,1,null,,,,
IDA5221,2316,Persona,Perpetrador,Hombre,Sin especificar,Sin especificar,2316A,,null,,,,
IDA5222,2316,Persona,Perpetrador,Hombre,Sin especificar,Sin especificar,2316A,,null,,,,
IDA5223,2316,Persona,Víctima,Hombre,Sin especificar,Sin especificar,2316A,,null,,,,
IDA5224,2332,Persona,Perpetrador,Hombre,Sin especificar,Político del Estado,2332A,,null,,,,
IDA5225,2332,Persona,Víctima,Hombre,Sin especificar,Sin especificar,2332A,,null,,,,
IDA5226,2333,Persona,Perpetrador,Hombre,Sin especificar,Sin especificar,2333A,,null,,,,
IDA5227,2333,Persona,Víctima,Indeterminado,Indeterminado,Indeterminado,2333A,1,null,,,,
IDA5228,2334,Persona,Perpetrador,Hombre,Sin especificar,Sin especificar,2334A,,null,,,,
IDA5229,2334,Persona,Perpetrador,Hombre,Sin especificar,Sin especificar,2334A,,null,,,,
IDA5230,2334,Institución,Víctima,null,null,null,2334A,,La autoridad,,,,
IDA5231,2335,Persona,Perpetrador,Hombre,Sin especificar,Sin especificar,2335A,,null,,,,
IDA5232,2335,Persona,Víctima,Hombre,Sin especificar,Sin especificar,2335A,,null,,,,
IDA5233,2336,Persona,Perpetrador,Hombre,Sin especificar,Político del Estado,2336A,,null,,,,
IDA5234,2336,Persona,Víctima,Indeterminado,Indeterminado,Indeterminado,2336A,1,null,,,,
IDA5235,2338,Persona,Perpetrador,Hombre,Sin especificar,Sin especificar,2338A,,null,,,,
IDA5236,2338,Persona,Víctima,Mujer,Sin especificar,Sin especificar,2338A,,null,,,,
IDA5237,2339,Persona,Perpetrador,Hombre,Sin especificar,Sin especificar,2339A,,null,,,,
IDA5238,2339,Persona,Perpetrador,Hombre,Sin especificar,Sin especificar,2339A,,null,,,,
IDA5239,2339,Persona,Víctima,Hombre,Sin especificar,Sin especificar,2339A,,null,,,,
IDA5240,2340,Persona,Perpetrador,Hombre,Sin especificar,Sin especificar,2340A,,null,,,,
IDA5241,2340,Persona,Víctima,Hombre,Sin especificar,Político del Estado,2340A,,null,,,,
IDA5242,2341,Persona,Perpetrador,Hombre,Sin especificar,Sin especificar,2341A,,null,,,,
IDA5243,2341,Persona,Víctima,Hombre,Sin especificar,Político del Estado,2341A,,null,,,,
IDA5244,2342,Persona,Perpetrador,Hombre,Sin especificar,Sin especificar,2342A,,null,,,,
IDA5245,2342,Persona,Víctima,Indeterminado,Indeterminado,Indeterminado,2342A,1,null,,,,
IDA5246,2343,Persona,Perpetrador,Hombre,Sin especificar,Sin especificar,2343A,,null,,,,
IDA5247,2343,Persona,Víctima,Hombre,Sin especificar,Sin especificar,2343A,,null,,,,
IDA5248,2345,Persona,Perpetrador,Hombre,Sin especificar,Sin especificar,"2345A, 2345B",,null,,,,
IDA5249,2345,Persona,Víctima,Hombre,Sin especificar,Sin especificar,"2345A, 2345B",,null,,,,
IDA5250,2346,Persona,Perpetrador,Hombre,Sin especificar,Sin especificar,2346A,,null,,,,
IDA5251,2346,Persona,Perpetrador,Hombre,Sin especificar,Sin especificar,2346A,,null,,,,
IDA5252,2348,Persona,Perpetrador,Hombre,Sin especificar,Sin especificar,2348A,,null,,,,
IDA5253,2348,Persona,Víctima,Mujer,Sin especificar,Sin especificar,2348A,,null,,,,
IDA5254,2349,Persona,Perpetrador,Hombre,Sin especificar,Sin especificar,"2349A, 2349B",,null,,,,
IDA5255,2350,Persona,Perpetrador,Hombre,Sin especificar,Sin especificar,2350A,,null,,,,
IDA5256,2350,Persona,Víctima,Hombre,Sin especificar,Político del Estado,2350A,,null,,,,
IDA5257,2351,Persona,Perpetrador,Hombre,Sin especificar,Sin especificar,2351A,,null,,,,
IDA5258,2351,Persona,Víctima,Hombre,Sin especificar,Sin especificar,2351A,,null,,,,
IDA5259,2353,Persona,Perpetrador,Hombre,Sin especificar,Político del Estado,2353A,,null,,,,
IDA5260,2353,Persona,Víctima,Hombre,Sin especificar,Sin especificar,2353A,,null,,,,
IDA5261,2353,Persona,Víctima,Mujer,Sin especificar,Sin especificar,2353A,,null,,,,
IDA5262,2354,Persona,Perpetrador,Hombre,Sin especificar,Sin especificar,"2354A, 2354B",,null,,,,
IDA5263,2354,Persona,Víctima,Indeterminado,Indeterminado,Indeterminado,"2354A, 2354B",1,null,,,,
IDA5264,2357,Persona,Perpetrador,Hombre,Sin especificar,Sin especificar,2357A,,null,,,,
IDA5265,2357,Persona,Víctima,Hombre,Sin especificar,Sin especificar,2357A,,null,,,,
IDA5266,2358,Persona,Perpetrador,Hombre,Sin especificar,Político del Estado,2358A,,null,,,,
IDA5267,2358,Persona,Víctima,Hombre,Sin especificar,Político del Estado,2358A,,null,,,,
IDA5268,2359,Persona,Perpetrador,Hombre,Sin especificar,Sin especificar,2359A,,null,,,,
IDA5269,2359,Persona,Víctima,Indeterminado,Indeterminado,Indeterminado,2359A,1,null,,,,
IDA5270,2361,Persona,Perpetrador,Hombre,Sin especificar,Sin especificar,"2361A, 2361B",,null,,,,
IDA5271,2362,Persona,Perpetrador,Hombre,Sin especificar,Sin especificar,"2362A, 2362B",,null,,,,
IDA5272,2362,Persona,Víctima,Hombre,Sin especificar,Eclesiástico,"2362A, 2362B",,null,,,,
IDA5273,2363,Persona,Perpetrador,Hombre,Sin especificar,Sin especificar,"2363A, 2363B",,null,,,,
IDA5274,2363,Persona,Víctima,Hombre,Sin especificar,Político del Estado,"2363A, 2363B",,null,,,,
IDA5275,2364,Persona,Perpetrador,Hombre,Sin especificar,Político del Estado,2364A,,null,,1,,
IDA5276,2365,Persona,Perpetrador,Hombre,Sin especificar,Sin especificar,2365A,,null,,,,
IDA5277,2365,Persona,Víctima,Hombre,Sin especificar,Sin especificar,2365A,,null,,,,
IDA5278,2366,Persona,Perpetrador,Hombre,Sin especificar,Sin especificar,2366A,,null,,,,
IDA5279,2366,Persona,Víctima,Hombre,Sin especificar,Sin especificar,2366A,,null,,,,
IDA5280,2367,Persona,Perpetrador,Hombre,Sin especificar,Sin especificar,2367A,,null,,,,
IDA5281,2367,Persona,Perpetrador,Mujer,Sin especificar,Sin especificar,2367A,,null,,,,
IDA5282,2368,Persona,Perpetrador,Hombre,Sin especificar,Sin especificar,2368A,,null,,,,
IDA5283,2369,Persona,Perpetrador,Hombre,Sin especificar,Sin especificar,2369A,,null,,,,
IDA5284,2369,Persona,Perpetrador,Hombre,Sin especificar,Sin especificar,"2369A, 2369B",,null,,,,
IDA5285,2369,Persona,Perpetrador,Mujer,Sin especificar,Sin especificar,2369A,,null,,,,
IDA5286,2369,Persona,Víctima,Hombre,Sin especificar,Sin especificar,"2369A, 2369B",,null,,,,
IDA5287,2369,Persona,Perpetrador,Mujer,Sin especificar,Sin especificar,2369B,,null,,,,
IDA5288,2370,Persona,Perpetrador,Hombre,Sin especificar,Sin especificar,"2370A, 2370B, 2370C",,null,,,,
IDA5289,2370,Persona,Víctima,Mujer,Sin especificar,Sin especificar,"2370A, 2370B",1,null,,,,
IDA5290,2370,Persona,Víctima,Mujer,Sin especificar,Sin especificar,2370B,1,null,,,,
IDA5291,2370,Persona,Perpetrador,Mujer,Sin especificar,Sin especificar,2370C,,null,,,,
IDA5292,2371,Persona,Perpetrador,Hombre,Sin especificar,Sin especificar,2371A,1,null,,,,
IDA5293,2371,Persona,Perpetrador,Indeterminado,Indeterminado,Indeterminado,2371A,1,null,,,,
IDA5294,2371,Persona,Perpetrador,Indeterminado,Indeterminado,Indeterminado,2371A,1,null,,,,
IDA5295,2371,Persona,Víctima,Indeterminado,Indeterminado,Indeterminado,2371A,1,null,,,,
IDA5296,2372,Persona,Perpetrador,Hombre,Sin especificar,Sin especificar,2372A,,null,,,,
IDA5297,2372,Persona,Perpetrador,Hombre,Sin especificar,Sin especificar,2372A,,null,,,,
IDA5298,2372,Persona,Víctima,Hombre,Sin especificar,Sin especificar,2372A,,null,,,,
IDA5299,2373,Persona,Perpetrador,Hombre,Sin especificar,Sin especificar,2373A,,null,,,,
IDA5300,2373,Persona,Víctima,Hombre,Sin especificar,Sin especificar,2373A,,null,,,,
IDA5301,2374,Persona,Perpetrador,Hombre,Sin especificar,Sin especificar,2374A,,null,,,,
IDA5302,2374,Persona,Víctima,Indeterminado,Indeterminado,Indeterminado,2374A,1,null,,,,
IDA5303,2375,Persona,Perpetrador,Hombre,Sin especificar,Sin especificar,2375A,,null,,,,
IDA5304,2375,Persona,Víctima,Hombre,Sin especificar,Sin especificar,2375A,,null,,,,
IDA5305,2376,Persona,Perpetrador,Hombre,Sin especificar,Sin especificar,"2376A, 2376B",,null,,,,
IDA5306,2376,Persona,Víctima,Indeterminado,Indeterminado,Indeterminado,"2376A, 2376B",1,null,,,,
IDA5307,2377,Persona,Perpetrador,Hombre,Sin especificar,Sin especificar,2377A,,null,,,,
IDA5308,2377,Persona,Víctima,Indeterminado,Indeterminado,Indeterminado,2377A,1,null,,,,
IDA5309,2378,Persona,Perpetrador,Hombre,Esclavo,Sin especificar,2378A,,null,,,,
IDA5310,2378,Persona,Víctima,Hombre,Sin especificar,Sin especificar,2378A,,null,,,,
IDA5311,2379,Persona,Perpetrador,Hombre,Sin especificar,Sin especificar,2379A,,null,,,,
IDA5312,2379,Persona,Víctima,Indeterminado,Indeterminado,Indeterminado,2379A,1,null,,,,
IDA5313,2380,Persona,Perpetrador,Hombre,Sin especificar,Sin especificar,2380A,,null,,,,
IDA5314,2380,Persona,Perpetrador,Hombre,Sin especificar,Sin especificar,2380A,,null,,,,
IDA5315,2380,Persona,Víctima,Indeterminado,Indeterminado,Indeterminado,2380A,1,null,,,,
IDA5316,2381,Persona,Perpetrador,Hombre,Indígenas,Sin especificar,2381A,,null,,,,
IDA5317,2381,Persona,Perpetrador,Mujer,Indígenas,Sin especificar,2381A,,null,,,,
IDA5318,2381,Persona,Víctima,Mujer,Indígenas,Sin especificar,2381A,,null,,,,
IDA5319,2382,Persona,Perpetrador,Hombre,Sin especificar,Sin especificar,2382A,,null,,,,
IDA5320,2382,Persona,Víctima,Indeterminado,Indeterminado,Indeterminado,2382A,1,null,,,,
IDA5321,2383,Persona,Perpetrador,Hombre,Sin especificar,Político del Estado,"2383A, 2383B",,null,,1,,
IDA5322,2383,Persona,Víctima,Hombre,Sin especificar,Político del Estado,"2383A, 2383B",,null,,1,,
IDA5323,2384,Persona,Perpetrador,Hombre,Sin especificar,Sin especificar,2384A,,null,,,,
IDA5324,2386,Persona,Perpetrador,Hombre,Sin especificar,Sin especificar,2386A,,null,,,,
IDA5325,2387,Persona,Perpetrador,Hombre,Sin especificar,Sin especificar,2387A,,null,,,,
IDA5326,2387,Persona,Víctima,Mujer,Sin especificar,Sin especificar,2387A,,null,,,,
IDA5327,2389,Persona,Perpetrador,Hombre,Sin especificar,Sin especificar,"2389A, 2389B",,null,,,,
IDA5328,2389,Persona,Víctima,Indeterminado,Indeterminado,Indeterminado,2389A,,null,,,,
IDA5329,2389,Institución,Víctima,null,null,null,2389B,,La autoridad,,,,
IDA5330,2390,Persona,Perpetrador,Hombre,Sin especificar,Sin especificar,"2390A, 2390B",,null,,,,
IDA5331,2390,Persona,Perpetrador,Mujer,Sin especificar,Sin especificar,2390A,,null,,,,
IDA5332,2390,Persona,Víctima,Hombre,Sin especificar,Sin especificar,2390A,,null,,,,
IDA5333,2391,Persona,Perpetrador,Hombre,Sin especificar,Sin especificar,2391A,,null,,,,
IDA5334,2391,Persona,Víctima,Indeterminado,Indeterminado,Indeterminado,2391A,1,null,,,,
IDA5335,2392,Persona,Perpetrador,Hombre,Sin especificar,Sin especificar,"2392A, 2392B",,null,,,,
IDA5336,2392,Persona,Víctima,Indeterminado,Indeterminado,Indeterminado,2392A,1,null,,,,
IDA5337,2393,Persona,Perpetrador,Hombre,Indígenas,Sin especificar,"2393A, 2393B",,null,,,,
IDA5338,2393,Persona,Víctima,Indeterminado,Indeterminado,Indeterminado,2393A,1,null,,,,
IDA5339,2394,Persona,Perpetrador,Hombre,Sin especificar,Sin especificar,2394A,,null,,,,
IDA5340,2394,Persona,Víctima,Indeterminado,Indeterminado,Indeterminado,2394A,1,null,,,,
IDA5341,2395,Persona,Perpetrador,Hombre,Sin especificar,Sin especificar,2395A,,null,,,,
IDA5342,2396,Persona,Perpetrador,Hombre,Sin especificar,Sin especificar,2396A,,null,,,,
IDA5343,2396,Persona,Víctima,Mujer,Sin especificar,Sin especificar,2396A,,null,,,,
IDA5344,2397,Persona,Perpetrador,Hombre,Sin especificar,Sin especificar,2397A,,null,,,,
IDA5345,2398,Persona,Perpetrador,Hombre,Sin especificar,Sin especificar,2398A,,null,,,,
IDA5346,2398,Persona,Víctima,Mujer,Sin especificar,Sin especificar,2398A,,null,,,,
IDA5347,2399,Persona,Perpetrador,Mujer,Sin especificar,Sin especificar,2399A,,null,,,,
IDA5348,2399,Persona,Perpetrador,Mujer,Sin especificar,Sin especificar,2399A,,null,,,,
IDA5349,2399,Persona,Víctima,Hombre,Sin especificar,Sin especificar,2399A,,null,,,,
IDA5350,2400,Persona,Perpetrador,Hombre,Sin especificar,Sin especificar,2400A,,null,,,,
IDA5351,2400,Persona,Perpetrador,Mujer,Sin especificar,Sin especificar,2400A,,null,,,,
IDA5352,2401,Persona,Perpetrador,Hombre,Sin especificar,Sin especificar,2401A,,null,,,,
IDA5353,2401,Persona,Víctima,Mujer,Sin especificar,Sin especificar,2401A,,null,,,,
IDA5354,2402,Persona,Perpetrador,Hombre,Sin especificar,Sin especificar,2402A,,null,,,,
IDA5355,2402,Persona,Víctima,Hombre,Indígenas,Sin especificar,2402A,1,null,,,,
IDA5356,2402,Persona,Víctima,Hombre,Indígenas,Sin especificar,2402A,1,null,,,,
IDA5357,2403,Persona,Perpetrador,Hombre,Sin especificar,Sin especificar,2403A,,null,,,,
IDA5358,2403,Institución,Víctima,null,null,null,2403A,,La autoridad,,,,
IDA5359,2404,Persona,Perpetrador,Mujer,Sin especificar,Sin especificar,2404A,,null,,,,
IDA5360,2404,Persona,Víctima,Mujer,Sin especificar,Sin especificar,2404A,,null,,,,
IDA5361,2405,Persona,Perpetrador,Hombre,Sin especificar,Sin especificar,2405A,,null,,,,
IDA5362,2405,Persona,Víctima,Hombre,Sin especificar,Sin especificar,2405A,,null,,,,
IDA5363,2406,Persona,Perpetrador,Mujer,Sin especificar,Sin especificar,2406A,,null,,,,
IDA5364,2406,Persona,Víctima,Hombre,Sin especificar,Sin especificar,2406A,,null,,,,
IDA5365,2406,Persona,Perpetrador,Hombre,Sin especificar,Sin especificar,2406A,,null,,,,
IDA5366,2408,Persona,Perpetrador,Hombre,Sin especificar,Sin especificar,2408A,,null,,,,
IDA5367,2408,Persona,Perpetrador,Mujer,Sin especificar,Sin especificar,2408A,,null,,,,
IDA5368,2408,Persona,Víctima,Hombre,Sin especificar,Sin especificar,2408A,,null,,,,
IDA5369,2409,Persona,Perpetrador,Hombre,Sin especificar,Sin especificar,2409A,,null,,,,
IDA5370,2409,Persona,Víctima,Indeterminado,Indeterminado,Indeterminado,2409A,1,null,,,,
IDA5371,2410,Persona,Perpetrador,Hombre,Sin especificar,Sin especificar,2410A,,null,,,,
IDA5372,2410,Persona,Víctima,Hombre,Sin especificar,Sin especificar,2410A,,null,,,,
IDA5373,2411,Persona,Perpetrador,Hombre,Sin especificar,Sin especificar,2411A,,null,,,,
IDA5374,2411,Persona,Víctima,Hombre,Sin especificar,Político del Estado,2411A,,null,,,,
IDA5375,2412,Persona,Perpetrador,Hombre,Sin especificar,Sin especificar,2412A,,null,,,,
IDA5376,2412,Persona,Perpetrador,Mujer,Sin especificar,Sin especificar,2412A,,null,,,,
IDA5377,2412,Persona,Perpetrador,Mujer,Sin especificar,Sin especificar,2412B,,null,,,,
IDA5378,2412,Persona,Víctima,Hombre,Sin especificar,Sin especificar,2412B,,null,,,,
IDA5379,2412,Persona,Perpetrador,Hombre,Sin especificar,Sin especificar,2412B,,null,,,,
IDA5380,2414,Persona,Perpetrador,Indeterminado,Indeterminado,Indeterminado,2414A,1,null,,,,
IDA5381,2414,Persona,Víctima,Mujer,Sin especificar,Sin especificar,2414A,,null,,,,
IDA5382,2415,Persona,Perpetrador,Hombre,Sin especificar,Sin especificar,2415A,,null,,,,
IDA5383,2415,Persona,Víctima,Hombre,Sin especificar,Sin especificar,2415A,,null,,,,
IDA5384,2417,Persona,Perpetrador,Hombre,Sin especificar,Sin especificar,2417A,,null,,,,
IDA5385,2417,Persona,Víctima,Hombre,Sin especificar,Sin especificar,2417A,,null,,,,
IDA5386,2418,Persona,Perpetrador,Hombre,Sin especificar,Sin especificar,"2418A, 2418B",,null,,,,
IDA5387,2418,Persona,Víctima,Hombre,Sin especificar,Sin especificar,2418A,,null,,,,
IDA5388,2418,Persona,Víctima,Hombre,Sin especificar,Sin especificar,2418A,,null,,,,
IDA5389,2418,Persona,Víctima,Indeterminado,Indeterminado,Indeterminado,2418B,1,null,,,,
IDA5390,2419,Persona,Perpetrador,Hombre,Sin especificar,Sin especificar,2419A,,null,,,,
IDA5391,2420,Persona,Perpetrador,Hombre,Sin especificar,Sin especificar,2420A,,null,,,,
IDA5392,2420,Persona,Víctima,Indeterminado,Indeterminado,Indeterminado,2420A,1,null,,,,
IDA5393,2421,Persona,Perpetrador,Hombre,Sin especificar,Sin especificar,2421A,,null,,,,
IDA5394,2421,Persona,Víctima,Indeterminado,Indeterminado,Indeterminado,2421A,1,null,,,,
IDA5395,2422,Persona,Perpetrador,Hombre,Sin especificar,Político del Estado,2422A,,null,,,,
IDA5396,2423,Persona,Perpetrador,Hombre,Sin especificar,Sin especificar,2423A,,null,,,,
IDA5397,2423,Persona,Víctima,Mujer,Sin especificar,Sin especificar,2423A,,null,,,,
IDA5398,2424,Persona,Perpetrador,Hombre,Sin especificar,Sin especificar,"2424A, 2424B",,null,,1,,
IDA5399,2424,Persona,Víctima,Hombre,Sin especificar,Sin especificar,"2424A, 2424B",,null,,1,,
IDA5400,2425,Persona,Perpetrador,Hombre,Sin especificar,Sin especificar,"2425A, 2425B",,null,,,,
IDA5401,2425,Persona,Víctima,Hombre,Sin especificar,Sin especificar,"2425A, 2425B, 2425C",,null,,,,
IDA5402,2425,Persona,Perpetrador,Hombre,Sin especificar,Político del Estado,2425C,,null,,,,
IDA5403,2426,Persona,Perpetrador,Hombre,Sin especificar,Sin especificar,"2426A, 2426B",,null,,,,
IDA5404,2426,Persona,Perpetrador,Hombre,Sin especificar,Sin especificar,2426B,,null,,,,
IDA5405,2426,Persona,Perpetrador,Hombre,Sin especificar,Sin especificar,2426B,,null,,,,
IDA5406,2426,Persona,Perpetrador,Hombre,Sin especificar,Sin especificar,2426B,,null,,,,
IDA5407,2427,Persona,Perpetrador,Hombre,Sin especificar,Sin especificar,2427A,,null,,,,
IDA5408,2427,Persona,Víctima,Hombre,Sin especificar,Sin especificar,2427A,,null,,,,
IDA5409,2428,Persona,Perpetrador,Hombre,Sin especificar,Sin especificar,"2428A, 2428B",,null,,,,
IDA5410,2428,Persona,Víctima,Indeterminado,Indeterminado,Indeterminado,"2428A, 2428B",1,null,,,,
IDA5411,2429,Persona,Perpetrador,Hombre,Sin especificar,Sin especificar,"2429A, 2429B, 2429C",,null,,,,
IDA5412,2429,Persona,Víctima,Mujer,Sin especificar,Sin especificar,2429B,1,null,,,,
IDA5413,2429,Persona,Víctima,Mujer,Sin especificar,Sin especificar,2429B,1,null,,,,
IDA5414,2429,Institución,Víctima,null,null,null,2429C,,La autoridad,,,,
IDA5415,2430,Persona,Perpetrador,Hombre,Sin especificar,Sin especificar,"2430A, 2430B",,null,,,,
IDA5416,2430,Persona,Víctima,Indeterminado,Indeterminado,Indeterminado,2430A,1,null,,,,
IDA5417,2430,Persona,Víctima,Hombre,Sin especificar,Sin especificar,2430B,,null,,,,
IDA5418,2431,Persona,Perpetrador,Hombre,Sin especificar,Político del Estado,"2431A, 2431B",,null,,1,,
IDA5419,2431,Persona,Víctima,Hombre,Sin especificar,Político del Estado,"2431A, 2431B",,null,,1,,
IDA5420,2432,Persona,Perpetrador,Hombre,Sin especificar,Político del Estado,2432A,,null,,,,
IDA5421,2432,Persona,Víctima,Hombre,Sin especificar,Sin especificar,2432A,,null,,,,
IDA5422,2433,Persona,Perpetrador,Hombre,Sin especificar,Sin especificar,2433A,,null,,,,
IDA5423,2433,Persona,Víctima,Mujer,Sin especificar,Sin especificar,2433A,,null,,,,
IDA5424,2434,Persona,Perpetrador,Hombre,Sin especificar,Sin especificar,2434A,,null,,,,
IDA5425,2434,Persona,Víctima,Hombre,Sin especificar,Sin especificar,2434A,,null,,,,
IDA5426,2435,Persona,Perpetrador,Hombre,Sin especificar,Sin especificar,2435A,,null,,,,
IDA5427,2435,Persona,Víctima,Hombre,Sin especificar,Político del Estado,2435A,,null,,,,
IDA5428,2436,Persona,Perpetrador,Hombre,Sin especificar,Sin especificar,2436A,,null,,,,
IDA5429,2436,Persona,Víctima,Hombre,Sin especificar,Eclesiástico,2436A,,null,,,,
IDA5430,2437,Persona,Perpetrador,Hombre,Sin especificar,Sin especificar,2437A,,null,,,,
IDA5431,2437,Persona,Cómplice,Indeterminado,Indeterminado,Indeterminado,2437A,1,null,,,,
IDA5432,2437,Persona,Cómplice,Indeterminado,Indeterminado,Indeterminado,2437A,1,null,,,,
IDA5433,2437,Persona,Víctima,Hombre,Sin especificar,Sin especificar,2437A,,null,,,,
IDA5434,2439,Persona,Perpetrador,Hombre,Sin especificar,Sin especificar,"2439A, 2439B",,null,,1,,
IDA5435,2439,Persona,Perpetrador,Hombre,Sin especificar,Político del Estado,2439C,,null,,1,,
IDA5436,2439,Persona,Víctima,Hombre,Sin especificar,Sin especificar,2439C,,null,,1,,
IDA5437,2440,Persona,Perpetrador,Hombre,Sin especificar,Sin especificar,"2440A, 2440B",,null,,,,
IDA5438,2440,Persona,Víctima,Hombre,Sin especificar,Político del Estado,"2440A, 2440B",,null,,,,
IDA5439,2441,Persona,Perpetrador,Hombre,Esclavo,Sin especificar,2441A,,null,,,,
IDA5440,2441,Persona,Perpetrador,Hombre,Esclavo,Sin especificar,2441A,,null,,,,
IDA5441,2441,Persona,Víctima,Hombre,Sin especificar,Sin especificar,2441A,,null,,,,
IDA5442,2442,Persona,Perpetrador,Hombre,Sin especificar,Sin especificar,2442A,,null,,,,
IDA5443,2442,Persona,Víctima,Indeterminado,Indeterminado,Indeterminado,2442A,1,null,,,,
IDA5444,2443,Persona,Perpetrador,Hombre,Sin especificar,Sin especificar,"2443A, 2443B",,null,,,,
IDA5445,2443,Persona,Víctima,Hombre,Sin especificar,Sin especificar,"2443A, 2443B",,null,,,,
IDA5446,2443,Persona,Víctima,Hombre,Sin especificar,Sin especificar,2443A,,null,,,,
IDA5447,2444,Persona,Perpetrador,Hombre,Sin especificar,Sin especificar,2444A,,null,,,,
IDA5448,2444,Persona,Víctima,Hombre,Sin especificar,Político del Estado,2444A,,null,,,,
IDA5449,2446,Persona,Perpetrador,Hombre,Sin especificar,Sin especificar,2446A,,null,,1,,
IDA5450,2446,Persona,Víctima,Hombre,Sin especificar,Sin especificar,"2446A, 2446B",,null,,1,,
IDA5451,2446,Persona,Perpetrador,Hombre,Sin especificar,Político del Estado,2446B,,null,,1,,
IDA5452,2447,Persona,Perpetrador,Hombre,Sin especificar,Sin especificar,2447A,,null,,,,
IDA5453,2447,Persona,Víctima,Hombre,Indígenas,Sin especificar,2447A,,null,,,,
IDA5454,2448,Persona,Perpetrador,Hombre,Sin especificar,Sin especificar,2448A,,null,,,,
IDA5455,2448,Persona,Víctima,Indeterminado,Indeterminado,Indeterminado,2448A,1,null,,,,
IDA5456,2449,Persona,Perpetrador,Hombre,Sin especificar,Sin especificar,2449A,,null,,,,
IDA5457,2449,Persona,Perpetrador,Hombre,Sin especificar,Sin especificar,2449A,,null,,,,
IDA5458,2449,Persona,Víctima,Hombre,Sin especificar,Sin especificar,"2449A, 2449B",,null,,,,
IDA5459,2449,Persona,Perpetrador,Hombre,Sin especificar,Político del Estado,2449B,,null,,,,
IDA5460,2450,Persona,Perpetrador,Hombre,Sin especificar,Sin especificar,2450A,,null,,,,
IDA5461,2450,Persona,Víctima,Indeterminado,Indeterminado,Indeterminado,2450A,1,null,,,,
IDA5462,2452,Persona,Perpetrador,Hombre,Sin especificar,Sin especificar,2452A,,null,,,,
IDA5463,2452,Persona,Perpetrador,Hombre,Sin especificar,Sin especificar,2452A,,null,,,,
IDA5464,2452,Persona,Víctima,Hombre,Sin especificar,Sin especificar,2452A,,null,,,,
IDA5465,2453,Persona,Perpetrador,Hombre,Sin especificar,Sin especificar,2453A,,null,,,,
IDA5466,2453,Persona,Víctima,Mujer,Sin especificar,Sin especificar,2453A,,null,,,,
IDA5467,2453,Persona,Víctima,Mujer,Sin especificar,Sin especificar,2453A,,null,,,,
IDA5468,2454,Persona,Perpetrador,Hombre,Sin especificar,Sin especificar,2454A,,null,,,,
IDA5469,2454,Persona,Víctima,Hombre,Sin especificar,Sin especificar,2454A,1,null,,,,
IDA5470,2454,Persona,Víctima,Hombre,Sin especificar,Sin especificar,2454A,1,null,,,,
IDA5471,2454,Persona,Víctima,Hombre,Sin especificar,Sin especificar,2454A,1,null,,,,
IDA5472,2454,Persona,Víctima,Mujer,Sin especificar,Sin especificar,2454A,1,null,,,,
IDA5473,2455,Persona,Perpetrador,Hombre,Sin especificar,Sin especificar,2455A,,null,,,,
IDA5474,2455,Institución,Víctima,null,null,null,2455A,,La justicia/jueces,,,,
IDA5475,2456,Persona,Perpetrador,Hombre,Sin especificar,Sin especificar,2456A,,null,,,,
IDA5476,2456,Persona,Perpetrador,Hombre,Sin especificar,Sin especificar,2456A,,null,,,,
IDA5477,2456,Persona,Perpetrador,Hombre,Sin especificar,Sin especificar,2456A,,null,,,,
IDA5478,2456,Persona,Perpetrador,Hombre,Sin especificar,Sin especificar,2456A,,null,,,,
IDA5479,2456,Persona,Víctima,Hombre,Sin especificar,Sin especificar,2456A,,null,,,,
IDA5480,2457,Persona,Perpetrador,Hombre,Sin especificar,Fuerza armada,2457A,,null,,,,
IDA5481,2457,Persona,Perpetrador,Hombre,Sin especificar,Sin especificar,2457A,,null,,,,
IDA5482,2457,Institución,Víctima,null,null,null,2457A,,La justicia/jueces,,,,
IDA5483,2458,Persona,Perpetrador,Hombre,Sin especificar,Sin especificar,"2458A, 2458B",,null,,,,
IDA5484,2458,Persona,Víctima,Hombre,Sin especificar,Sin especificar,"2458A, 2458B",,null,,,,
IDA5485,2459,Persona,Perpetrador,Hombre,Sin especificar,Sin especificar,2459A,,null,,,,
IDA5486,2459,Persona,Perpetrador,Mujer,Sin especificar,Sin especificar,2459A,,null,,,,
IDA5487,2459,Persona,Perpetrador,Mujer,Sin especificar,Sin especificar,2459A,,null,,,,
IDA5488,2459,Institución,Víctima,null,null,null,2459A,,La autoridad,,,,
IDA5489,2460,Persona,Perpetrador,Hombre,Sin especificar,Político del Estado,"2460A, 2460B",,null,,,,
IDA5490,2460,Persona,Víctima,Hombre,Sin especificar,Sin especificar,2460A,,null,,,,
IDA5491,2463,Persona,Perpetrador,Hombre,Sin especificar,Sin especificar,2463A,,null,,,,
IDA5492,2463,Persona,Víctima,Mujer,Sin especificar,Sin especificar,2463A,,null,,,,
IDA5493,2464,Persona,Perpetrador,Hombre,Sin especificar,Sin especificar,2464A,,null,,,,
IDA5494,2464,Persona,Víctima,Mujer,Sin especificar,Sin especificar,2464A,,null,,,,
IDA5495,2472,Persona,Perpetrador,Hombre,Sin especificar,Sin especificar,2472A,,null,,,,
IDA5496,2472,Persona,Perpetrador,Hombre,Sin especificar,Sin especificar,2472A,,null,,,,
IDA5497,2472,Persona,Perpetrador,Hombre,Sin especificar,Sin especificar,2472A,,null,,,,
IDA5498,2472,Persona,Víctima,Indeterminado,Indeterminado,Indeterminado,2472A,1,null,,,,
IDA5499,2473,Persona,Perpetrador,Mujer,Sin especificar,Sin especificar,2473A,,null,,,,
IDA5500,2473,Persona,Víctima,Hombre,Sin especificar,Sin especificar,2473A,,null,,,,
IDA5501,2473,Persona,Perpetrador,Hombre,Sin especificar,Sin especificar,2473B,,null,,,,
IDA5502,2473,Persona,Víctima,Indeterminado,Indeterminado,Indeterminado,2473B,1,null,,,,
IDA5503,2473,Persona,Perpetrador,Hombre,Sin especificar,Sin especificar,2473A,,null,,,,
IDA5504,2474,Persona,Perpetrador,Hombre,Sin especificar,Sin especificar,2474A,,null,,,,
IDA5505,2474,Persona,Perpetrador,Mujer,Sin especificar,Sin especificar,2474A,,null,,,,
IDA5506,2475,Persona,Perpetrador,Hombre,Sin especificar,Sin especificar,2475A,,null,,,,
IDA5507,2475,Persona,Víctima,Hombre,Sin especificar,Sin especificar,2475A,,null,,,,
IDA5508,2476,Persona,Perpetrador,Hombre,Sin especificar,Sin especificar,2476A,,null,,,,
IDA5509,2476,Persona,Víctima,Indeterminado,Indeterminado,Indeterminado,2476A,1,null,,,,
IDA5510,2477,Persona,Perpetrador,Hombre,Sin especificar,Sin especificar,2477A,,null,,,,
IDA5511,2477,Persona,Víctima,Hombre,Sin especificar,Sin especificar,2477A,,null,,,,
IDA5512,2478,Persona,Perpetrador,Hombre,Sin especificar,Sin especificar,2478A,,null,,,,
IDA5513,2478,Persona,Víctima,Indeterminado,Indeterminado,Indeterminado,2478A,1,null,,,,
IDA5514,2479,Persona,Perpetrador,Mujer,Sin especificar,Sin especificar,2479A,,null,,,,
IDA5515,2479,Persona,Víctima,Hombre,Sin especificar,Sin especificar,2479A,,null,,,,
IDA5516,2480,Persona,Perpetrador,Hombre,Sin especificar,Sin especificar,2480A,,null,,,,
IDA5517,2480,Persona,Víctima,Hombre,Sin especificar,Sin especificar,2480A,,null,,,,
IDA5518,2481,Persona,Perpetrador,Hombre,Sin especificar,Sin especificar,"2481A, 2481B",,null,,,,
IDA5519,2481,Persona,Víctima,Mujer,Indígenas,Sin especificar,"2481A, 2481B",1,null,,,,
IDA5520,2482,Persona,Perpetrador,Hombre,Sin especificar,Sin especificar,2482A,,null,,,,
IDA5521,2482,Persona,Perpetrador,Hombre,Sin especificar,Sin especificar,2482A,,null,,,,
IDA5522,2482,Persona,Perpetrador,Hombre,Sin especificar,Sin especificar,2482A,,null,,,,
IDA5523,2482,Persona,Víctima,Hombre,Sin especificar,Sin especificar,2482A,,null,,,,
IDA5524,2483,Persona,Perpetrador,Hombre,Sin especificar,Sin especificar,2483A,,null,,,,
IDA5525,2483,Institución,Víctima,null,null,null,2483A,,Iglesia,,,,
IDA5526,2484,Persona,Perpetrador,Hombre,Sin especificar,Sin especificar,2484A,,null,,,,
IDA5527,2484,Persona,Perpetrador,Mujer,Sin especificar,Sin especificar,2484A,,null,,,,
IDA5528,2485,Persona,Perpetrador,Hombre,Sin especificar,Sin especificar,2485A,,null,,,,
IDA5529,2485,Persona,Víctima,Hombre,Sin especificar,Sin especificar,2485A,,null,,,,
IDA5530,2486,Persona,Perpetrador,Hombre,Sin especificar,Sin especificar,2486A,,null,,,,
IDA5531,2486,Persona,Perpetrador,Mujer,Sin especificar,Sin especificar,2486A,,null,,,,
IDA5532,2486,Persona,Víctima,Hombre,Sin especificar,Sin especificar,2486A,,null,,,,
IDA5533,2486,Persona,Víctima,Mujer,Sin especificar,Sin especificar,2486A,,null,,,,
IDA5534,2488,Persona,Perpetrador,Hombre,Sin especificar,Sin especificar,2488A,,null,,,,
IDA5535,2488,Persona,Víctima,Hombre,Sin especificar,Sin especificar,2488A,,null,,,,
IDA5536,2489,Persona,Perpetrador,Hombre,Sin especificar,Sin especificar,2489A,,null,,,,
IDA5537,2489,Persona,Víctima,Hombre,Sin especificar,Sin especificar,2489A,,null,,,,
IDA5538,2490,Persona,Perpetrador,Hombre,Sin especificar,Sin especificar,2490A,,null,,,,
IDA5539,2490,Persona,Perpetrador,Mujer,Sin especificar,Sin especificar,2490A,,null,,,,
IDA5540,2491,Persona,Perpetrador,Mujer,Sin especificar,Sin especificar,2491A,,null,,,,
IDA5541,2491,Persona,Víctima,Hombre,Sin especificar,Sin especificar,2491A,,null,,,,
IDA5542,2491,Persona,Perpetrador,Hombre,Sin especificar,Sin especificar,2491B,,null,,,,
IDA5543,2491,Persona,Víctima,Indeterminado,Indeterminado,Indeterminado,2491B,1,null,,,,
IDA5544,2491,Persona,Perpetrador,Hombre,Sin especificar,Sin especificar,2491A,,null,,,,
IDA5545,2492,Persona,Perpetrador,Hombre,Sin especificar,Sin especificar,2492A,,null,,,,
IDA5546,2492,Persona,Víctima,Hombre,Sin especificar,Político del Estado,2492A,,null,,,,
IDA5547,2493,Persona,Perpetrador,Hombre,Sin especificar,Político del Estado,"2493A, 2493B",,null,,,,
IDA5548,2493,Persona,Perpetrador,Hombre,Sin especificar,Político del Estado,"2493A, 2493B",,null,,,,
IDA5549,2493,Persona,Perpetrador,Hombre,Sin especificar,Sin especificar,2493C,,null,,,,
IDA5550,2494,Persona,Perpetrador,Hombre,Sin especificar,Sin especificar,2494A,,null,,,,
IDA5551,2494,Persona,Víctima,Indeterminado,Indeterminado,Indeterminado,2494A,1,null,,,,
IDA5552,2495,Persona,Perpetrador,Hombre,Sin especificar,Sin especificar,2495A,1,null,,,,
IDA5553,2495,Persona,Perpetrador,Hombre,Sin especificar,Sin especificar,2495A,1,null,,,,
IDA5554,2495,Persona,Perpetrador,Hombre,Sin especificar,Sin especificar,2495A,1,null,,,,
IDA5555,2495,Persona,Víctima,Indeterminado,Indeterminado,Indeterminado,2495A,1,null,,,,
IDA5556,2496,Persona,Perpetrador,Hombre,Sin especificar,Sin especificar,2496A,,null,,,,
IDA5557,2496,Persona,Víctima,Hombre,Sin especificar,Sin especificar,2496A,,null,,,,
IDA5558,2498,Persona,Perpetrador,Hombre,Sin especificar,Sin especificar,2498A,,null,,,,
IDA5559,2498,Persona,Víctima,Mujer,Sin especificar,Sin especificar,2498A,,null,,,,
IDA5560,2499,Persona,Perpetrador,Hombre,Sin especificar,Sin especificar,2499A,,null,,,,
IDA5561,2499,Persona,Perpetrador,Hombre,Sin especificar,Sin especificar,2499A,,null,,,,
IDA5562,2499,Persona,Víctima,Indeterminado,Indeterminado,Indeterminado,2499A,1,null,,,,
IDA5563,2500,Persona,Perpetrador,Hombre,Sin especificar,Sin especificar,2500A,,null,,,,
IDA5564,2500,Persona,Víctima,Hombre,Sin especificar,Sin especificar,2500A,,null,,,,
IDA5565,2501,Persona,Perpetrador,Hombre,Sin especificar,Sin especificar,"2501A, 2501B, 2501C",,null,,,,
IDA5566,2501,Persona,Víctima,Mujer,Sin especificar,Sin especificar,"2501A, 2501C",,null,,,,
IDA5567,2501,Persona,Perpetrador,Mujer,Sin especificar,Sin especificar,2501B,,null,,,,
IDA5568,2501,Persona,Perpetrador,Mujer,Indígenas,Sin especificar,2501C,,null,,,,
IDA5569,2503,Persona,Perpetrador,Hombre,Sin especificar,Sin especificar,"2503A, 2503B",,null,,,,
IDA5570,2503,Persona,Víctima,Hombre,Sin especificar,Sin especificar,"2503A, 2503B",,null,,,,
IDA5571,2506,Persona,Perpetrador,Hombre,Sin especificar,Sin especificar,2506A,,null,,,,
IDA5572,2506,Persona,Perpetrador,Mujer,Sin especificar,Sin especificar,2506A,,null,,,,
IDA5573,2507,Persona,Perpetrador,Hombre,Sin especificar,Sin especificar,2507A,,null,,,,
IDA5574,2507,Persona,Víctima,Indeterminado,Indeterminado,Indeterminado,2507A,1,null,,,,
IDA5575,2508,Persona,Perpetrador,Hombre,Sin especificar,Sin especificar,2508A,,null,,,,
IDA5576,2508,Persona,Víctima,Hombre,Sin especificar,Sin especificar,2508A,,null,,,,
IDA5577,2509,Persona,Perpetrador,Hombre,Sin especificar,Sin especificar,"2509A, 2509B",,null,,,,
IDA5578,2509,Persona,Víctima,Indeterminado,Indeterminado,Indeterminado,2509A,1,null,,,,
IDA5579,2510,Persona,Perpetrador,Hombre,Sin especificar,Sin especificar,"2510A, 2510B, 2510C",,null,,,,
IDA5580,2510,Institución,Víctima,null,null,null,2510B,,La autoridad,,,,
IDA5581,2511,Persona,Perpetrador,Hombre,Sin especificar,Sin especificar,"2511A, 2511B",,null,,,,
IDA5582,2512,Persona,Perpetrador,Hombre,Sin especificar,Sin especificar,2512A,,null,,,,
IDA5583,2512,Institución,Víctima,null,null,null,2512A,,La autoridad,,,,
IDA5584,2513,Persona,Perpetrador,Hombre,Indígenas,Sin especificar,"2513A, 2513B",,null,,,,
IDA5585,2513,Persona,Perpetrador,Mujer,Sin especificar,Sin especificar,2513A,,null,,,,
IDA5586,2513,Persona,Víctima,Indeterminado,Indeterminado,Indeterminado,2513B,1,null,,,,
IDA5587,2514,Persona,Perpetrador,Hombre,Sin especificar,Sin especificar,"2514A, 2514B",,null,,1,,
IDA5588,2514,Persona,Víctima,Hombre,Sin especificar,Sin especificar,"2514A, 2514B",,null,,1,,
IDA5589,2515,Persona,Perpetrador,Hombre,Sin especificar,Sin especificar,"2515A, 2515B",,null,,,,
IDA5590,2515,Persona,Víctima,Hombre,Sin especificar,Fuerza armada,"2515A, 2515B",,null,,,,
IDA5591,2516,Persona,Perpetrador,Hombre,Sin especificar,Sin especificar,2516A,,null,,,,
IDA5592,2516,Institución,Víctima,null,null,null,2516A,,La autoridad,,,,
IDA5593,2517,Persona,Perpetrador,Hombre,Sin especificar,Político del Estado,2517A,,null,,,,
IDA5594,2517,Institución,Víctima,null,null,null,2517A,,La autoridad,,,,
IDA5595,2519,Persona,Perpetrador,Hombre,Sin especificar,Sin especificar,2519A,,null,,,,
IDA5596,2520,Persona,Perpetrador,Hombre,Sin especificar,Sin especificar,2520A,,null,,,,
IDA5597,2520,Persona,Perpetrador,Hombre,Sin especificar,Sin especificar,2520A,,null,,,,
IDA5598,2520,Persona,Perpetrador,Hombre,Sin especificar,Sin especificar,2520A,,null,,,,
IDA5599,2520,Persona,Víctima,Hombre,Sin especificar,Sin especificar,2520A,,null,,,,
IDA5600,2521,Persona,Perpetrador,Hombre,Sin especificar,Sin especificar,2521A,,null,,,,
IDA5601,2521,Persona,Perpetrador,Mujer,Sin especificar,Sin especificar,2521A,,null,,,,
IDA5602,2522,Persona,Perpetrador,Hombre,Sin especificar,Sin especificar,2522A,,null,,,,
IDA5603,2522,Persona,Perpetrador,Mujer,Sin especificar,Sin especificar,2522A,,null,,,,
IDA5604,2523,Persona,Perpetrador,Hombre,Sin especificar,Sin especificar,2523A,,null,,,,
IDA5605,2523,Persona,Perpetrador,Mujer,Sin especificar,Sin especificar,2523A,,null,,,,
IDA5606,2524,Persona,Perpetrador,Indeterminado,Indeterminado,Indeterminado,2524A,1,null,,,,
IDA5607,2524,Institución,Víctima,null,null,null,2524A,,Real Hacienda,,,,
IDA5608,2525,Persona,Perpetrador,Hombre,Sin especificar,Sin especificar,2525A,,null,,,,
IDA5609,2525,Persona,Víctima,Mujer,Sin especificar,Sin especificar,2525A,,null,,,,
IDA5610,2527,Persona,Perpetrador,Hombre,Sin especificar,Sin especificar,2527A,,null,,,,
IDA5611,2527,Persona,Víctima,Hombre,Sin especificar,Sin especificar,2527A,,null,,,,
IDA5612,2528,Persona,Perpetrador,Hombre,Sin especificar,Sin especificar,2528A,,null,,,,
IDA5613,2530,Persona,Perpetrador,Hombre,Sin especificar,Sin especificar,"2530A, 2530B",,null,,,,
IDA5614,2530,Persona,Víctima,Hombre,Sin especificar,Sin especificar,2530A,,null,,,,
IDA5615,2530,Persona,Víctima,Indeterminado,Indeterminado,Indeterminado,2530B,1,null,,,,
IDA5616,2531,Persona,Perpetrador,Hombre,Sin especificar,Sin especificar,2531A,,null,,,,
IDA5617,2531,Institución,Víctima,null,null,null,2531A,,La autoridad,,,,
IDA5618,2532,Persona,Perpetrador,Hombre,Sin especificar,Sin especificar,2532A,,null,,,,
IDA5619,2532,Institución,Víctima,null,null,null,2532A,,La autoridad,,,,
IDA5620,2533,Persona,Perpetrador,Hombre,Sin especificar,Sin especificar,"2533A, 2533B",,null,,,,
IDA5621,2533,Persona,Víctima,Hombre,Sin especificar,Fuerza armada,2533A,,null,,,,
IDA5622,2533,Persona,Víctima,Hombre,Indígenas,Sin especificar,2533B,,null,,,,
IDA5623,2534,Persona,Perpetrador,Hombre,Sin especificar,Sin especificar,"2534A, 2534B",,null,,,,
IDA5624,2534,Persona,Víctima,Hombre,Sin especificar,Sin especificar,2534A,,null,,,,
IDA5625,2535,Persona,Perpetrador,Mujer,Sin especificar,Sin especificar,2535A,,null,,,,
IDA5626,2535,Persona,Víctima,Hombre,Sin especificar,Sin especificar,2535A,,null,,,,
IDA5627,2536,Persona,Perpetrador,Hombre,Sin especificar,Sin especificar,2536A,,null,,,,
IDA5628,2536,Persona,Víctima,Hombre,Sin especificar,Sin especificar,2536A,,null,,,,
IDA5629,2537,Persona,Perpetrador,Hombre,Sin especificar,Sin especificar,2537A,,null,,,,
IDA5630,2537,Persona,Víctima,Hombre,Sin especificar,Sin especificar,2537A,,null,,,,
IDA5631,2538,Persona,Perpetrador,Hombre,Sin especificar,Sin especificar,2538A,,null,,,,
IDA5632,2538,Persona,Víctima,Hombre,Sin especificar,Sin especificar,2538A,,null,,,,
IDA5633,2540,Persona,Perpetrador,Hombre,Sin especificar,Sin especificar,2540A,,null,,,,
IDA5634,2540,Persona,Perpetrador,Hombre,Sin especificar,Sin especificar,2540A,,null,,,,
IDA5635,2540,Persona,Víctima,Hombre,Sin especificar,Sin especificar,2540A,,null,,,,
IDA5636,2541,Persona,Perpetrador,Hombre,Sin especificar,Sin especificar,2541A,,null,,,,
IDA5637,2541,Persona,Perpetrador,Hombre,Sin especificar,Sin especificar,2541A,,null,,,,
IDA5638,2541,Persona,Víctima,Hombre,Sin especificar,Político del Estado,2541A,,null,,,,
IDA5639,2542,Persona,Perpetrador,Hombre,Sin especificar,Sin especificar,"2542A, 2542B",,null,,,,
IDA5640,2542,Persona,Perpetrador,Hombre,Sin especificar,Sin especificar,"2542A, 2542B",,null,,,,
IDA5641,2542,Persona,Cómplice,Hombre,Sin especificar,Sin especificar,"2542A, 2542B",,null,,,,
IDA5642,2542,Persona,Cómplice,Hombre,Sin especificar,Sin especificar,"2542A, 2542B",,null,,,,
IDA5643,2542,Persona,Víctima,Hombre,Sin especificar,Político del Estado,2542A,,null,,,,
IDA5644,2542,Persona,Víctima,Mujer,Sin especificar,Sin especificar,2542B,,null,,,,
IDA5645,2543,Persona,Perpetrador,Hombre,Sin especificar,Sin especificar,2543A,,null,,,,
IDA5646,2545,Persona,Perpetrador,Hombre,Sin especificar,Sin especificar,2545A,,null,,,,
IDA5647,2545,Persona,Víctima,Hombre,Sin especificar,Fuerza armada,2545A,,null,,,,
IDA5648,2547,Persona,Perpetrador,Hombre,Sin especificar,Sin especificar,2547A,,null,,,,
IDA5649,2547,Persona,Perpetrador,Hombre,Sin especificar,Sin especificar,2547A,,null,,,,
IDA5650,2547,Persona,Perpetrador,Hombre,Sin especificar,Sin especificar,2547A,,null,,,,
IDA5651,2547,Persona,Víctima,Hombre,Sin especificar,Sin especificar,2547A,,null,,,,
IDA5652,2548,Persona,Perpetrador,Hombre,Sin especificar,Sin especificar,"2548A, 2548B",1,null,,,,
IDA5653,2548,Persona,Perpetrador,Hombre,Sin especificar,Sin especificar,"2548A, 2548B",1,null,,,,
IDA5654,2548,Persona,Perpetrador,Indeterminado,Indeterminado,Indeterminado,"2548A, 2548B",1,null,,,,
IDA5655,2548,Persona,Perpetrador,Indeterminado,Indeterminado,Indeterminado,"2548A, 2548B",1,null,,,,
IDA5656,2548,Persona,Víctima,Hombre,Sin especificar,Sin especificar,"2548A, 2548B",,null,,,,
IDA5657,2549,Persona,Perpetrador,Hombre,Sin especificar,Político del Estado,2549A,,null,,,,
IDA5658,2549,Persona,Víctima,Hombre,Sin especificar,Político del Estado,2549A,,null,,,,
IDA5659,2550,Persona,Perpetrador,Hombre,Sin especificar,Sin especificar,2550A,,null,,,,
IDA5660,2550,Persona,Perpetrador,Hombre,Sin especificar,Sin especificar,2550A,,null,,,,
IDA5661,2550,Persona,Perpetrador,Hombre,Sin especificar,Sin especificar,2550A,,null,,,,
IDA5662,2550,Persona,Perpetrador,Hombre,Sin especificar,Sin especificar,2550A,,null,,,,
IDA5663,2550,Persona,Víctima,Hombre,Sin especificar,Político del Estado,2550A,,null,,,,
IDA5664,2552,Persona,Perpetrador,Hombre,Indígenas,Sin especificar,2552A,1,null,,,,
IDA5665,2552,Persona,Perpetrador,Mujer,Indígenas,Sin especificar,2552A,1,null,,,,
IDA5666,2553,Persona,Perpetrador,Hombre,Indígenas,Sin especificar,2553A,1,null,,,,
IDA5667,2553,Persona,Perpetrador,Mujer,Indígenas,Sin especificar,2553A,1,null,,,,
IDA5668,2554,Persona,Perpetrador,Hombre,Sin especificar,Sin especificar,2554A,,null,,,,
IDA5669,2554,Persona,Víctima,Hombre,Sin especificar,Sin especificar,2554A,,null,,,,
IDA5670,2555,Persona,Perpetrador,Hombre,Sin especificar,Sin especificar,"2555A, 2555B",,null,,,,
IDA5671,2555,Persona,Perpetrador,Hombre,Sin especificar,Sin especificar,"2555A, 2555B",,null,,,,
IDA5672,2555,Persona,Perpetrador,Hombre,Sin especificar,Sin especificar,"2555A, 2555B",,null,,,,
IDA5673,2555,Persona,Víctima,Indeterminado,Indeterminado,Indeterminado,"2555A, 2555B",1,null,,,,
IDA5674,2556,Persona,Perpetrador,Hombre,Sin especificar,Sin especificar,2556A,,null,,,,
IDA5675,2556,Persona,Perpetrador,Hombre,Sin especificar,Sin especificar,2556A,,null,,,,
IDA5676,2556,Persona,Víctima,Hombre,Sin especificar,Sin especificar,2556A,,null,,,,
IDA5677,2557,Persona,Perpetrador,Hombre,Sin especificar,Político del Estado,2557A,,null,,,,
IDA5678,2557,Persona,Víctima,Mujer,Sin especificar,Sin especificar,2557A,,null,,,,
IDA5679,2558,Persona,Perpetrador,Mujer,Sin especificar,Sin especificar,2558A,,null,,,,
IDA5680,2558,Persona,Víctima,Hombre,Sin especificar,Sin especificar,2558A,,null,,,,
IDA5681,2560,Persona,Perpetrador,Hombre,Sin especificar,Sin especificar,2560A,,null,,,,
IDA5682,2560,Persona,Perpetrador,Hombre,Sin especificar,Sin especificar,2560A,,null,,,,
IDA5683,2560,Persona,Víctima,Hombre,Sin especificar,Sin especificar,2560A,,null,,,,
IDA5684,2562,Persona,Perpetrador,Hombre,Sin especificar,Sin especificar,2562A,,null,,,,
IDA5685,2562,Persona,Víctima,Hombre,Sin especificar,Político del Estado,2562A,,null,,,,
IDA5686,2564,Persona,Perpetrador,Hombre,Sin especificar,Sin especificar,2564A,,null,,,,
IDA5687,2564,Persona,Víctima,Hombre,Sin especificar,Sin especificar,2564A,,null,,,,
IDA5688,2565,Persona,Perpetrador,Mujer,Sin especificar,Sin especificar,2565A,,null,,,,
IDA5689,2565,Persona,Perpetrador,Mujer,Sin especificar,Sin especificar,2565A,,null,,,,
IDA5690,2565,Persona,Víctima,Hombre,Sin especificar,Sin especificar,2565A,,null,,,,
IDA5691,2565,Persona,Víctima,Hombre,Sin especificar,Sin especificar,2565A,,null,,,,
IDA5692,2566,Persona,Perpetrador,Hombre,Sin especificar,Sin especificar,2566A,,null,,,,
IDA5693,2566,Persona,Víctima,Indeterminado,Indeterminado,Indeterminado,2566A,1,null,,,,
IDA5694,2567,Persona,Perpetrador,Hombre,Sin especificar,Sin especificar,2567A,,null,,,,
IDA5695,2567,Persona,Perpetrador,Mujer,Sin especificar,Sin especificar,2567A,,null,,,,
IDA5696,2567,Persona,Víctima,Hombre,Sin especificar,Político del Estado,2567A,,null,,,,
IDA5697,2568,Persona,Perpetrador,Hombre,Sin especificar,Sin especificar,"2568A, 2568B",,null,,,,
IDA5698,2568,Persona,Perpetrador,Hombre,Sin especificar,Sin especificar,"2568A, 2568B",,null,,,,
IDA5699,2568,Persona,Víctima,Indeterminado,Indeterminado,Indeterminado,"2568A, 2568B",1,null,,,,
IDA5700,2569,Persona,Perpetrador,Hombre,Sin especificar,Sin especificar,2569A,,null,,,,
IDA5701,2569,Institución,Víctima,null,null,null,2569A,,La autoridad,,,,
IDA5702,2570,Persona,Perpetrador,Hombre,Sin especificar,Sin especificar,2570A,,null,,,,
IDA5703,2572,Persona,Perpetrador,Hombre,Sin especificar,Sin especificar,"2572A, 2572B",,null,,1,,
IDA5704,2572,Persona,Víctima,Indeterminado,Indeterminado,Indeterminado,2572A,,null,,1,,
IDA5705,2572,Persona,Perpetrador,Hombre,Sin especificar,Político del Estado,2572C,,null,,1,,
IDA5706,2572,Persona,Víctima,Hombre,Sin especificar,Sin especificar,2572C,,null,,1,,
IDA5707,2573,Persona,Perpetrador,Hombre,Sin especificar,Sin especificar,"2573A, 2573B",,null,,,,
IDA5708,2573,Persona,Perpetrador,Hombre,Sin especificar,Sin especificar,"2573A, 2573B",,null,,,,
IDA5709,2573,Persona,Víctima,Hombre,Sin especificar,Sin especificar,"2573A, 2573B",,null,,,,
IDA5710,2574,Persona,Perpetrador,Hombre,Sin especificar,Sin especificar,2574A,,null,,,,
IDA5711,2574,Persona,Víctima,Hombre,Sin especificar,Sin especificar,2574A,,null,,,,
IDA5712,2578,Persona,Perpetrador,Hombre,Sin especificar,Sin especificar,2578A,,null,,1,,
IDA5713,2578,Persona,Víctima,Indeterminado,Indeterminado,Indeterminado,2578A,1,null,,1,,
IDA5714,2578,Persona,Perpetrador,Hombre,Sin especificar,Político del Estado,2578B,,null,,1,,
IDA5715,2578,Persona,Víctima,Hombre,Sin especificar,Sin especificar,2578B,,null,,1,,
IDA5716,2581,Persona,Perpetrador,Hombre,Sin especificar,Sin especificar,2581A,,null,,,,
IDA5717,2581,Persona,Víctima,Indeterminado,Indeterminado,Indeterminado,2581A,1,null,,,,
IDA5718,2582,Persona,Perpetrador,Hombre,Sin especificar,Sin especificar,2582A,,null,,,,
IDA5719,2582,Persona,Víctima,Mujer,Sin especificar,Sin especificar,2582A,,null,,,,
IDA5720,2583,Persona,Perpetrador,Hombre,Sin especificar,Político del Estado,2583A,,null,,,,
IDA5721,2583,Persona,Víctima,Hombre,Sin especificar,Sin especificar,2583A,,null,,,,
IDA5722,2587,Persona,Perpetrador,Hombre,Sin especificar,Sin especificar,"2587A, 2587B",,null,,,,
IDA5723,2588,Persona,Perpetrador,Hombre,Sin especificar,Sin especificar,2588A,,null,,,,
IDA5724,2588,Persona,Perpetrador,Mujer,Sin especificar,Sin especificar,2588A,,null,,,,
IDA5725,2588,Persona,Perpetrador,Mujer,Sin especificar,Sin especificar,2588B,,null,,,,
IDA5726,2588,Persona,Víctima,Hombre,Sin especificar,Sin especificar,2588B,,null,,,,
IDA5727,2588,Persona,Perpetrador,Hombre,Sin especificar,Sin especificar,2588B,,null,,,,
IDA5728,2589,Persona,Perpetrador,Hombre,Sin especificar,Sin especificar,2589A,,null,,,,
IDA5729,2589,Persona,Perpetrador,Hombre,Sin especificar,Sin especificar,2589A,,null,,,,
IDA5730,2589,Persona,Víctima,Hombre,Sin especificar,Sin especificar,2589A,,null,,,,
IDA5731,2590,Persona,Perpetrador,Hombre,Sin especificar,Sin especificar,2590A,,null,,,,
IDA5732,2590,Institución,Víctima,null,null,null,2590A,,La autoridad,,,,
IDA5733,2592,Persona,Perpetrador,Hombre,Sin especificar,Sin especificar,2592A,,null,,,,
IDA5734,2592,Institución,Víctima,null,null,null,2592A,,La autoridad,,,,
IDA5735,2593,Persona,Perpetrador,Hombre,Sin especificar,Sin especificar,2593A,,null,,,,
IDA5736,2593,Persona,Víctima,Hombre,Sin especificar,Sin especificar,2593A,,null,,,,
IDA5737,2594,Persona,Perpetrador,Hombre,Sin especificar,Sin especificar,"2594A, 2594B",,null,,,,
IDA5738,2594,Persona,Víctima,Mujer,Sin especificar,Sin especificar,2594A,,null,,,,
IDA5739,2595,Persona,Perpetrador,Hombre,Sin especificar,Sin especificar,2595A,1,null,,,,
IDA5740,2595,Persona,Perpetrador,Hombre,Sin especificar,Sin especificar,2595A,1,null,,,,
IDA5741,2595,Persona,Perpetrador,Indeterminado,Indeterminado,Indeterminado,2595A,1,null,,,,
IDA5742,2595,Persona,Perpetrador,Indeterminado,Indeterminado,Indeterminado,2595A,1,null,,,,
IDA5743,2596,Persona,Perpetrador,Hombre,Sin especificar,Sin especificar,2596A,,null,,,,
IDA5744,2596,Persona,Víctima,Hombre,Sin especificar,Sin especificar,2596A,,null,,,,
IDA5745,2597,Persona,Perpetrador,Hombre,Sin especificar,Sin especificar,2597A,,null,,,,
IDA5746,2597,Persona,Víctima,Indeterminado,Indeterminado,Indeterminado,2597A,1,null,,,,
IDA5747,2598,Persona,Perpetrador,Hombre,Sin especificar,Político del Estado,2598A,,null,,,,
IDA5748,2598,Persona,Perpetrador,Hombre,Sin especificar,Sin especificar,2598A,,null,,,,
IDA5749,2598,Persona,Perpetrador,Hombre,Sin especificar,Sin especificar,2598A,,null,,,,
IDA5750,2598,Persona,Víctima,Hombre,Sin especificar,Político del Estado,2598A,,null,,,,
IDA5751,2599,Persona,Perpetrador,Hombre,Sin especificar,Sin especificar,2599A,1,null,,,,
IDA5752,2599,Persona,Perpetrador,Hombre,Sin especificar,Sin especificar,2599A,1,null,,,,
IDA5753,2599,Persona,Perpetrador,Indeterminado,Indeterminado,Indeterminado,2599A,1,null,,,,
IDA5754,2599,Persona,Perpetrador,Indeterminado,Indeterminado,Indeterminado,2599A,1,null,,,,
IDA5755,2599,Persona,Víctima,Indeterminado,Indeterminado,Indeterminado,2599A,1,null,,,,
IDA5756,2600,Persona,Perpetrador,Hombre,Sin especificar,Sin especificar,2600A,,null,,,,
IDA5757,2600,Persona,Perpetrador,Hombre,Sin especificar,Sin especificar,2600A,,null,,,,
IDA5758,2600,Persona,Víctima,Indeterminado,Indeterminado,Indeterminado,2600A,1,null,,,,
IDA5759,2601,Persona,Perpetrador,Hombre,Sin especificar,Sin especificar,2601A,,null,,,,
IDA5760,2601,Persona,Víctima,Hombre,Sin especificar,Sin especificar,2601A,,null,,,,
IDA5761,2602,Persona,Perpetrador,Hombre,Sin especificar,Sin especificar,2602A,,null,,,,
IDA5762,2602,Persona,Víctima,Hombre,Sin especificar,Político del Estado,2602A,,null,,,,
IDA5763,2603,Persona,Perpetrador,Hombre,Sin especificar,Sin especificar,2603A,,null,,,,
IDA5764,2603,Persona,Víctima,Mujer,Sin especificar,Sin especificar,2603A,,null,,,,
IDA5765,2604,Persona,Perpetrador,Hombre,Sin especificar,Sin especificar,"2604A, 2604B",,null,,1,,
IDA5766,2604,Persona,Víctima,Mujer,Sin especificar,Sin especificar,2604A,,null,,1,,
IDA5767,2604,Persona,Víctima,Hombre,Sin especificar,Sin especificar,2604B,,null,,1,,
IDA5768,2605,Persona,Perpetrador,Hombre,Sin especificar,Sin especificar,2605A,,null,,,,
IDA5769,2605,Persona,Víctima,Hombre,Sin especificar,Sin especificar,2605A,,null,,,,
IDA5770,2606,Persona,Perpetrador,Mujer,Sin especificar,Sin especificar,2606A,,null,,,,
IDA5771,2606,Persona,Víctima,Mujer,Sin especificar,Sin especificar,2606A,,null,,,,
IDA5772,2607,Persona,Perpetrador,Hombre,Sin especificar,Político del Estado,2607A,,null,,,,
IDA5773,2607,Institución,Víctima,null,null,null,2607A,,La autoridad,,,,
IDA5774,2608,Persona,Perpetrador,Hombre,Sin especificar,Político del Estado,"2608A, 2608B",1,null,,,,
IDA5775,2608,Persona,Perpetrador,Hombre,Sin especificar,Político del Estado,"2608A, 2608B",1,null,,,,
IDA5776,2609,Persona,Perpetrador,Hombre,Sin especificar,Sin especificar,"2609A, 2609B",,null,,,,
IDA5777,2609,Persona,Víctima,Indeterminado,Indeterminado,Indeterminado,"2609A, 2609B",1,null,,,,
IDA5778,2611,Persona,Perpetrador,Hombre,Sin especificar,Sin especificar,2611A,,null,,,,
IDA5779,2617,Persona,Perpetrador,Hombre,Sin especificar,Sin especificar,2617A,,null,,,,
IDA5780,2618,Persona,Perpetrador,Mujer,Sin especificar,Sin especificar,2618A,,null,,,,
IDA5781,2618,Persona,Víctima,Hombre,Sin especificar,Sin especificar,2618A,,null,,,,
IDA5782,2618,Persona,Perpetrador,Hombre,Sin especificar,Sin especificar,2618A,,null,,,,
IDA5783,2619,Persona,Perpetrador,Hombre,Sin especificar,Sin especificar,2619A,,null,,,,
IDA5784,2619,Persona,Perpetrador,Mujer,Sin especificar,Sin especificar,2619A,,null,,,,
IDA5785,2620,Persona,Perpetrador,Hombre,Sin especificar,Sin especificar,2620A,,null,,,,
IDA5786,2620,Persona,Víctima,Hombre,Sin especificar,Sin especificar,2620A,,null,,,,
IDA5787,2621,Persona,Perpetrador,Hombre,Sin especificar,Sin especificar,2621A,,null,,,,
IDA5788,2621,Persona,Víctima,Indeterminado,Indeterminado,Indeterminado,2621A,1,null,,,,
IDA5789,2622,Persona,Perpetrador,Hombre,Sin especificar,Sin especificar,2622A,,null,,,,
IDA5790,2623,Persona,Perpetrador,Hombre,Sin especificar,Sin especificar,2623A,,null,,,,
IDA5791,2623,Persona,Víctima,Indeterminado,Indeterminado,Indeterminado,2623A,1,null,,,,
IDA5792,2624,Persona,Perpetrador,Hombre,Sin especificar,Sin especificar,2624A,,null,,,,
IDA5793,2624,Persona,Víctima,Hombre,Sin especificar,Sin especificar,2624A,,null,,,,
IDA5794,2625,Persona,Perpetrador,Hombre,Sin especificar,Sin especificar,"2625A, 2625B",,null,,1,,
IDA5795,2625,Persona,Víctima,Hombre,Sin especificar,Sin especificar,"2625A, 2625B",,null,,1,,
IDA5796,2626,Persona,Perpetrador,Hombre,Sin especificar,Sin especificar,2626A,,null,,,,
IDA5797,2626,Persona,Víctima,Indeterminado,Indeterminado,Indeterminado,2626A,1,null,,,,
IDA5798,2627,Persona,Perpetrador,Hombre,Sin especificar,Sin especificar,"2627A, 2627B",,null,,,,
IDA5799,2627,Persona,Perpetrador,Mujer,Sin especificar,Sin especificar,2627A,,null,,,,
IDA5800,2627,Persona,Víctima,Mujer,Sin especificar,Sin especificar,2627B,,null,,,,
IDA5801,2628,Persona,Perpetrador,Hombre,Sin especificar,Sin especificar,"2628A, 2628B",,null,,,,
IDA5802,2628,Persona,Víctima,Indeterminado,Indeterminado,Indeterminado,"2628A, 2628B",1,null,,,,
IDA5803,2629,Persona,Perpetrador,Hombre,Sin especificar,Sin especificar,2629A,,null,,,,
IDA5804,2630,Persona,Perpetrador,Hombre,Sin especificar,Sin especificar,2630A,,null,,,,
IDA5805,2630,Persona,Víctima,Indeterminado,Indeterminado,Indeterminado,2630A,1,null,,,,
IDA5806,2631,Persona,Perpetrador,Hombre,Sin especificar,Sin especificar,2631A,,null,,,,
IDA5807,2631,Persona,Víctima,Hombre,Sin especificar,Sin especificar,2631A,,null,,,,
IDA5808,2632,Persona,Perpetrador,Hombre,Sin especificar,Sin especificar,2632A,,null,,,,
IDA5809,2632,Persona,Víctima,Hombre,Sin especificar,Sin especificar,2632A,,null,,,,
IDA5810,2633,Persona,Perpetrador,Hombre,Sin especificar,Sin especificar,2633A,,null,,,,
IDA5811,2633,Institución,Víctima,null,null,null,2633A,,Iglesia,,,,
IDA5812,2634,Persona,Perpetrador,Hombre,Sin especificar,Sin especificar,2634A,,null,,,,
IDA5813,2634,Persona,Perpetrador,Mujer,Sin especificar,Sin especificar,2634A,,null,,,,
IDA5814,2635,Persona,Perpetrador,Hombre,Sin especificar,Sin especificar,2635A,,null,,,,
IDA5815,2635,Persona,Víctima,Indeterminado,Indeterminado,Indeterminado,2635A,1,null,,,,
IDA5816,2636,Persona,Perpetrador,Hombre,Sin especificar,Sin especificar,2636A,,null,,,,
IDA5817,2636,Persona,Víctima,Hombre,Sin especificar,Sin especificar,2636A,,null,,,,
IDA5818,2637,Persona,Perpetrador,Hombre,Sin especificar,Sin especificar,2637A,,null,,,,
IDA5819,2637,Persona,Perpetrador,Mujer,Sin especificar,Sin especificar,2637A,,null,,,,
IDA5820,2638,Persona,Perpetrador,Hombre,Sin especificar,Sin especificar,2638A,,null,,,,
IDA5821,2638,Persona,Víctima,Hombre,Esclavo,Sin especificar,2638A,,null,,,,
IDA5822,2639,Persona,Perpetrador,Hombre,Sin especificar,Sin especificar,2639A,,null,,,,
IDA5823,2639,Persona,Víctima,Hombre,Sin especificar,Sin especificar,2639A,,null,,,,
IDA5824,2641,Persona,Perpetrador,Hombre,Sin especificar,Sin especificar,2641A,,null,,,,
IDA5825,2641,Persona,Víctima,Hombre,Sin especificar,Sin especificar,2641A,,null,,,,
IDA5826,2643,Persona,Perpetrador,Hombre,Sin especificar,Sin especificar,2643A,,null,,,,
IDA5827,2643,Persona,Víctima,Hombre,Sin especificar,Sin especificar,2643A,,null,,,,
IDA5828,2651,Persona,Perpetrador,Hombre,Sin especificar,Sin especificar,2651A,,null,,,,
IDA5829,2651,Persona,Víctima,Hombre,Sin especificar,Sin especificar,2651A,,null,,,,
IDA5830,2652,Persona,Perpetrador,Indeterminado,Indeterminado,Indeterminado,2652A,1,null,,,,
IDA5831,2652,Persona,Perpetrador,Indeterminado,Indeterminado,Indeterminado,2652A,1,null,,,,
IDA5832,2652,Persona,Víctima,Hombre,Sin especificar,Sin especificar,2652A,,null,,,,
IDA5833,2653,Persona,Perpetrador,Hombre,Sin especificar,Político del Estado,2653A,,null,,,,
IDA5834,2653,Persona,Víctima,Mujer,Sin especificar,Sin especificar,2653A,,null,,,,
IDA5835,2654,Persona,Perpetrador,Hombre,Sin especificar,Sin especificar,2654A,,null,,,,
IDA5836,2654,Persona,Perpetrador,Hombre,Sin especificar,Sin especificar,2654A,,null,,,,
IDA5837,2654,Persona,Perpetrador,Hombre,Sin especificar,Político del Estado,2654B,,null,,,,
IDA5838,2655,Persona,Perpetrador,Hombre,Sin especificar,Sin especificar,2655A,,null,,,,
IDA5839,2655,Persona,Víctima,Hombre,Sin especificar,Sin especificar,2655A,,null,,,,
IDA5840,2657,Persona,Perpetrador,Hombre,Sin especificar,Sin especificar,2657A,,null,,,,
IDA5841,2657,Población Indígena Completa,Víctima,null,null,null,2657A,,null,,,,
IDA5842,2658,Persona,Perpetrador,Hombre,Sin especificar,Sin especificar,2658A,,null,,,,
IDA5843,2658,Persona,Víctima,Hombre,Sin especificar,Sin especificar,2658A,,null,,,,
IDA5844,2659,Persona,Perpetrador,Hombre,Sin especificar,Político del Estado,2659A,,null,,,,
IDA5845,2659,Persona,Víctima,Hombre,Sin especificar,Sin especificar,2659A,,null,,,,
IDA5846,2660,Persona,Perpetrador,Hombre,Sin especificar,Sin especificar,2660A,,null,,,,
IDA5847,2660,Institución,Víctima,null,null,null,2660A,,La justicia/jueces,,,,
IDA5848,2662,Persona,Perpetrador,Hombre,Sin especificar,Sin especificar,2662A,,null,,,,
IDA5849,2663,Persona,Perpetrador,Hombre,Sin especificar,Sin especificar,2663A,,null,,,,
IDA5850,2663,Persona,Víctima,Indeterminado,Indeterminado,Indeterminado,2663A,1,null,,,,
IDA5851,2664,Persona,Perpetrador,Hombre,Sin especificar,Sin especificar,2664A,,null,,,,
IDA5852,2664,Persona,Perpetrador,Hombre,Sin especificar,Sin especificar,2664A,,null,,,,
IDA5853,2665,Persona,Perpetrador,Hombre,Sin especificar,Sin especificar,2665A,,null,,,,
IDA5854,2665,Persona,Víctima,Hombre,Sin especificar,Sin especificar,2665A,,null,,,,
IDA5855,2666,Persona,Perpetrador,Hombre,Sin especificar,Sin especificar,2666A,,null,,,,
IDA5856,2666,Persona,Víctima,Hombre,Sin especificar,Sin especificar,2666A,,null,,,,
IDA5857,2667,Persona,Perpetrador,Hombre,Sin especificar,Sin especificar,2667A,,null,,,,
IDA5858,2667,Persona,Víctima,Hombre,Sin especificar,Sin especificar,2667A,,null,,,,
IDA5859,2668,Persona,Perpetrador,Hombre,Sin especificar,Sin especificar,2668A,,null,,,,
IDA5860,2668,Persona,Perpetrador,Hombre,Sin especificar,Sin especificar,2668A,,null,,,,
IDA5861,2668,Persona,Víctima,Indeterminado,Indeterminado,Indeterminado,2668A,1,null,,,,
IDA5862,2669,Persona,Perpetrador,Hombre,Sin especificar,Sin especificar,2669A,,null,,,,
IDA5863,2669,Persona,Víctima,Indeterminado,Indeterminado,Indeterminado,2669A,1,null,,,,
IDA5864,2670,Persona,Perpetrador,Mujer,Sin especificar,Sin especificar,2670A,,null,,,,
IDA5865,2670,Persona,Víctima,Hombre,Sin especificar,Sin especificar,2670A,,null,,,,
IDA5866,2670,Persona,Perpetrador,Hombre,Sin especificar,Sin especificar,2670A,,null,,,,
IDA5867,2671,Persona,Perpetrador,Hombre,Sin especificar,Sin especificar,2671A,,null,,,,
IDA5868,2671,Persona,Víctima,Mujer,Sin especificar,Sin especificar,2671A,,null,,,,
IDA5869,2672,Persona,Perpetrador,Hombre,Sin especificar,Sin especificar,2672A,,null,,,,
IDA5870,2672,Persona,Víctima,Indeterminado,Indeterminado,Indeterminado,2672A,1,null,,,,
IDA5871,2673,Persona,Perpetrador,Hombre,Sin especificar,Sin especificar,2673A,,null,,,,
IDA5872,2673,Persona,Víctima,Hombre,Sin especificar,Eclesiástico,2673A,,null,,,,
IDA5873,2674,Persona,Perpetrador,Hombre,Sin especificar,Sin especificar,2674A,,null,,,,
IDA5874,2674,Persona,Perpetrador,Mujer,Sin especificar,Sin especificar,2674A,,null,,,,
IDA5875,2675,Persona,Perpetrador,Hombre,Sin especificar,Sin especificar,2675A,,null,,,,
IDA5876,2675,Persona,Perpetrador,Hombre,Sin especificar,Sin especificar,2675A,,null,,,,
IDA5877,2675,Persona,Perpetrador,Hombre,Sin especificar,Sin especificar,2675A,,null,,,,
IDA5878,2675,Persona,Víctima,Hombre,Sin especificar,Sin especificar,2675A,,null,,,,
IDA5879,2676,Persona,Perpetrador,Hombre,Sin especificar,Sin especificar,2676A,,null,,,,
IDA5880,2676,Institución,Víctima,null,null,null,2676A,,La autoridad,,,,
IDA5881,2677,Persona,Perpetrador,Hombre,Sin especificar,Sin especificar,2677A,,null,,,,
IDA5882,2677,Persona,Víctima,Hombre,Sin especificar,Sin especificar,2677A,,null,,,,
IDA5883,2678,Persona,Perpetrador,Mujer,Sin especificar,Sin especificar,2678A,,null,,,,
IDA5884,2678,Persona,Víctima,Hombre,Sin especificar,Sin especificar,2678A,,null,,,,
IDA5885,2679,Persona,Perpetrador,Hombre,Sin especificar,Sin especificar,2679A,,null,,,,
IDA5886,2679,Persona,Perpetrador,Hombre,Sin especificar,Sin especificar,2679A,,null,,,,
IDA5887,2679,Persona,Víctima,Indeterminado,Indeterminado,Indeterminado,2679A,1,null,,,,
IDA5888,2680,Persona,Perpetrador,Hombre,Sin especificar,Político del Estado,2680A,,null,,,,
IDA5889,2680,Persona,Víctima,Hombre,Sin especificar,Sin especificar,2680A,,null,,,,
IDA5890,2681,Persona,Perpetrador,Hombre,Sin especificar,Sin especificar,2681A,,null,,,,
IDA5891,2681,Persona,Víctima,Hombre,Sin especificar,Político del Estado,2681A,,null,,,,
IDA5892,2682,Persona,Perpetrador,Hombre,Sin especificar,Sin especificar,2682A,,null,,,,
IDA5893,2682,Persona,Perpetrador,Hombre,Sin especificar,Sin especificar,2682A,,null,,,,
IDA5894,2682,Persona,Víctima,Hombre,Sin especificar,Sin especificar,2682A,,null,,,,
IDA5895,2683,Persona,Perpetrador,Hombre,Sin especificar,Sin especificar,2683A,,null,,,,
IDA5896,2683,Persona,Perpetrador,Mujer,Mestizo,Sin especificar,2683A,,null,,,,
IDA5897,2684,Persona,Perpetrador,Hombre,Sin especificar,Sin especificar,2684A,,null,,,,
IDA5898,2684,Persona,Víctima,Hombre,Sin especificar,Sin especificar,2684A,,null,,,,
IDA5899,2686,Persona,Perpetrador,Hombre,Sin especificar,Sin especificar,"2686A, 2686B",,null,,,,
IDA5900,2686,Institución,Víctima,null,null,null,2686A,,La autoridad,,,,
IDA5901,2686,Persona,Víctima,Hombre,Sin especificar,Fuerza armada,2686B,,null,,,,
IDA5902,2687,Persona,Perpetrador,Hombre,Sin especificar,Sin especificar,2687A,,null,,,,
IDA5903,2687,Persona,Víctima,Hombre,Sin especificar,Político del Estado,2687A,,null,,,,
IDA5904,2687,Persona,Víctima,Mujer,Sin especificar,Político del Estado,2687A,,null,,,,
IDA5905,2688,Persona,Perpetrador,Hombre,Sin especificar,Sin especificar,"2688A, 2688B, 2688C",,null,,,,
IDA5906,2688,Persona,Perpetrador,Hombre,Sin especificar,Sin especificar,2688A,,null,,,,
IDA5907,2688,Institución,Víctima,null,null,null,2688A,,La autoridad,,,,
IDA5908,2688,Persona,Víctima,Hombre,Sin especificar,Político del Estado,"2688B, 2688C",,null,,,,
IDA5909,2688,Persona,Perpetrador,Hombre,Sin especificar,Político del Estado,"2688D, 2688E, 2688F, 2688G, 2688H",,null,,,,
IDA5910,2688,Persona,Víctima,Indeterminado,Indeterminado,Indeterminado,"2688D, 2688E, 2688F, 2688G, 2688H",1,null,,,,
IDA5911,2688,Persona,Víctima,Indeterminado,Indeterminado,Indeterminado,"2688D, 2688E, 2688F, 2688G, 2688H",1,null,,,,
IDA5912,2688,Persona,Perpetrador,Hombre,Sin especificar,Sin especificar,"2688B, 2688C, 2688A",,null,,,,
IDA5913,2688,Persona,Víctima,Hombre,Sin especificar,Político del Estado,"2688B, 2688C",,null,,,,
IDA5914,2688,Persona,Perpetrador,Hombre,Sin especificar,Político del Estado,"2688D, 2688E, 2688F, 2688G, 2688H",,null,,,,
IDA5915,2688,Persona,Perpetrador,Hombre,Sin especificar,Sin especificar,2688A,,null,,,,
IDA5916,2688,Institución,Víctima,null,null,null,2688A,,La autoridad,,,,
IDA5917,2689,Persona,Perpetrador,Hombre,Sin especificar,Sin especificar,2689A,,null,,,,
IDA5918,2689,Persona,Víctima,Indeterminado,Indeterminado,Indeterminado,2689A,1,null,,,,
IDA5919,2690,Persona,Perpetrador,Hombre,Sin especificar,Sin especificar,"2690A, 2690B",,null,,,,
IDA5920,2690,Persona,Perpetrador,Hombre,Sin especificar,Sin especificar,"2690A, 2690B",,null,,,,
IDA5921,2690,Persona,Perpetrador,Hombre,Sin especificar,Sin especificar,"2690A, 2690B",,null,,,,
IDA5922,2690,Persona,Perpetrador,Hombre,Sin especificar,Sin especificar,"2690A, 2690B",,null,,,,
IDA5923,2690,Población Indígena Completa,Víctima,null,null,null,2690A,,null,,,,
IDA5924,2690,Persona,Víctima,Indeterminado,Indeterminado,Indeterminado,2690B,1,null,,,,
IDA5925,2691,Persona,Perpetrador,Hombre,Sin especificar,Político del Estado,"2691A, 2691B",,null,,,,
IDA5926,2691,Persona,Perpetrador,Hombre,Sin especificar,Político del Estado,"2691A, 2691B",,null,,,,
IDA5927,2691,Persona,Perpetrador,Hombre,Sin especificar,Político del Estado,"2691A, 2691B",,null,,,,
IDA5928,2691,Persona,Perpetrador,Hombre,Sin especificar,Político del Estado,"2691B, 2691A",,null,,,,
IDA5929,2691,Persona,Perpetrador,Hombre,Sin especificar,Político del Estado,"2691B, 2691A",,null,,,,
IDA5930,2691,Persona,Perpetrador,Hombre,Sin especificar,Político del Estado,"2691B, 2691A",,null,,,,
IDA5931,2692,Persona,Perpetrador,Hombre,Sin especificar,Sin especificar,2692A,,null,,,,
IDA5932,2692,Persona,Víctima,Hombre,Sin especificar,Sin especificar,2692A,,null,,,,
IDA5933,2693,Persona,Perpetrador,Hombre,Sin especificar,Sin especificar,"2693A, 2693B, 2693C",,null,,,,
IDA5934,2693,Persona,Víctima,Indeterminado,Indeterminado,Indeterminado,2693A,1,null,,,,
IDA5935,2693,Institución,Víctima,null,null,null,2693B,,La autoridad,,,,
IDA5936,2693,Persona,Perpetrador,Mujer,Sin especificar,Sin especificar,2693C,,null,,,,
IDA5937,2694,Persona,Perpetrador,Hombre,Sin especificar,Sin especificar,"2694A, 2694B",,null,,,,
IDA5938,2694,Persona,Perpetrador,Mujer,Sin especificar,Sin especificar,2694A,,null,,,,
IDA5939,2695,Persona,Perpetrador,Hombre,Sin especificar,Sin especificar,2695A,,null,,,,
IDA5940,2695,Persona,Víctima,Mujer,Sin especificar,Sin especificar,2695A,,null,,,,
IDA5941,2696,Persona,Perpetrador,Hombre,Sin especificar,Sin especificar,2696A,,null,,,,
IDA5942,2696,Persona,Víctima,Indeterminado,Indeterminado,Indeterminado,2696A,1,null,,,,
IDA5943,2697,Persona,Perpetrador,Hombre,Sin especificar,Sin especificar,2697A,,null,,,,
IDA5944,2697,Persona,Víctima,Hombre,Sin especificar,Sin especificar,2697A,,null,,,,
IDA5945,2698,Persona,Perpetrador,Hombre,Sin especificar,Sin especificar,2698A,,null,,,,
IDA5946,2698,Persona,Víctima,Hombre,Sin especificar,Sin especificar,2698A,,null,,,,
IDA5947,2700,Persona,Perpetrador,Mujer,Sin especificar,Sin especificar,2700A,,null,,,,
IDA5948,2700,Persona,Víctima,Hombre,Sin especificar,Sin especificar,2700A,,null,,,,
IDA5949,2701,Persona,Perpetrador,Hombre,Sin especificar,Sin especificar,2701A,,null,,,,
IDA5950,2701,Persona,Víctima,Hombre,Sin especificar,Político del Estado,2701A,,null,,,,
IDA5951,2702,Persona,Perpetrador,Hombre,Sin especificar,Político del Estado,"2702A, 2702B",,null,,,,
IDA5952,2702,Persona,Perpetrador,Hombre,Sin especificar,Político del Estado,"2702A, 2702B",,null,,,,
IDA5953,2702,Persona,Víctima,Hombre,Sin especificar,Sin especificar,"2702A, 2702B",,null,,,,
IDA5954,2703,Persona,Perpetrador,Hombre,Sin especificar,Sin especificar,2703A,,null,,,,
IDA5955,2703,Persona,Víctima,Indeterminado,Indeterminado,Indeterminado,2703A,,null,,,,
IDA5956,2704,Persona,Perpetrador,Hombre,Sin especificar,Sin especificar,2704A,,null,,,,
IDA5957,2704,Persona,Víctima,Indeterminado,Indeterminado,Indeterminado,2704A,1,null,,,,
IDA5958,2706,Persona,Perpetrador,Indeterminado,Indeterminado,Indeterminado,2706A,1,null,,,,
IDA5959,2706,Persona,Víctima,Mujer,Sin especificar,Sin especificar,2706A,,null,,,,
IDA5960,2706,Persona,Perpetrador,Mujer,Sin especificar,Sin especificar,2706B,,null,,,,
IDA5961,2706,Persona,Víctima,Hombre,Sin especificar,Sin especificar,2706B,,null,,,,
IDA5962,2706,Persona,Perpetrador,Hombre,Sin especificar,Sin especificar,2706B,,null,,,,
IDA5963,2706,Persona,Perpetrador,Mujer,Sin especificar,Sin especificar,2706B,,null,,,,
IDA5964,2706,Persona,Víctima,Hombre,Sin especificar,Sin especificar,2706B,,null,,,,
IDA5965,2706,Persona,Víctima,Mujer,Sin especificar,Sin especificar,2706A,,null,,,,
IDA5966,2707,Persona,Perpetrador,Hombre,Sin especificar,Sin especificar,2707A,,null,,,,
IDA5967,2707,Persona,Víctima,Hombre,Sin especificar,Sin especificar,2707A,,null,,,,
IDA5968,2707,Persona,Víctima,Hombre,Sin especificar,Sin especificar,2707A,,null,,,,
IDA5969,2708,Persona,Perpetrador,Hombre,Sin especificar,Sin especificar,2708A,,null,,,,
IDA5970,2708,Persona,Perpetrador,Hombre,Sin especificar,Sin especificar,2708A,,null,,,,
IDA5971,2708,Persona,Víctima,Hombre,Sin especificar,Sin especificar,2708A,,null,,,,
IDA5972,2709,Persona,Perpetrador,Hombre,Sin especificar,Sin especificar,2709A,,null,,,,
IDA5973,2709,Persona,Víctima,Indeterminado,Indeterminado,Indeterminado,2709A,1,null,,,,
IDA5974,2710,Persona,Perpetrador,Hombre,Sin especificar,Sin especificar,"2710A, 2710B",,null,,,,
IDA5975,2710,Persona,Perpetrador,Hombre,Sin especificar,Sin especificar,"2710B, 2710A",,null,,,,
IDA5976,2711,Persona,Perpetrador,Hombre,Sin especificar,Sin especificar,2711A,,null,,,,
IDA5977,2711,Persona,Perpetrador,Mujer,Sin especificar,Sin especificar,2711A,,null,,,,
IDA5978,2713,Persona,Perpetrador,Hombre,Sin especificar,Sin especificar,2713A,,null,,,,
IDA5979,2713,Persona,Perpetrador,Mujer,Sin especificar,Sin especificar,2713A,,null,,,,
IDA5980,2713,Persona,Perpetrador,Mujer,Sin especificar,Sin especificar,2713B,,null,,,,
IDA5981,2713,Persona,Víctima,Hombre,Sin especificar,Sin especificar,2713B,,null,,,,
IDA5982,2713,Persona,Perpetrador,Hombre,Sin especificar,Sin especificar,2713B,,null,,,,
IDA5983,2714,Persona,Perpetrador,Hombre,Sin especificar,Sin especificar,2714A,,null,,,,
IDA5984,2714,Persona,Víctima,Hombre,Sin especificar,Sin especificar,2714A,,null,,,,
IDA5985,2715,Persona,Perpetrador,Hombre,Sin especificar,Sin especificar,"2715A, 2715B",,null,,,,
IDA5986,2715,Persona,Perpetrador,Mujer,Sin especificar,Sin especificar,2715A,,null,,,,
IDA5987,2715,Persona,Perpetrador,Mujer,Sin especificar,Sin especificar,2715A,,null,,,,
IDA5988,2715,Persona,Perpetrador,Mujer,Sin especificar,Sin especificar,2715A,,null,,,,
IDA5989,2715,Persona,Perpetrador,Mujer,Sin especificar,Sin especificar,2715A,,null,,,,
IDA5990,2715,Persona,Víctima,Indeterminado,Indeterminado,Indeterminado,2715B,1,null,,,,
IDA5991,2716,Persona,Perpetrador,Hombre,Sin especificar,Sin especificar,2716A,,null,,1,,
IDA5992,2716,Persona,Víctima,Hombre,Sin especificar,Político del Estado,2716A,,null,,1,,
IDA5993,2716,Persona,Perpetrador,Hombre,Sin especificar,Político del Estado,2716B,,null,,1,,
IDA5994,2716,Persona,Víctima,Hombre,Sin especificar,Sin especificar,2716B,,null,,1,,
IDA5995,2717,Persona,Perpetrador,Hombre,Sin especificar,Sin especificar,2717A,,null,,,,
IDA5996,2717,Persona,Víctima,Hombre,Sin especificar,Sin especificar,2717A,,null,,,,
IDA5997,2718,Persona,Perpetrador,Hombre,Sin especificar,Sin especificar,"2718A, 2718B",,null,,,,
IDA5998,2718,Persona,Perpetrador,Mujer,Negro libre/mulato,Sin especificar,"2718A, 2718B",,null,,,,
IDA5999,2718,Persona,Víctima,Mujer,Sin especificar,Sin especificar,2718B,,null,,,,
IDA6000,2719,Persona,Perpetrador,Hombre,Sin especificar,Sin especificar,2719A,,null,,,,
IDA6001,2719,Persona,Víctima,Mujer,Indígenas,Sin especificar,2719A,,null,,,,
IDA6002,2720,Persona,Perpetrador,Hombre,Sin especificar,Sin especificar,2720A,,null,,,,
IDA6003,2720,Persona,Víctima,Indeterminado,Indeterminado,Indeterminado,2720A,1,null,,,,
IDA6004,2721,Persona,Perpetrador,Hombre,Sin especificar,Sin especificar,2721A,,null,,,,
IDA6005,2721,Persona,Perpetrador,Mujer,Indígenas,Sin especificar,2721A,,null,,,,
IDA6006,2722,Persona,Perpetrador,Hombre,Sin especificar,Sin especificar,2722A,,null,,,,
IDA6007,2722,Persona,Víctima,Hombre,Sin especificar,Sin especificar,2722A,,null,,,,
IDA6008,2723,Persona,Perpetrador,Hombre,Sin especificar,Sin especificar,2723A,,null,,,,
IDA6009,2723,Persona,Perpetrador,Mujer,Sin especificar,Sin especificar,2723A,,null,,,,
IDA6010,2723,Persona,Perpetrador,Mujer,Sin especificar,Sin especificar,2723B,,null,,,,
IDA6011,2723,Persona,Víctima,Hombre,Sin especificar,Sin especificar,2723B,,null,,,,
IDA6012,2723,Persona,Perpetrador,Hombre,Sin especificar,Sin especificar,2723B,,null,,,,
IDA6013,2724,Persona,Perpetrador,Hombre,Sin especificar,Sin especificar,"2724A, 2724B",,null,,,,
IDA6014,2724,Persona,Víctima,Mujer,Sin especificar,Sin especificar,"2724A, 2724B",,null,,,,
IDA6015,2725,Persona,Perpetrador,Hombre,Sin especificar,Político del Estado,2725A,,null,,,,
IDA6016,2726,Persona,Perpetrador,Hombre,Sin especificar,Sin especificar,"2726A, 2726B",,null,,,,
IDA6017,2730,Población Completa,Perpetrador,null,null,null,2730A,,null,,,,
IDA6018,2730,Institución,Víctima,null,null,null,2730A,,La autoridad,,,,
IDA6019,2730,Población Completa,Perpetrador,null,null,null,2730A,,null,,,,
IDA6020,2730,Institución,Víctima,null,null,null,2730A,,La autoridad,,,,
IDA6021,2733,Institución,Perpetrador,null,null,null,2733A,,La autoridad,,,,
IDA6022,2733,Población Completa,Víctima,null,null,null,2733A,,null,,,,
IDA6023,2733,Institución,Perpetrador,null,null,null,2733A,,La autoridad,,,,
IDA6024,2733,Población Completa,Víctima,null,null,null,2733A,,null,,,,
IDA6025,2734,Persona,Perpetrador,Hombre,Sin especificar,Sin especificar,2734A,,null,,,,
IDA6026,2734,Persona,Perpetrador,Hombre,Sin especificar,Sin especificar,2734A,,null,,,,
IDA6027,2734,Persona,Víctima,Hombre,Sin especificar,Sin especificar,2734A,,null,,,,
IDA6028,2735,Persona,Perpetrador,Hombre,Sin especificar,Sin especificar,2735A,,null,,,,
IDA6029,2735,Persona,Víctima,Hombre,Sin especificar,Sin especificar,2735A,,null,,,,
IDA6030,2736,Persona,Perpetrador,Hombre,Sin especificar,Sin especificar,2736A,,null,,,,
IDA6031,2736,Institución,Víctima,null,null,null,2736A,,Real Hacienda,,,,
IDA6032,2737,Persona,Perpetrador,Hombre,Sin especificar,Político del Estado,"2737A, 2737B",,null,,,,
IDA6033,2737,Persona,Víctima,Hombre,Sin especificar,Sin especificar,"2737A, 2737B",,null,,,,
IDA6034,2738,Persona,Perpetrador,Hombre,Sin especificar,Sin especificar,2738A,,null,,,,
IDA6035,2738,Persona,Víctima,Mujer,Sin especificar,Sin especificar,2738A,,null,,,,
IDA6036,2741,Persona,Perpetrador,Indeterminado,Indeterminado,Indeterminado,2741A,1,null,,,,
IDA6037,2741,Persona,Víctima,Hombre,Sin especificar,Fuerza armada,2741A,,null,,,,
IDA6038,2742,Persona,Perpetrador,Hombre,Indígenas,Sin especificar,2742A,1,null,,,,
IDA6039,2742,Institución,Víctima,null,null,null,2742A,,La autoridad,,,,
IDA6040,2743,Persona,Perpetrador,Hombre,Sin especificar,Sin especificar,"2743A, 2743B, 2743C",,null,,,,
IDA6041,2743,Persona,Perpetrador,Mujer,Sin especificar,Sin especificar,"2743A, 2743B",,null,,,,
IDA6042,2743,Persona,Víctima,Mujer,Sin especificar,Sin especificar,"2743B, 2743C",,null,,,,
IDA6043,2745,Persona,Perpetrador,Hombre,Indígenas,Sin especificar,2745A,1,null,,,,
IDA6044,2745,Persona,Perpetrador,Hombre,Indígenas,Sin especificar,2745A,1,null,,,,
IDA6045,2745,Persona,Víctima,Hombre,Sin especificar,Sin especificar,2745A,,null,,,,
IDA6046,2748,Persona,Perpetrador,Hombre,Sin especificar,Sin especificar,2748A,,null,,,,
IDA6047,2748,Persona,Víctima,Indeterminado,Indeterminado,Indeterminado,2748A,1,null,,,,
IDA6048,2762,Persona,Perpetrador,Indeterminado,Indeterminado,Indeterminado,2762A,1,null,,,,
IDA6049,2763,Persona,Perpetrador,Hombre,Sin especificar,Sin especificar,2763A,,null,,,,
IDA6050,2763,Persona,Perpetrador,Mujer,Sin especificar,Sin especificar,2763A,,null,,,,
IDA6051,2764,Persona,Perpetrador,Indeterminado,Indeterminado,Indeterminado,2764A,1,null,,,,
IDA6052,2764,Persona,Víctima,Hombre,Sin especificar,Sin especificar,2764A,,null,,,,
IDA6053,2770,Persona,Perpetrador,Hombre,Sin especificar,Sin especificar,2770A,,null,,,,
IDA6054,2770,Persona,Víctima,Hombre,Sin especificar,Sin especificar,2770A,,null,,,,
IDA6055,2771,Persona,Perpetrador,Hombre,Sin especificar,Sin especificar,2771A,,null,,,,
IDA6056,2771,Persona,Víctima,Hombre,Sin especificar,Sin especificar,2771A,,null,,,,
IDA6057,2773,Persona,Perpetrador,Hombre,Sin especificar,Sin especificar,"2773A, 2773B, 2773C",,null,,1,,
IDA6058,2773,Persona,Perpetrador,Hombre,Sin especificar,Sin especificar,2773A,,null,,1,,
IDA6059,2773,Persona,Perpetrador,Hombre,Sin especificar,Sin especificar,2773A,,null,,1,,
IDA6060,2773,Persona,Perpetrador,Hombre,Sin especificar,Fuerza armada,2773A,,null,,1,,
IDA6061,2773,Persona,Víctima,Hombre,Sin especificar,Fuerza armada,"2773B, 2773C",,null,,1,,
IDA6062,2775,Persona,Perpetrador,Hombre,Sin especificar,Político del Estado,"2775A, 2775B",,null,,,,
IDA6063,2775,Persona,Víctima,Mujer,Sin especificar,Sin especificar,"2775A, 2775B",,null,,,,
IDA6064,2776,Persona,Perpetrador,Hombre,Sin especificar,Sin especificar,2776A,1,null,,,,
IDA6065,2776,Persona,Perpetrador,Mujer,Sin especificar,Sin especificar,2776A,1,null,,,,
IDA6066,2776,Institución,Víctima,null,null,null,2776A,,La justicia/jueces,,,,
IDA6067,2777,Persona,Perpetrador,Hombre,Sin especificar,Sin especificar,2777A,,null,,,,
IDA6068,2777,Persona,Perpetrador,Hombre,Sin especificar,Sin especificar,2777A,,null,,,,
IDA6069,2777,Persona,Víctima,Hombre,Sin especificar,Sin especificar,2777A,,null,,,,
IDA6070,2778,Persona,Perpetrador,Hombre,Sin especificar,Sin especificar,2778A,,null,,,,
IDA6071,2778,Persona,Víctima,Hombre,Sin especificar,Sin especificar,2778A,,null,,,,
IDA6072,2779,Persona,Perpetrador,Hombre,Sin especificar,Sin especificar,2779A,,null,,,,
IDA6073,2779,Persona,Víctima,Mujer,Sin especificar,Sin especificar,2779A,,null,,,,
IDA6074,2779,Persona,Víctima,Mujer,Sin especificar,Sin especificar,2779A,,null,,,,
IDA6075,2780,Persona,Perpetrador,Hombre,Sin especificar,Sin especificar,2780A,,null,,,,
IDA6076,2780,Institución,Víctima,null,null,null,2780A,,Real Hacienda,,,,
IDA6077,2785,Persona,Perpetrador,Hombre,Sin especificar,Sin especificar,2785A,,null,,,,
IDA6078,2785,Persona,Víctima,Hombre,Negro libre/mulato,Sin especificar,2785A,,null,,,,
IDA6079,2786,Persona,Perpetrador,Hombre,Sin especificar,Sin especificar,2786A,1,null,,,,
IDA6080,2786,Persona,Perpetrador,Hombre,Sin especificar,Sin especificar,2786A,1,null,,,,
IDA6081,2786,Persona,Víctima,Hombre,Sin especificar,Sin especificar,2786A,1,null,,,,
IDA6082,2787,Persona,Perpetrador,Mujer,Sin especificar,Sin especificar,2787A,,null,,,,
IDA6083,2787,Institución,Víctima,null,null,null,2787A,,La autoridad,,,,
IDA6084,2787,Persona,Perpetrador,Mujer,Sin especificar,Sin especificar,2787A,,null,,,,
IDA6085,2787,Institución,Víctima,null,null,null,2787A,,La autoridad,,,,
IDA6086,2790,Persona,Perpetrador,Hombre,Sin especificar,Sin especificar,2790A,,null,,,,
IDA6087,2790,Persona,Víctima,Hombre,Sin especificar,Sin especificar,2790A,,null,,,,
IDA6088,2791,Persona,Perpetrador,Hombre,Sin especificar,Sin especificar,2791A,,null,,,,
IDA6089,2795,Persona,Perpetrador,Hombre,Sin especificar,Sin especificar,2795A,,null,,,,
IDA6090,2797,Persona,Perpetrador,Hombre,Sin especificar,Sin especificar,2797A,,null,,,,
IDA6091,2801,Persona,Perpetrador,Indeterminado,Indeterminado,Indeterminado,2801A,1,null,,,,
IDA6092,2801,Persona,Víctima,Hombre,Sin especificar,Sin especificar,2801A,,null,,,,
IDA6093,2801,Persona,Víctima,Hombre,Sin especificar,Sin especificar,2801A,,null,,,,
IDA6094,2808,Persona,Perpetrador,Hombre,Sin especificar,Sin especificar,2808A,,null,,,,
IDA6095,2808,Persona,Víctima,Hombre,Sin especificar,Político del Estado,2808A,,null,,,,
IDA6096,2809,Persona,Perpetrador,Hombre,Sin especificar,Político del Estado,"2809A, 2809B",,null,,,,
IDA6097,2810,Persona,Perpetrador,Hombre,Sin especificar,Sin especificar,2810A,,null,,,,
IDA6098,2810,Institución,Víctima,null,null,null,2810A,,La justicia/jueces,,,,
IDA6099,2811,Persona,Perpetrador,Hombre,Sin especificar,Sin especificar,2811A,,null,,,,
IDA6100,2811,Persona,Víctima,Mujer,Sin especificar,Sin especificar,2811A,,null,,,,
IDA6101,2812,Persona,Perpetrador,Hombre,Sin especificar,Sin especificar,2812A,,null,,,,
IDA6102,2812,Persona,Víctima,Indeterminado,Indeterminado,Indeterminado,2812A,1,null,,,,
IDA6103,2813,Persona,Perpetrador,Hombre,Sin especificar,Sin especificar,2813A,,null,,,,
IDA6104,2813,Persona,Víctima,Hombre,Sin especificar,Sin especificar,2813A,,null,,,,
IDA6105,2814,Persona,Perpetrador,Hombre,Sin especificar,Sin especificar,"2814A, 2814B",,null,,,,
IDA6106,2815,Persona,Perpetrador,Hombre,Sin especificar,Sin especificar,2815A,,null,,,,
IDA6107,2815,Persona,Víctima,Hombre,Sin especificar,Sin especificar,2815A,1,null,,,,
IDA6108,2815,Persona,Víctima,Mujer,Sin especificar,Sin especificar,2815A,1,null,,,,
IDA6109,2816,Persona,Perpetrador,Hombre,Sin especificar,Fuerza armada,2816A,1,null,,,,
IDA6110,2816,Persona,Perpetrador,Hombre,Sin especificar,Fuerza armada,2816A,1,null,,,,
IDA6111,2816,Persona,Víctima,Hombre,Sin especificar,Sin especificar,2816A,,null,,,,
IDA6112,2817,Persona,Perpetrador,Hombre,Sin especificar,Sin especificar,2817A,,null,,,,
IDA6113,2817,Persona,Víctima,Hombre,Sin especificar,Sin especificar,2817A,,null,,,,
IDA6114,2818,Persona,Perpetrador,Hombre,Sin especificar,Sin especificar,2818A,,null,,,,
IDA6115,2818,Persona,Víctima,Hombre,Sin especificar,Sin especificar,2818A,,null,,,,
IDA6116,2828,Persona,Perpetrador,Hombre,Sin especificar,Sin especificar,2828A,,null,,,,
IDA6117,2828,Persona,Víctima,Indeterminado,Indeterminado,Indeterminado,2828A,,null,,,,
IDA6118,2829,Persona,Perpetrador,Hombre,Sin especificar,Sin especificar,"2829A, 2829B, 2829C",,null,,,,
IDA6119,2830,Persona,Perpetrador,Indeterminado,Indeterminado,Indeterminado,2830A,1,null,,,,
IDA6120,2830,Persona,Víctima,Hombre,Sin especificar,Sin especificar,2830A,,null,,,,
IDA6121,2832,Persona,Perpetrador,Hombre,Sin especificar,Sin especificar,2832A,,null,,,,
IDA6122,2832,Persona,Perpetrador,Hombre,Sin especificar,Sin especificar,2832A,,null,,,,
IDA6123,2833,Persona,Perpetrador,Hombre,Sin especificar,Sin especificar,2833A,,null,,,,
IDA6124,2833,Persona,Víctima,Hombre,Sin especificar,Sin especificar,2833A,,null,,,,
IDA6125,2834,Persona,Perpetrador,Hombre,Sin especificar,Sin especificar,2834A,,null,,,,
IDA6126,2834,Persona,Víctima,Hombre,Sin especificar,Sin especificar,2834A,,null,,,,
IDA6127,2836,Persona,Perpetrador,Mujer,Sin especificar,Sin especificar,2836A,,null,,,,
IDA6128,2836,Persona,Víctima,Hombre,Sin especificar,Sin especificar,2836A,,null,,,,
IDA6129,2837,Persona,Perpetrador,Hombre,Sin especificar,Sin especificar,"2837A, 2837B",,null,,1,,
IDA6130,2837,Persona,Perpetrador,Hombre,Sin especificar,Sin especificar,2837A,,null,,1,,
IDA6131,2837,Persona,Perpetrador,Hombre,Sin especificar,Político del Estado,2837C,,null,,1,,
IDA6132,2837,Persona,Víctima,Hombre,Sin especificar,Sin especificar,2837C,,null,,1,,
IDA6133,2838,Persona,Perpetrador,Hombre,Sin especificar,Sin especificar,2838A,,null,,,,
IDA6134,2838,Persona,Víctima,Hombre,Sin especificar,Sin especificar,2838A,,null,,,,
IDA6135,2839,Persona,Perpetrador,Hombre,Sin especificar,Sin especificar,2839A,,null,,,,
IDA6136,2839,Persona,Perpetrador,Mujer,Indígenas,Sin especificar,2839A,,null,,,,
IDA6137,2840,Persona,Perpetrador,Hombre,Sin especificar,Sin especificar,2840A,,null,,,,
IDA6138,2840,Persona,Víctima,Hombre,Sin especificar,Sin especificar,2840A,,null,,,,
IDA6139,2841,Persona,Perpetrador,Hombre,Sin especificar,Sin especificar,2841A,,null,,,,
IDA6140,2841,Persona,Víctima,Hombre,Sin especificar,Sin especificar,2841A,,null,,,,
IDA6141,2842,Población Completa,Perpetrador,null,null,null,"2842A, 2842B, 2842C",,null,,,,
IDA6142,2842,Persona,Víctima,Indeterminado,Indeterminado,Indeterminado,2842A,1,null,,,,
IDA6143,2843,Persona,Perpetrador,Hombre,Sin especificar,Sin especificar,2843A,,null,,,,
IDA6144,2844,Persona,Perpetrador,Mujer,Sin especificar,Sin especificar,2844A,,null,,,,
IDA6145,2844,Persona,Víctima,Hombre,Sin especificar,Sin especificar,2844A,,null,,,,
IDA6146,2844,Persona,Perpetrador,Hombre,Sin especificar,Sin especificar,2844A,,null,,,,
IDA6147,2846,Persona,Perpetrador,Hombre,Sin especificar,Político del Estado,"2846A, 2846B, 2846C",,null,,,,
IDA6148,2847,Persona,Perpetrador,Hombre,Sin especificar,Sin especificar,2847A,,null,,,,
IDA6149,2847,Persona,Perpetrador,Mujer,Sin especificar,Sin especificar,2847A,,null,,,,
IDA6150,2848,Persona,Perpetrador,Hombre,Sin especificar,Sin especificar,2848A,,null,,,,
IDA6151,2848,Persona,Perpetrador,Mujer,Sin especificar,Sin especificar,2848A,,null,,,,
IDA6152,2848,Persona,Víctima,Hombre,Sin especificar,Sin especificar,2848A,,null,,,,
IDA6153,2848,Persona,Víctima,Mujer,Sin especificar,Sin especificar,2848A,,null,,,,
IDA6154,2849,Persona,Perpetrador,Hombre,Sin especificar,Sin especificar,2849A,,null,,,,
IDA6155,2849,Persona,Víctima,Indeterminado,Indeterminado,Indeterminado,2849A,1,null,,,,
IDA6156,2850,Persona,Perpetrador,Mujer,Sin especificar,Sin especificar,2850A,,null,,,,
IDA6157,2850,Persona,Víctima,Hombre,Sin especificar,Sin especificar,2850A,,null,,,,
IDA6158,2852,Persona,Perpetrador,Hombre,Sin especificar,Sin especificar,2852A,,null,,,,
IDA6159,2852,Persona,Víctima,Mujer,Sin especificar,Sin especificar,2852A,,null,,,,
IDA6160,2853,Persona,Perpetrador,Hombre,Sin especificar,Sin especificar,2853A,,null,,,,
IDA6161,2853,Persona,Víctima,Hombre,Sin especificar,Sin especificar,2853A,,null,,,,
IDA6162,2854,Persona,Perpetrador,Hombre,Sin especificar,Sin especificar,2854A,,null,,,,
IDA6163,2854,Persona,Víctima,Hombre,Sin especificar,Político del Estado,2854A,,null,,,,
IDA6164,2855,Persona,Perpetrador,Hombre,Sin especificar,Sin especificar,2855A,,null,,,,
IDA6165,2855,Persona,Víctima,Mujer,Sin especificar,Sin especificar,2855A,,null,,,,
IDA6166,2856,Persona,Perpetrador,Hombre,Sin especificar,Político del Estado,"2856A, 2856B",,null,,,,
IDA6167,2856,Persona,Víctima,Hombre,Sin especificar,Político del Estado,2856A,,null,,,,
IDA6168,2859,Persona,Perpetrador,Hombre,Sin especificar,Sin especificar,"2859A, 2859B",,null,,,,
IDA6169,2859,Persona,Víctima,Mujer,Sin especificar,Sin especificar,"2859A, 2859B",,null,,,,
IDA6170,2860,Persona,Perpetrador,Hombre,Sin especificar,Sin especificar,2860A,,null,,,,
IDA6171,2860,Persona,Víctima,Hombre,Sin especificar,Sin especificar,2860A,,null,,,,
IDA6172,2861,Persona,Perpetrador,Hombre,Sin especificar,Sin especificar,2861A,,null,,,,
IDA6173,2861,Persona,Víctima,Hombre,Sin especificar,Sin especificar,2861A,,null,,,,
IDA6174,2862,Persona,Perpetrador,Hombre,Sin especificar,Sin especificar,2862A,,null,,,,
IDA6175,2862,Persona,Perpetrador,Hombre,Sin especificar,Sin especificar,2862A,,null,,,,
IDA6176,2862,Persona,Víctima,Hombre,Sin especificar,Sin especificar,2862A,,null,,,,
IDA6177,2863,Persona,Perpetrador,Hombre,Sin especificar,Sin especificar,2863A,,null,,,,
IDA6178,2863,Persona,Perpetrador,Hombre,Sin especificar,Sin especificar,2863A,,null,,,,
IDA6179,2863,Persona,Víctima,Hombre,Sin especificar,Sin especificar,2863A,,null,,,,
IDA6180,2864,Persona,Perpetrador,Hombre,Sin especificar,Político del Estado,2864A,,null,,,,
IDA6181,2864,Persona,Víctima,Hombre,Sin especificar,Político del Estado,2864A,,null,,,,
IDA6182,2865,Persona,Perpetrador,Hombre,Sin especificar,Sin especificar,2865A,,null,,,,
IDA6183,2865,Persona,Víctima,Hombre,Sin especificar,Sin especificar,2865A,,null,,,,
IDA6184,2866,Persona,Perpetrador,Hombre,Sin especificar,Sin especificar,2866A,,null,,,,
IDA6185,2866,Persona,Víctima,Hombre,Sin especificar,Sin especificar,2866A,,null,,,,
IDA6186,2867,Persona,Perpetrador,Hombre,Sin especificar,Sin especificar,2867A,,null,,,,
IDA6187,2867,Persona,Víctima,Mujer,Sin especificar,Sin especificar,2867A,,null,,,,
IDA6188,2868,Persona,Perpetrador,Hombre,Sin especificar,Sin especificar,"2868A, 2868B",,null,,,,
IDA6189,2868,Persona,Víctima,Indeterminado,Indeterminado,Indeterminado,"2868A, 2868B",1,null,,,,
IDA6190,2869,Persona,Perpetrador,Hombre,Sin especificar,Sin especificar,2869A,,null,,,,
IDA6191,2869,Persona,Víctima,Hombre,Sin especificar,Eclesiástico,2869A,,null,,,,
IDA6192,2870,Persona,Perpetrador,Hombre,Sin especificar,Sin especificar,2870A,,null,,,,
IDA6193,2870,Persona,Víctima,Indeterminado,Indeterminado,Indeterminado,2870A,1,null,,,,
IDA6194,2871,Persona,Perpetrador,Hombre,Sin especificar,Sin especificar,2871A,,null,,,,
IDA6195,2871,Persona,Víctima,Indeterminado,Indeterminado,Indeterminado,2871A,1,null,,,,
IDA6196,2872,Persona,Perpetrador,Hombre,Sin especificar,Sin especificar,2872A,,null,,,,
IDA6197,2872,Institución,Víctima,null,null,null,2872A,,Real Hacienda,,,,
IDA6198,2873,Persona,Perpetrador,Hombre,Sin especificar,Sin especificar,2873A,1,null,,,,
IDA6199,2873,Persona,Perpetrador,Hombre,Sin especificar,Sin especificar,2873A,1,null,,,,
IDA6200,2873,Persona,Víctima,Hombre,Sin especificar,Sin especificar,2873A,,null,,,,
IDA6201,2874,Persona,Perpetrador,Hombre,Sin especificar,Sin especificar,2874A,,null,,,,
IDA6202,2874,Persona,Víctima,Hombre,Sin especificar,Sin especificar,2874A,,null,,,,
IDA6203,2875,Persona,Perpetrador,Hombre,Sin especificar,Sin especificar,"2875A, 2875B",,null,,,,
IDA6204,2875,Institución,Víctima,null,null,null,2875A,,La autoridad,,,,
IDA6205,2876,Persona,Perpetrador,Hombre,Sin especificar,Sin especificar,2876A,,null,,,,
IDA6206,2876,Persona,Víctima,Hombre,Sin especificar,Sin especificar,2876A,,null,,,,
IDA6207,2879,Persona,Perpetrador,Hombre,Sin especificar,Sin especificar,"2879A, 2879B, 2879C",1,null,,,,
IDA6208,2879,Persona,Perpetrador,Indeterminado,Indeterminado,Indeterminado,"2879A, 2879B",1,null,,,,
IDA6209,2880,Persona,Perpetrador,Hombre,Esclavo,Sin especificar,2880A,,null,,,,
IDA6210,2880,Persona,Perpetrador,Hombre,Esclavo,Sin especificar,2880A,,null,,,,
IDA6211,2880,Persona,Víctima,Hombre,Indígenas,Sin especificar,2880A,1,null,,,,
IDA6212,2880,Persona,Víctima,Hombre,Indígenas,Sin especificar,2880A,1,null,,,,
IDA6213,2880,Persona,Víctima,Hombre,Indígenas,Sin especificar,2880A,1,null,,,,
IDA6214,2880,Persona,Víctima,Hombre,Indígenas,Sin especificar,2880A,1,null,,,,
IDA6215,2881,Persona,Perpetrador,Hombre,Sin especificar,Sin especificar,2881A,,null,,,,
IDA6216,2881,Persona,Víctima,Indeterminado,Indeterminado,Indeterminado,2881A,1,null,,,,
IDA6217,2882,Persona,Perpetrador,Hombre,Sin especificar,Sin especificar,2882A,,null,,,,
IDA6218,2882,Persona,Víctima,Indeterminado,Indeterminado,Indeterminado,2882A,1,null,,,,
IDA6219,2883,Persona,Perpetrador,Hombre,Sin especificar,Sin especificar,2883A,,null,,,,
IDA6220,2883,Persona,Perpetrador,Mujer,Sin especificar,Sin especificar,2883A,,null,,,,
IDA6221,2884,Persona,Perpetrador,Hombre,Sin especificar,Sin especificar,2884A,,null,,,,
IDA6222,2884,Persona,Víctima,Mujer,Sin especificar,Sin especificar,2884A,,null,,,,
IDA6223,2885,Persona,Perpetrador,Hombre,Sin especificar,Sin especificar,2885A,,null,,,,
IDA6224,2885,Persona,Víctima,Hombre,Sin especificar,Sin especificar,2885A,,null,,,,
IDA6225,2886,Persona,Perpetrador,Hombre,Sin especificar,Sin especificar,2886A,,null,,,,
IDA6226,2886,Persona,Perpetrador,Hombre,Sin especificar,Sin especificar,2886A,,null,,,,
IDA6227,2886,Persona,Víctima,Hombre,Sin especificar,Sin especificar,2886A,,null,,,,
IDA6228,2887,Persona,Perpetrador,Hombre,Sin especificar,Sin especificar,"2887A, 2887B",,null,,,,
IDA6229,2887,Persona,Víctima,Hombre,Indígenas,Sin especificar,2887B,1,null,,,,
IDA6230,2887,Persona,Víctima,Hombre,Indígenas,Sin especificar,2887B,1,null,,,,
IDA6231,2888,Persona,Perpetrador,Hombre,Sin especificar,Sin especificar,2888A,,null,,,,
IDA6232,2888,Persona,Víctima,Hombre,Sin especificar,Sin especificar,2888A,,null,,,,
IDA6233,2889,Persona,Perpetrador,Hombre,Sin especificar,Sin especificar,2889A,,null,,,,
IDA6234,2889,Persona,Víctima,Indeterminado,Indeterminado,Indeterminado,2889A,1,null,,,,
IDA6235,2890,Persona,Perpetrador,Indeterminado,Indeterminado,Indeterminado,2890A,1,null,,,,
IDA6236,2890,Persona,Víctima,Hombre,Sin especificar,Sin especificar,2890A,,null,,,,
IDA6237,2890,Persona,Víctima,Hombre,Sin especificar,Sin especificar,2890A,,null,,,,
IDA6238,2891,Persona,Perpetrador,Hombre,Sin especificar,Sin especificar,2891A,,null,,,,
IDA6239,2891,Persona,Perpetrador,Mujer,Sin especificar,Sin especificar,2891A,,null,,,,
IDA6240,2891,Persona,Perpetrador,Mujer,Sin especificar,Sin especificar,2891B,,null,,,,
IDA6241,2891,Persona,Víctima,Hombre,Sin especificar,Sin especificar,2891B,,null,,,,
IDA6242,2891,Persona,Perpetrador,Hombre,Sin especificar,Sin especificar,2891B,,null,,,,
IDA6243,2892,Persona,Perpetrador,Hombre,Sin especificar,Sin especificar,"2892A, 2892B",,null,,,,
IDA6244,2892,Institución,Víctima,null,null,null,2892B,,La autoridad,,,,
IDA6245,2893,Persona,Perpetrador,Hombre,Sin especificar,Sin especificar,2893A,,null,,,,
IDA6246,2893,Persona,Perpetrador,Hombre,Sin especificar,Sin especificar,2893A,,null,,,,
IDA6247,2893,Persona,Perpetrador,Hombre,Sin especificar,Sin especificar,2893A,,null,,,,
IDA6248,2893,Persona,Víctima,Hombre,Sin especificar,Sin especificar,2893A,,null,,,,
IDA6249,2894,Persona,Perpetrador,Hombre,Sin especificar,Sin especificar,"2894A, 2894B",,null,,,,
IDA6250,2894,Institución,Víctima,null,null,null,"2894A, 2894B",,La autoridad,,,,
IDA6251,2895,Persona,Perpetrador,Hombre,Sin especificar,Sin especificar,2895A,,null,,,,
IDA6252,2895,Persona,Víctima,Hombre,Sin especificar,Sin especificar,2895A,,null,,,,
IDA6253,2896,Persona,Perpetrador,Hombre,Sin especificar,Sin especificar,2896A,,null,,,,
IDA6254,2896,Persona,Víctima,Indeterminado,Indeterminado,Indeterminado,2896A,1,null,,,,
IDA6255,2898,Persona,Perpetrador,Hombre,Sin especificar,Sin especificar,"2898A, 2898B",,null,,,,
IDA6256,2898,Persona,Víctima,Hombre,Sin especificar,Sin especificar,"2898A, 2898B",,null,,,,
IDA6257,2898,Persona,Cómplice,Hombre,Sin especificar,Sin especificar,"2898B, 2898A",,null,,,,
IDA6258,2899,Persona,Perpetrador,Hombre,Sin especificar,Sin especificar,2899A,,null,,,,
IDA6259,2899,Persona,Perpetrador,Hombre,Sin especificar,Político del Estado,"2899B, 2899C",,null,,,,
IDA6260,2900,Persona,Perpetrador,Mujer,Esclavo,Sin especificar,2900A,,null,,,,
IDA6261,2901,Persona,Perpetrador,Hombre,Sin especificar,Sin especificar,2901A,,null,,,,
IDA6262,2901,Persona,Perpetrador,Mujer,Sin especificar,Sin especificar,2901A,,null,,,,
IDA6263,2902,Persona,Perpetrador,Hombre,Sin especificar,Sin especificar,2902A,,null,,,,
IDA6264,2902,Persona,Víctima,Indeterminado,Indeterminado,Indeterminado,2902A,1,null,,,,
IDA6265,2903,Persona,Perpetrador,Hombre,Sin especificar,Sin especificar,2903A,,null,,,,
IDA6266,2903,Persona,Víctima,Hombre,Sin especificar,Sin especificar,2903A,,null,,,,
IDA6267,2904,Persona,Perpetrador,Hombre,Sin especificar,Sin especificar,2904A,,null,,,,
IDA6268,2904,Persona,Víctima,Mujer,Sin especificar,Sin especificar,2904A,,null,,,,
IDA6269,2906,Persona,Perpetrador,Hombre,Sin especificar,Sin especificar,2906A,,null,,,,
IDA6270,2906,Institución,Víctima,null,null,null,2906A,,Real Hacienda,,,,
IDA6271,2908,Persona,Perpetrador,Hombre,Sin especificar,Sin especificar,2908A,,null,,,,
IDA6272,2908,Persona,Perpetrador,Hombre,Sin especificar,Sin especificar,2908A,,null,,,,
IDA6273,2908,Persona,Perpetrador,Hombre,Sin especificar,Sin especificar,2908A,,null,,,,
IDA6274,2908,Persona,Víctima,Hombre,Sin especificar,Sin especificar,2908A,,null,,,,
IDA6275,2909,Persona,Perpetrador,Hombre,Sin especificar,Sin especificar,"2909A, 2909B",,null,,,,
IDA6276,2909,Persona,Víctima,Hombre,Sin especificar,Sin especificar,2909A,,null,,,,
IDA6277,2909,Persona,Víctima,Hombre,Sin especificar,Político del Estado,2909B,,null,,,,
IDA6278,2910,Persona,Perpetrador,Hombre,Sin especificar,Sin especificar,"2910A, 2910B",,null,,1,,
IDA6279,2910,Persona,Víctima,Hombre,Sin especificar,Sin especificar,"2910A, 2910B",,null,,1,,
IDA6280,2911,Persona,Perpetrador,Indeterminado,Indeterminado,Indeterminado,2911A,1,null,,,,
IDA6281,2911,Persona,Víctima,Hombre,Sin especificar,Sin especificar,2911A,,null,,,,
IDA6282,2912,Persona,Perpetrador,Hombre,Sin especificar,Sin especificar,2912A,,null,,,,
IDA6283,2912,Institución,Víctima,null,null,null,2912A,,La autoridad,,,,
IDA6284,2913,Persona,Perpetrador,Hombre,Sin especificar,Sin especificar,2913A,,null,,1,,
IDA6285,2913,Persona,Víctima,Hombre,Sin especificar,Sin especificar,2913A,,null,,1,,
IDA6286,2914,Persona,Perpetrador,Hombre,Sin especificar,Sin especificar,"2914A, 2914B",,null,,,,
IDA6287,2914,Institución,Víctima,null,null,null,2914A,,La autoridad,,,,
IDA6288,2914,Persona,Víctima,Hombre,Sin especificar,Sin especificar,2914B,,null,,,,
IDA6289,2915,Persona,Perpetrador,Hombre,Sin especificar,Sin especificar,2915A,,null,,,,
IDA6290,2915,Persona,Víctima,Hombre,Sin especificar,Sin especificar,2915A,,null,,,,
IDA6291,2916,Persona,Perpetrador,Hombre,Sin especificar,Sin especificar,2916A,,null,,,,
IDA6292,2917,Persona,Perpetrador,Hombre,Sin especificar,Sin especificar,2917A,,null,,,,
IDA6293,2917,Persona,Víctima,Hombre,Indígenas,Sin especificar,2917A,,null,,,,
IDA6294,2918,Persona,Perpetrador,Hombre,Sin especificar,Sin especificar,2918A,,null,,,,
IDA6295,2918,Persona,Víctima,Hombre,Sin especificar,Sin especificar,2918A,,null,,,,
IDA6296,2918,Persona,Víctima,Hombre,Sin especificar,Eclesiástico,2918A,,null,,,,
IDA6297,2921,Persona,Perpetrador,Hombre,Sin especificar,Sin especificar,2921A,,null,,1,,
IDA6298,2921,Persona,Perpetrador,Hombre,Sin especificar,Sin especificar,2921A,,null,,1,,
IDA6299,2921,Persona,Perpetrador,Hombre,Sin especificar,Político del Estado,"2921A, 2921B, 2921C",,null,,1,,
IDA6300,2921,Persona,Víctima,Hombre,Sin especificar,Sin especificar,"2921A, 2921B, 2921C",,null,,1,,
IDA6301,2921,Persona,Perpetrador,Hombre,Sin especificar,Político del Estado,"2921B, 2921C",,null,,1,,
IDA6302,2921,Persona,Perpetrador,Hombre,Sin especificar,Político del Estado,"2921B, 2921C",,null,,1,,
IDA6303,2922,Persona,Perpetrador,Hombre,Sin especificar,Sin especificar,2922A,,null,,,,
IDA6304,2922,Persona,Víctima,Hombre,Sin especificar,Sin especificar,2922A,,null,,,,
IDA6305,2923,Persona,Perpetrador,Hombre,Sin especificar,Sin especificar,2923A,,null,,,,
IDA6306,2923,Persona,Perpetrador,Hombre,Sin especificar,Sin especificar,2923A,,null,,,,
IDA6307,2923,Persona,Víctima,Hombre,Sin especificar,Sin especificar,2923A,,null,,,,
IDA6308,2924,Persona,Perpetrador,Hombre,Sin especificar,Sin especificar,2924A,,null,,,,
IDA6309,2924,Persona,Víctima,Hombre,Sin especificar,Eclesiástico,2924A,,null,,,,
IDA6310,2925,Persona,Perpetrador,Hombre,Sin especificar,Sin especificar,2925A,,null,,,,
IDA6311,2925,Persona,Perpetrador,Mujer,Sin especificar,Sin especificar,2925A,,null,,,,
IDA6312,2925,Persona,Perpetrador,Mujer,Sin especificar,Sin especificar,2925B,,null,,,,
IDA6313,2925,Persona,Víctima,Hombre,Sin especificar,Sin especificar,2925B,,null,,,,
IDA6314,2925,Persona,Perpetrador,Hombre,Sin especificar,Sin especificar,2925B,,null,,,,
IDA6315,2926,Persona,Perpetrador,Hombre,Sin especificar,Sin especificar,2926A,,null,,,,
IDA6316,2926,Persona,Víctima,Mujer,Sin especificar,Sin especificar,2926A,,null,,,,
IDA6317,2927,Persona,Perpetrador,Hombre,Sin especificar,Sin especificar,2927A,,null,,,,
IDA6318,2927,Persona,Víctima,Indeterminado,Indeterminado,Indeterminado,2927A,1,null,,,,
IDA6319,2928,Persona,Perpetrador,Hombre,Sin especificar,Sin especificar,2928A,,null,,,,
IDA6320,2928,Persona,Víctima,Hombre,Sin especificar,Sin especificar,2928A,,null,,,,
IDA6321,2932,Persona,Perpetrador,Hombre,Sin especificar,Político del Estado,"2932A, 2932B",,null,,,,
IDA6322,2933,Persona,Perpetrador,Mujer,Sin especificar,Sin especificar,2933A,,null,,,,
IDA6323,2933,Persona,Víctima,Hombre,Sin especificar,Sin especificar,2933A,,null,,,,
IDA6324,2934,Persona,Perpetrador,Hombre,Sin especificar,Sin especificar,2934A,,null,,,,
IDA6325,2934,Persona,Perpetrador,Hombre,Sin especificar,Sin especificar,2934A,,null,,,,
IDA6326,2934,Persona,Víctima,Hombre,Sin especificar,Sin especificar,2934A,,null,,,,
IDA6327,2935,Persona,Perpetrador,Hombre,Sin especificar,Eclesiástico,2935A,,null,,,,
IDA6328,2935,Persona,Perpetrador,Mujer,Sin especificar,Sin especificar,2935A,,null,,,,
IDA6329,2937,Persona,Perpetrador,Hombre,Sin especificar,Sin especificar,2937A,,null,,,,
IDA6330,2937,Persona,Víctima,Hombre,Sin especificar,Sin especificar,2937A,,null,,,,
IDA6331,2938,Persona,Perpetrador,Hombre,Sin especificar,Político del Estado,2938A,,null,,,,
IDA6332,2938,Persona,Víctima,Hombre,Sin especificar,Sin especificar,2938A,,null,,,,
IDA6333,2939,Persona,Perpetrador,Hombre,Sin especificar,Sin especificar,2939A,,null,,,,
IDA6334,2940,Persona,Perpetrador,Hombre,Sin especificar,Sin especificar,2940A,,null,,,,
IDA6335,2940,Persona,Víctima,Indeterminado,Indeterminado,Indeterminado,2940A,1,null,,,,
IDA6336,2941,Persona,Perpetrador,Hombre,Sin especificar,Sin especificar,2941A,,null,,,,
IDA6337,2941,Persona,Víctima,Hombre,Sin especificar,Sin especificar,2941A,,null,,,,
IDA6338,2942,Persona,Perpetrador,Hombre,Sin especificar,Sin especificar,"2942A, 2942B, 2942C",,null,,,,
IDA6339,2942,Persona,Víctima,Mujer,Sin especificar,Sin especificar,2942A,,null,,,,
IDA6340,2942,Persona,Perpetrador,Mujer,Sin especificar,Sin especificar,2942B,,null,,,,
IDA6341,2942,Persona,Víctima,Indeterminado,Indeterminado,Indeterminado,2942B,1,null,,,,
IDA6342,2942,Persona,Perpetrador,Hombre,Sin especificar,Sin especificar,"2942B, 2942C, 2942A",,null,,,,
IDA6343,2942,Persona,Perpetrador,Mujer,Sin especificar,Sin especificar,2942B,,null,,,,
IDA6344,2942,Persona,Víctima,Mujer,Sin especificar,Sin especificar,2942A,,null,,,,
IDA6345,2943,Persona,Perpetrador,Hombre,Sin especificar,Sin especificar,2943A,,null,,,,
IDA6346,2943,Persona,Perpetrador,Mujer,Sin especificar,Sin especificar,2943A,,null,,,,
IDA6347,2943,Persona,Perpetrador,Hombre,Sin especificar,Eclesiástico,2943A,,null,,,,
IDA6348,2944,Persona,Perpetrador,Hombre,Sin especificar,Sin especificar,2944A,,null,,,,
IDA6349,2944,Persona,Víctima,Indeterminado,Indeterminado,Indeterminado,2944A,1,null,,,,
IDA6350,2945,Persona,Perpetrador,Hombre,Sin especificar,Sin especificar,"2945A, 2945B",,null,,,,
IDA6351,2945,Persona,Perpetrador,Hombre,Sin especificar,Sin especificar,"2945A, 2945B",,null,,,,
IDA6352,2945,Persona,Perpetrador,Hombre,Sin especificar,Sin especificar,2945A,,null,,,,
IDA6353,2945,Persona,Víctima,Mujer,Sin especificar,Sin especificar,"2945A, 2945B",,null,,,,
IDA6354,2946,Persona,Perpetrador,Hombre,Sin especificar,Sin especificar,"2946A, 2946B, 2946C, 2946D",,null,,,,
IDA6355,2946,Persona,Perpetrador,Mujer,Sin especificar,Sin especificar,"2946A, 2946C",,null,,,,
IDA6356,2946,Persona,Víctima,Mujer,Sin especificar,Sin especificar,"2946B, 2946C, 2946D",,null,,,,
IDA6357,2946,Persona,Perpetrador,Hombre,Sin especificar,Sin especificar,"2946B, 2946C, 2946D, 2946A",,null,,,,
IDA6358,2946,Persona,Víctima,Mujer,Sin especificar,Sin especificar,"2946B, 2946C, 2946D",,null,,,,
IDA6359,2946,Persona,Perpetrador,Mujer,Sin especificar,Sin especificar,2946A,,null,,,,
IDA6360,2947,Persona,Perpetrador,Hombre,Sin especificar,Sin especificar,2947A,,null,,,,
IDA6361,2947,Persona,Perpetrador,Mujer,Sin especificar,Sin especificar,2947A,,null,,,,
IDA6362,2948,Persona,Perpetrador,Hombre,Sin especificar,Sin especificar,2948A,,null,,,,
IDA6363,2948,Persona,Víctima,Mujer,Sin especificar,Sin especificar,2948A,,null,,,,
IDA6364,2948,Institución,Perpetrador,null,Sin especificar,Sin especificar,2948B,,La justicia/jueces,,,,
IDA6365,2948,Persona,Víctima,Mujer,Sin especificar,null,2948B,,null,,,,
IDA6366,2948,Persona,Perpetrador,Mujer,Sin especificar,Sin especificar,"2948B, 2948A",,null,,,,
IDA6367,2948,Institución,Víctima,null,null,null,2948B,,La justicia/jueces,,,,
IDA6368,2948,Persona,Víctima,Hombre,Sin especificar,Sin especificar,2948A,,null,,,,
IDA6369,2949,Persona,Perpetrador,Hombre,Sin especificar,Sin especificar,2949A,,null,,,,
IDA6370,2949,Persona,Víctima,Hombre,Sin especificar,Sin especificar,2949A,,null,,,,
IDA6371,2950,Persona,Perpetrador,Hombre,Sin especificar,Sin especificar,2950A,,null,,,,
IDA6372,2950,Persona,Víctima,Mujer,Sin especificar,Sin especificar,2950A,,null,,,,
IDA6373,2951,Persona,Perpetrador,Hombre,Sin especificar,Sin especificar,2951A,,null,,,,
IDA6374,2952,Persona,Perpetrador,Hombre,Sin especificar,Sin especificar,2952A,,null,,,,
IDA6375,2952,Persona,Perpetrador,Mujer,Sin especificar,Sin especificar,2952A,,null,,,,
IDA6376,2953,Persona,Perpetrador,Hombre,Sin especificar,Sin especificar,2953A,,null,,,,
IDA6377,2953,Persona,Perpetrador,Mujer,Sin especificar,Sin especificar,2953A,,null,,,,
IDA6378,2955,Persona,Perpetrador,Hombre,Sin especificar,Fuerza armada,"2955A, 2955B",,null,,,,
IDA6379,2955,Persona,Víctima,Indeterminado,Indeterminado,Indeterminado,"2955A, 2955B",1,null,,,,
IDA6380,2955,Persona,Víctima,Indeterminado,Indeterminado,Indeterminado,"2955A, 2955B",1,null,,,,
IDA6381,2956,Persona,Perpetrador,Hombre,Sin especificar,Sin especificar,"2956A, 2956B",,null,,,,
IDA6382,2956,Persona,Víctima,Hombre,Sin especificar,Político del Estado,2956A,,null,,,,
IDA6383,2957,Persona,Perpetrador,Hombre,Sin especificar,Sin especificar,2957A,,null,,,,
IDA6384,2957,Persona,Víctima,Hombre,Sin especificar,Sin especificar,2957A,,null,,,,
IDA6385,2958,Persona,Perpetrador,Hombre,Sin especificar,Sin especificar,2958A,,null,,,,
IDA6386,2958,Persona,Víctima,Hombre,Sin especificar,Sin especificar,2958A,,null,,,,
IDA6387,2959,Persona,Perpetrador,Hombre,Sin especificar,Sin especificar,2959A,,null,,,,
IDA6388,2959,Persona,Perpetrador,Hombre,Sin especificar,Sin especificar,2959A,,null,,,,
IDA6389,2959,Persona,Víctima,Hombre,Sin especificar,Político del Estado,2959A,,null,,,,
IDA6390,2960,Persona,Perpetrador,Hombre,Sin especificar,Sin especificar,2960A,,null,,,,
IDA6391,2960,Persona,Perpetrador,Mujer,Sin especificar,Sin especificar,2960A,,null,,,,
IDA6392,2961,Persona,Perpetrador,Hombre,Sin especificar,Sin especificar,2961A,,null,,,,
IDA6393,2961,Persona,Perpetrador,Hombre,Sin especificar,Sin especificar,2961A,,null,,,,
IDA6394,2961,Persona,Perpetrador,Hombre,Sin especificar,Sin especificar,2961A,,null,,,,
IDA6395,2961,Persona,Víctima,Indeterminado,Indeterminado,Indeterminado,2961A,1,null,,,,
IDA6396,2962,Persona,Perpetrador,Hombre,Sin especificar,Sin especificar,2962A,,null,,,,
IDA6397,2962,Persona,Víctima,Hombre,Sin especificar,Sin especificar,2962A,,null,,,,
IDA6398,2963,Persona,Perpetrador,Hombre,Sin especificar,Sin especificar,2963A,,null,,,,
IDA6399,2963,Persona,Víctima,Hombre,Sin especificar,Sin especificar,2963A,,null,,,,
IDA6400,2963,Persona,Víctima,Mujer,Sin especificar,Sin especificar,2963A,,null,,,,
IDA6401,2965,Persona,Perpetrador,Hombre,Sin especificar,Sin especificar,"2965A, 2965B",,null,,,,
IDA6402,2965,Persona,Víctima,Hombre,Indígenas,Sin especificar,"2965A, 2965B",1,null,,,,
IDA6403,2965,Persona,Víctima,Hombre,Indígenas,Sin especificar,"2965A, 2965B",1,null,,,,
IDA6404,2966,Persona,Perpetrador,Hombre,Sin especificar,Sin especificar,"2966A, 2966B",,null,,,,
IDA6405,2966,Persona,Perpetrador,Hombre,Sin especificar,Sin especificar,"2966A, 2966B",,null,,,,
IDA6406,2966,Persona,Víctima,Mujer,Sin especificar,Sin especificar,"2966A, 2966B",,null,,,,
IDA6407,2968,Persona,Perpetrador,Hombre,Sin especificar,Sin especificar,2968A,1,null,,,,
IDA6408,2968,Persona,Perpetrador,Indeterminado,Indeterminado,Indeterminado,2968A,1,null,,,,
IDA6409,2968,Persona,Perpetrador,Indeterminado,Indeterminado,Indeterminado,2968A,1,null,,,,
IDA6410,2968,Persona,Víctima,Hombre,Sin especificar,Sin especificar,2968A,,null,,,,
IDA6411,2969,Persona,Perpetrador,Indeterminado,Indeterminado,Indeterminado,2969A,1,null,,,,
IDA6412,2970,Persona,Perpetrador,Hombre,Sin especificar,Sin especificar,2970A,,null,,,,
IDA6413,2970,Persona,Víctima,Mujer,Sin especificar,Sin especificar,2970A,,null,,,,
IDA6414,2971,Persona,Perpetrador,Hombre,Sin especificar,Sin especificar,2971A,,null,,,,
IDA6415,2971,Persona,Perpetrador,Hombre,Sin especificar,Sin especificar,2971A,,null,,,,
IDA6416,2971,Persona,Víctima,Hombre,Sin especificar,Sin especificar,2971A,,null,,,,
IDA6417,2972,Persona,Perpetrador,Hombre,Sin especificar,Sin especificar,2972A,,null,,,,
IDA6418,2972,Persona,Víctima,Hombre,Sin especificar,Político del Estado,2972A,,null,,,,
IDA6419,2974,Persona,Perpetrador,Hombre,Sin especificar,Sin especificar,2974A,,null,,,,
IDA6420,2974,Persona,Víctima,Hombre,Sin especificar,Sin especificar,2974A,,null,,,,
IDA6421,2975,Persona,Cómplice,Hombre,Sin especificar,Sin especificar,2975A,,null,,,,
IDA6422,2975,Persona,Perpetrador,Hombre,Sin especificar,Sin especificar,2975A,1,null,,,,
IDA6423,2976,Persona,Perpetrador,Hombre,Sin especificar,Sin especificar,2976A,,null,,,,
IDA6424,2976,Persona,Perpetrador,Hombre,Sin especificar,Sin especificar,2976A,,null,,,,
IDA6425,2976,Persona,Víctima,Indeterminado,Indeterminado,Indeterminado,2976A,1,null,,,,
IDA6426,2977,Persona,Perpetrador,Hombre,Sin especificar,Sin especificar,2977A,,null,,,,
IDA6427,2977,Persona,Víctima,Hombre,Sin especificar,Sin especificar,2977A,,null,,,,
IDA6428,2978,Persona,Perpetrador,Hombre,Sin especificar,Sin especificar,"2978A, 2978B",,null,,,,
IDA6429,2978,Persona,Perpetrador,Mujer,Sin especificar,Sin especificar,"2978A, 2978B",,null,,,,
IDA6430,2978,Persona,Víctima,Mujer,Sin especificar,Sin especificar,2978B,,null,,,,
IDA6431,2979,Persona,Perpetrador,Hombre,Sin especificar,Sin especificar,"2979A, 2979B",,null,,,,
IDA6432,2979,Persona,Perpetrador,Mujer,Sin especificar,Sin especificar,2979A,,null,,,,
IDA6433,2980,Persona,Perpetrador,Hombre,Sin especificar,Sin especificar,"2980A, 2980B, 2980C",,null,,,,
IDA6434,2980,Persona,Víctima,Indeterminado,Indeterminado,Indeterminado,2980A,1,null,,,,
IDA6435,2980,Persona,Víctima,Mujer,Sin especificar,Sin especificar,"2980B, 2980C",,null,,,,
IDA6436,2980,Persona,Perpetrador,Mujer,Sin especificar,Sin especificar,2980C,,null,,,,
IDA6437,2980,Persona,Perpetrador,Hombre,Sin especificar,Sin especificar,"2980B, 2980C, 2980A",,null,,,,
IDA6438,2980,Persona,Víctima,Mujer,Sin especificar,Sin especificar,"2980B, 2980C",,null,,,,
IDA6439,2980,Persona,Perpetrador,Mujer,Sin especificar,Sin especificar,2980C,,null,,,,
IDA6440,2981,Persona,Perpetrador,Hombre,Sin especificar,Sin especificar,2981A,1,null,,,,
IDA6441,2981,Persona,Perpetrador,Indeterminado,Indeterminado,Indeterminado,2981A,1,null,,,,
IDA6442,2981,Persona,Perpetrador,Indeterminado,Indeterminado,Indeterminado,2981A,1,null,,,,
IDA6443,2981,Persona,Víctima,Indeterminado,Indeterminado,Indeterminado,2981A,1,null,,,,
IDA6444,2982,Persona,Perpetrador,Hombre,Sin especificar,Político del Estado,2982A,,null,,,,
IDA6445,2982,Persona,Víctima,Hombre,Sin especificar,Sin especificar,2982A,,null,,,,
IDA6446,2983,Persona,Perpetrador,Hombre,Sin especificar,Sin especificar,2983A,,null,,,,
IDA6447,2983,Persona,Víctima,Hombre,Sin especificar,Sin especificar,2983A,,null,,,,
IDA6448,2984,Persona,Perpetrador,Hombre,Sin especificar,Sin especificar,2984A,,null,,,,
IDA6449,2984,Persona,Víctima,Hombre,Sin especificar,Sin especificar,2984A,,null,,,,
IDA6450,2985,Persona,Perpetrador,Hombre,Sin especificar,Sin especificar,2985A,,null,,,,
IDA6451,2985,Persona,Víctima,Mujer,Sin especificar,Sin especificar,2985A,,null,,,,
IDA6452,2986,Persona,Perpetrador,Hombre,Sin especificar,Eclesiástico,2986A,,null,,,,
IDA6453,2986,Persona,Víctima,Hombre,Sin especificar,Eclesiástico,2986A,,null,,,,
IDA6454,2987,Persona,Cómplice,Hombre,Sin especificar,Sin especificar,2987A,,null,,,,
IDA6455,2987,Persona,Víctima,Hombre,Sin especificar,Sin especificar,2987A,,null,,,,
IDA6456,2987,Persona,Perpetrador,Hombre,Sin especificar,Sin especificar,2987A,1,null,,,,
IDA6457,2988,Persona,Perpetrador,Hombre,Sin especificar,Sin especificar,2988A,,null,,,,
IDA6458,2988,Persona,Víctima,Indeterminado,Indeterminado,Indeterminado,2988A,1,null,,,,
IDA6459,2989,Persona,Perpetrador,Hombre,Sin especificar,Sin especificar,2989A,,null,,,,
IDA6460,2989,Persona,Perpetrador,Hombre,Sin especificar,Sin especificar,2989A,,null,,,,
IDA6461,2989,Persona,Víctima,Indeterminado,Indeterminado,Indeterminado,2989A,1,null,,,,
IDA6462,2990,Persona,Perpetrador,Hombre,Sin especificar,Sin especificar,2990A,,null,,,,
IDA6463,2990,Persona,Víctima,Indeterminado,Indeterminado,Indeterminado,2990A,1,null,,,,
IDA6464,2991,Persona,Perpetrador,Hombre,Sin especificar,Sin especificar,"2991A, 2991B",,null,,,,
IDA6465,2991,Persona,Víctima,Mujer,Sin especificar,Sin especificar,2991A,,null,,,,
IDA6466,2991,Persona,Víctima,Hombre,Sin especificar,Político del Estado,2991B,,null,,,,
IDA6467,2992,Persona,Perpetrador,Hombre,Sin especificar,Sin especificar,2992A,,null,,,,
IDA6468,2992,Persona,Perpetrador,Mujer,Sin especificar,Sin especificar,2992A,,null,,,,
IDA6469,2992,Persona,Perpetrador,Mujer,Sin especificar,Sin especificar,2992B,,null,,,,
IDA6470,2992,Persona,Víctima,Hombre,Sin especificar,Sin especificar,2992B,,null,,,,
IDA6471,2992,Persona,Perpetrador,Hombre,Sin especificar,Sin especificar,2992B,,null,,,,
IDA6472,2993,Persona,Perpetrador,Hombre,Sin especificar,Sin especificar,2993A,,null,,,,
IDA6473,2993,Persona,Víctima,Mujer,Sin especificar,Sin especificar,2993A,,null,,,,
IDA6474,2994,Persona,Perpetrador,Hombre,Sin especificar,Sin especificar,2994A,,null,,,,
IDA6475,2994,Persona,Víctima,Hombre,Sin especificar,Sin especificar,2994A,,null,,,,
IDA6476,2995,Persona,Perpetrador,Hombre,Sin especificar,Sin especificar,2995A,,null,,,,
IDA6477,2995,Persona,Víctima,Hombre,Sin especificar,Político del Estado,2995A,,null,,,,
IDA6478,2996,Persona,Perpetrador,Hombre,Sin especificar,Sin especificar,"2996A, 2996B",,null,,,,
IDA6479,2996,Persona,Perpetrador,Mujer,Sin especificar,Sin especificar,2996A,,null,,,,
IDA6480,2996,Persona,Perpetrador,Mujer,Sin especificar,Sin especificar,2996A,,null,,,,
IDA6481,2996,Persona,Víctima,Mujer,Sin especificar,Sin especificar,2996B,,null,,,,
IDA6482,2997,Persona,Perpetrador,Hombre,Sin especificar,Sin especificar,2997A,,null,,,,
IDA6483,2997,Persona,Víctima,Hombre,Sin especificar,Sin especificar,2997A,,null,,,,
IDA6484,2997,Persona,Víctima,Hombre,Sin especificar,Sin especificar,2997A,,null,,,,
IDA6485,2997,Persona,Víctima,Hombre,Sin especificar,Sin especificar,2997A,,null,,,,
IDA6486,2999,Persona,Perpetrador,Hombre,Sin especificar,Sin especificar,2999A,,null,,,,
IDA6487,2999,Persona,Víctima,Hombre,Sin especificar,Sin especificar,2999A,,null,,,,
IDA6488,3000,Persona,Perpetrador,Hombre,Sin especificar,Sin especificar,3000A,,null,,,,
IDA6489,3000,Persona,Víctima,Indeterminado,Indeterminado,Indeterminado,3000A,1,null,,,,
IDA6490,3001,Persona,Perpetrador,Hombre,Sin especificar,Sin especificar,3001A,,null,,,,
IDA6491,3001,Institución,Víctima,null,null,null,3001A,,La autoridad,,,,
IDA6492,3002,Persona,Perpetrador,Hombre,Sin especificar,Sin especificar,3002A,,null,,,,
IDA6493,3002,Persona,Víctima,Hombre,Sin especificar,Sin especificar,3002A,,null,,,,
IDA6494,3003,Persona,Perpetrador,Hombre,Sin especificar,Sin especificar,"3003A, 3003B",,null,,,,
IDA6495,3003,Persona,Víctima,Indeterminado,Indeterminado,Indeterminado,3003A,1,null,,,,
IDA6496,3003,Persona,Perpetrador,Mujer,Sin especificar,Sin especificar,3003B,,null,,,,
IDA6497,3004,Persona,Perpetrador,Hombre,Sin especificar,Sin especificar,3004A,,null,,,,
IDA6498,3004,Persona,Perpetrador,Mujer,Sin especificar,Sin especificar,3004A,,null,,,,
IDA6499,3005,Persona,Perpetrador,Hombre,Sin especificar,Sin especificar,"3005A, 3005B",,null,,,,
IDA6500,3005,Persona,Víctima,Hombre,Sin especificar,Sin especificar,3005A,,null,,,,
IDA6501,3005,Persona,Víctima,Mujer,Sin especificar,Sin especificar,3005A,,null,,,,
IDA6502,3005,Persona,Víctima,Mujer,Sin especificar,Sin especificar,3005B,,null,,,,
IDA6503,3005,Persona,Víctima,Indeterminado,Indeterminado,Indeterminado,3005B,,null,,,,
IDA6504,3006,Persona,Perpetrador,Hombre,Sin especificar,Sin especificar,3006A,,null,,,,
IDA6505,3006,Persona,Perpetrador,Hombre,Sin especificar,Sin especificar,3006A,,null,,,,
IDA6506,3006,Persona,Víctima,Hombre,Sin especificar,Sin especificar,3006A,,null,,,,
IDA6507,3007,Persona,Perpetrador,Mujer,Sin especificar,Sin especificar,3007A,,null,,,,
IDA6508,3007,Persona,Víctima,Mujer,Sin especificar,Sin especificar,3007A,,null,,,,
IDA6509,3008,Persona,Perpetrador,Hombre,Sin especificar,Sin especificar,"3008A, 3008B, 3008C, 3008D",,null,,,,
IDA6510,3008,Persona,Víctima,Mujer,Sin especificar,Sin especificar,"3008A, 3008C",,null,,,,
IDA6511,3008,Persona,Perpetrador,Mujer,Sin especificar,Sin especificar,"3008B, 3008C",,null,,,,
IDA6512,3009,Persona,Perpetrador,Hombre,Sin especificar,Sin especificar,3009A,,null,,,,
IDA6513,3009,Persona,Víctima,Hombre,Sin especificar,Sin especificar,3009A,,null,,,,
IDA6514,3010,Persona,Perpetrador,Hombre,Sin especificar,Sin especificar,3010A,,null,,,,
IDA6515,3010,Persona,Víctima,Mujer,Sin especificar,Sin especificar,3010A,,null,,,,
IDA6516,3011,Persona,Perpetrador,Hombre,Sin especificar,Sin especificar,3011A,,null,,,,
IDA6517,3011,Persona,Víctima,Hombre,Sin especificar,Político del Estado,3011A,,null,,,,
IDA6518,3011,Persona,Víctima,Hombre,Sin especificar,Político del Estado,3011A,,null,,,,
IDA6519,3012,Persona,Perpetrador,Hombre,Sin especificar,Sin especificar,3012A,,null,,,,
IDA6520,3012,Persona,Perpetrador,Mujer,Sin especificar,Sin especificar,3012A,,null,,,,
IDA6521,3013,Persona,Perpetrador,Mujer,Sin especificar,Sin especificar,3013A,,null,,,,
IDA6522,3013,Persona,Víctima,Mujer,Sin especificar,Sin especificar,3013A,,null,,,,
IDA6523,3014,Persona,Perpetrador,Hombre,Sin especificar,Sin especificar,"3014A, 3014B, 3014C",1,null,,,,
IDA6524,3014,Persona,Víctima,Indeterminado,Indeterminado,Indeterminado,3014A,1,null,,,,
IDA6525,3014,Persona,Perpetrador,Indeterminado,Indeterminado,Indeterminado,"3014B, 3014C",1,null,,,,
IDA6526,3015,Persona,Perpetrador,Hombre,Sin especificar,Sin especificar,3015A,,null,,,,
IDA6527,3016,Persona,Perpetrador,Hombre,Sin especificar,Sin especificar,3016A,,null,,,,
IDA6528,3016,Persona,Perpetrador,Hombre,Sin especificar,Sin especificar,3016A,,null,,,,
IDA6529,3016,Persona,Víctima,Hombre,Sin especificar,Sin especificar,3016A,,null,,,,
IDA6530,3017,Persona,Perpetrador,Hombre,Sin especificar,Sin especificar,3017A,,null,,,,
IDA6531,3017,Persona,Víctima,Hombre,Sin especificar,Sin especificar,3017A,,null,,,,
IDA6532,3018,Persona,Perpetrador,Hombre,Sin especificar,Sin especificar,"3018A, 3018B",,null,,,,
IDA6533,3018,Persona,Víctima,Hombre,Sin especificar,Sin especificar,"3018A, 3018B",,null,,,,
IDA6534,3019,Persona,Perpetrador,Hombre,Sin especificar,Sin especificar,3019A,,null,,,,
IDA6535,3019,Persona,Víctima,Hombre,Sin especificar,Sin especificar,3019A,,null,,,,
IDA6536,3021,Persona,Perpetrador,Hombre,Sin especificar,Sin especificar,3021A,,null,,,,
IDA6537,3021,Persona,Cómplice,Mujer,Sin especificar,Sin especificar,3021A,,null,,,,
IDA6538,3021,Persona,Víctima,Hombre,Sin especificar,Sin especificar,3021A,,null,,,,
IDA6539,3022,Persona,Perpetrador,Hombre,Sin especificar,Sin especificar,"3022A, 3022B, 3022C",,null,,,,
IDA6540,3022,Persona,Víctima,Hombre,Sin especificar,Sin especificar,3022A,,null,,,,
IDA6541,3022,Persona,Víctima,Mujer,Sin especificar,Sin especificar,"3022B, 3022C",,null,,,,
IDA6542,3023,Persona,Perpetrador,Hombre,Sin especificar,Sin especificar,3023A,,null,,,,
IDA6543,3023,Persona,Víctima,Hombre,Sin especificar,Sin especificar,3023A,,null,,,,
IDA6544,3024,Persona,Perpetrador,Hombre,Sin especificar,Sin especificar,3024A,,null,,,,
IDA6545,3024,Persona,Víctima,Hombre,Sin especificar,Sin especificar,3024A,,null,,,,
IDA6546,3025,Persona,Perpetrador,Hombre,Indígenas,Sin especificar,3025A,,null,,,,
IDA6547,3025,Persona,Perpetrador,Hombre,Indígenas,Sin especificar,3025A,,null,,,,
IDA6548,3025,Persona,Perpetrador,Hombre,Indígenas,Sin especificar,3025A,,null,,,,
IDA6549,3025,Persona,Víctima,Hombre,Indígenas,Sin especificar,3025A,,null,,,,
IDA6550,3026,Persona,Perpetrador,Hombre,Sin especificar,Fuerza armada,"3026A, 3026B, 3026C, 3026D",,null,,,,
IDA6551,3026,Persona,Víctima,Hombre,Sin especificar,Sin especificar,"3026A, 3026B, 3026C, 3026D",,null,,,,
IDA6552,3027,Persona,Perpetrador,Hombre,Sin especificar,Sin especificar,3027A,,null,,,,
IDA6553,3028,Persona,Perpetrador,Hombre,Sin especificar,Sin especificar,"3028A, 3028B",,null,,,,
IDA6554,3028,Persona,Perpetrador,Hombre,Sin especificar,Sin especificar,"3028A, 3028B",,null,,,,
IDA6555,3028,Persona,Víctima,Hombre,Sin especificar,Político del Estado,3028A,,null,,,,
IDA6556,3029,Persona,Perpetrador,Hombre,Sin especificar,Sin especificar,3029A,,null,,,,
IDA6557,3029,Persona,Víctima,Hombre,Sin especificar,Sin especificar,3029A,,null,,,,
IDA6558,3030,Persona,Perpetrador,Hombre,Sin especificar,Sin especificar,3030A,,null,,,,
IDA6559,3030,Persona,Víctima,Hombre,Sin especificar,Sin especificar,3030A,,null,,,,
IDA6560,3031,Persona,Perpetrador,Hombre,Sin especificar,Sin especificar,3031A,,null,,,,
IDA6561,3031,Persona,Víctima,Hombre,Sin especificar,Sin especificar,3031A,,null,,,,
IDA6562,3032,Persona,Perpetrador,Hombre,Sin especificar,Sin especificar,3032A,,null,,,,
IDA6563,3032,Persona,Perpetrador,Mujer,Sin especificar,Sin especificar,3032A,,null,,,,
IDA6564,3033,Persona,Perpetrador,Hombre,Sin especificar,Sin especificar,3033A,,null,,,,
IDA6565,3033,Persona,Víctima,Indeterminado,Indeterminado,Indeterminado,3033A,1,null,,,,
IDA6566,3034,Persona,Perpetrador,Hombre,Sin especificar,Sin especificar,"3034A, 3034B",,null,,,,
IDA6567,3034,Persona,Perpetrador,Hombre,Sin especificar,Sin especificar,"3034A, 3034B",,null,,,,
IDA6568,3034,Persona,Víctima,Indeterminado,Indeterminado,Indeterminado,"3034A, 3034B",1,null,,,,
IDA6569,3035,Persona,Perpetrador,Hombre,Sin especificar,Sin especificar,3035A,,null,,,,
IDA6570,3035,Persona,Víctima,Indeterminado,Indeterminado,Indeterminado,3035A,1,null,,,,
IDA6571,3036,Persona,Perpetrador,Hombre,Sin especificar,Sin especificar,3036A,,null,,,,
IDA6572,3036,Persona,Perpetrador,Mujer,Sin especificar,Sin especificar,3036A,,null,,,,
IDA6573,3037,Persona,Perpetrador,Hombre,Sin especificar,Sin especificar,"3037A, 3037B",,null,,,,
IDA6574,3037,Persona,Víctima,Hombre,Sin especificar,Sin especificar,3037A,,null,,,,
IDA6575,3037,Persona,Víctima,Hombre,Sin especificar,Político del Estado,3037B,,null,,,,
IDA6576,3038,Persona,Perpetrador,Hombre,Sin especificar,Sin especificar,3038A,,null,,,,
IDA6577,3038,Persona,Víctima,Indeterminado,Indeterminado,Indeterminado,3038A,1,null,,,,
IDA6578,3039,Persona,Perpetrador,Hombre,Sin especificar,Sin especificar,3039A,,null,,,,
IDA6579,3039,Persona,Víctima,Hombre,Sin especificar,Sin especificar,3039A,,null,,,,
IDA6580,3040,Persona,Perpetrador,Hombre,Sin especificar,Sin especificar,3040A,,null,,,,
IDA6581,3041,Persona,Perpetrador,Hombre,Sin especificar,Político del Estado,"3041A, 3041B",1,null,,,,
IDA6582,3041,Persona,Perpetrador,Hombre,Sin especificar,Político del Estado,"3041A, 3041B",1,null,,,,
IDA6583,3041,Persona,Víctima,Hombre,Sin especificar,Político del Estado,"3041A, 3041B",1,null,,,,
IDA6584,3041,Persona,Víctima,Hombre,Sin especificar,Político del Estado,"3041A, 3041B",1,null,,,,
IDA6585,3042,Persona,Perpetrador,Hombre,Sin especificar,Sin especificar,3042A,,null,,,,
IDA6586,3042,Persona,Víctima,Hombre,Indígenas,Sin especificar,3042A,,null,,,,
IDA6587,3043,Persona,Perpetrador,Hombre,Sin especificar,Sin especificar,"3043A, 3043B, 3043C",,null,,,,
IDA6588,3043,Persona,Víctima,Hombre,Sin especificar,Político del Estado,"3043A, 3043B",,null,,,,
IDA6589,3043,Persona,Perpetrador,Mujer,Sin especificar,Sin especificar,3043C,,null,,,,
IDA6590,3044,Persona,Perpetrador,Hombre,Sin especificar,Sin especificar,3044A,,null,,,,
IDA6591,3044,Persona,Víctima,Hombre,Sin especificar,Sin especificar,3044A,,null,,,,
IDA6592,3045,Persona,Perpetrador,Hombre,Sin especificar,Sin especificar,3045A,,null,,,,
IDA6593,3045,Persona,Víctima,Indeterminado,Indeterminado,Indeterminado,3045A,1,null,,,,
IDA6594,3046,Persona,Perpetrador,Hombre,Sin especificar,Sin especificar,"3046A, 3046B",,null,,,,
IDA6595,3046,Persona,Perpetrador,Hombre,Sin especificar,Sin especificar,"3046A, 3046B",,null,,,,
IDA6596,3046,Persona,Perpetrador,Indeterminado,Indeterminado,Indeterminado,"3046A, 3046B",,null,,,,
IDA6597,3046,Persona,Perpetrador,Indeterminado,Indeterminado,Indeterminado,"3046A, 3046B",,null,,,,
IDA6598,3046,Persona,Víctima,Hombre,Sin especificar,Sin especificar,"3046A, 3046B",,null,,,,
IDA6599,3049,Persona,Perpetrador,Hombre,Sin especificar,Sin especificar,3049A,,null,,,,
IDA6600,3049,Persona,Víctima,Hombre,Sin especificar,Sin especificar,3049A,,null,,,,
IDA6601,3050,Persona,Perpetrador,Hombre,Sin especificar,Sin especificar,"3050A, 3050B, 3050C",1,null,,,,
IDA6602,3050,Persona,Víctima,Mujer,Sin especificar,Sin especificar,3050A,,null,,,,
IDA6603,3050,Persona,Cómplice,Hombre,Sin especificar,Sin especificar,"3050B, 3050C",1,null,,,,
IDA6604,3050,Persona,Cómplice,Hombre,Sin especificar,Sin especificar,"3050B, 3050C",1,null,,,,
IDA6605,3050,Persona,Víctima,Indeterminado,Indeterminado,Indeterminado,"3050B, 3050C",1,null,,,,
IDA6606,3051,Persona,Perpetrador,Hombre,Sin especificar,Sin especificar,"3051A, 3051B",,null,,,,
IDA6607,3051,Persona,Perpetrador,Hombre,Sin especificar,Sin especificar,3051A,,null,,,,
IDA6608,3051,Persona,Perpetrador,Mujer,Sin especificar,Sin especificar,"3051A, 3051B",,null,,,,
IDA6609,3051,Persona,Víctima,Mujer,Sin especificar,Sin especificar,3051B,,null,,,,
IDA6610,3051,Persona,Perpetrador,Mujer,Sin especificar,Sin especificar,3051B,,null,,,,
IDA6611,3052,Persona,Perpetrador,Hombre,Sin especificar,Sin especificar,3052A,,null,,,,
IDA6612,3052,Persona,Perpetrador,Mujer,Sin especificar,Sin especificar,3052A,,null,,,,
IDA6613,3053,Persona,Perpetrador,Hombre,Sin especificar,Sin especificar,"3053A, 3053B, 3053C",,null,,,,
IDA6614,3053,Persona,Víctima,Indeterminado,Indeterminado,Indeterminado,"3053B, 3053C",1,null,,,,
IDA6615,3054,Persona,Perpetrador,Hombre,Sin especificar,Sin especificar,"3054A, 3054B, 3054C, 3054D",,null,,,,
IDA6616,3054,Persona,Perpetrador,Hombre,Sin especificar,Sin especificar,"3054A, 3054B, 3054C, 3054D",,null,,,,
IDA6617,3054,Persona,Perpetrador,Hombre,Sin especificar,Sin especificar,"3054A, 3054B, 3054C, 3054D",,null,,,,
IDA6618,3054,Persona,Perpetrador,Mujer,Sin especificar,Sin especificar,"3054A, 3054B, 3054C, 3054D",,null,,,,
IDA6619,3054,Persona,Perpetrador,Mujer,Sin especificar,Sin especificar,"3054A, 3054B, 3054C, 3054D",,null,,,,
IDA6620,3054,Persona,Víctima,Hombre,Sin especificar,Político del Estado,"3054A, 3054B",1,null,,,,
IDA6621,3054,Persona,Víctima,Indeterminado,Indeterminado,Indeterminado,"3054A, 3054B",1,null,,,,
IDA6622,3054,Persona,Víctima,Indeterminado,Indeterminado,Indeterminado,"3054A, 3054B",1,null,,,,
IDA6623,3054,Persona,Víctima,Hombre,Sin especificar,Sin especificar,"3054C, 3054D",,null,,,,
IDA6624,3055,Persona,Perpetrador,Hombre,Sin especificar,Sin especificar,3055A,,null,,,,
IDA6625,3055,Persona,Víctima,Indeterminado,Indeterminado,Indeterminado,3055A,1,null,,,,
IDA6626,3056,Persona,Perpetrador,Hombre,Sin especificar,Sin especificar,3056A,,null,,,,
IDA6627,3056,Persona,Víctima,Hombre,Sin especificar,Sin especificar,3056A,,null,,,,
IDA6628,3057,Persona,Cómplice,Hombre,Sin especificar,Sin especificar,3057A,,null,,,,
IDA6629,3057,Persona,Perpetrador,Mujer,Sin especificar,Sin especificar,"3057A, 3057B",,null,,,,
IDA6630,3057,Persona,Víctima,Hombre,Sin especificar,Sin especificar,"3057A, 3057B",,null,,,,
IDA6631,3058,Persona,Perpetrador,Hombre,Sin especificar,Sin especificar,3058A,,null,,,,
IDA6632,3058,Persona,Víctima,Indeterminado,Indeterminado,Indeterminado,3058A,1,null,,,,
IDA6633,3059,Persona,Perpetrador,Hombre,Sin especificar,Sin especificar,3059A,,null,,,,
IDA6634,3059,Persona,Víctima,Indeterminado,Indeterminado,Indeterminado,3059A,1,null,,,,
IDA6635,3060,Persona,Perpetrador,Hombre,Sin especificar,Sin especificar,3060A,,null,,,,
IDA6636,3060,Persona,Víctima,Mujer,Sin especificar,Sin especificar,3060A,,null,,,,
IDA6637,3061,Persona,Perpetrador,Hombre,Sin especificar,Sin especificar,"3061A, 3061B",,null,,,,
IDA6638,3061,Persona,Perpetrador,Mujer,Sin especificar,Sin especificar,3061A,,null,,,,
IDA6639,3061,Institución,Víctima,null,null,null,3061B,,La autoridad,,,,
IDA6640,3063,Persona,Perpetrador,Hombre,Sin especificar,Sin especificar,3063A,,null,,,,
IDA6641,3063,Persona,Perpetrador,Hombre,Sin especificar,Sin especificar,3063A,,null,,,,
IDA6642,3063,Persona,Perpetrador,Mujer,Sin especificar,Sin especificar,3063A,,null,,,,
IDA6643,3063,Persona,Víctima,Hombre,Sin especificar,Sin especificar,3063A,,null,,,,
IDA6644,3064,Persona,Perpetrador,Mujer,Sin especificar,Sin especificar,3064A,,null,,,,
IDA6645,3064,Persona,Perpetrador,Mujer,Sin especificar,Sin especificar,3064A,,null,,,,
IDA6646,3064,Persona,Perpetrador,Mujer,Sin especificar,Sin especificar,3064A,,null,,,,
IDA6647,3064,Persona,Víctima,Mujer,Sin especificar,Sin especificar,3064A,,null,,,,
IDA6648,3065,Persona,Perpetrador,Hombre,Sin especificar,Político del Estado,"3065A, 3065B",,null,,,,
IDA6649,3065,Población Indígena Completa,Víctima,null,null,null,"3065A, 3065B",,null,,,,
IDA6650,3066,Persona,Perpetrador,Hombre,Sin especificar,Sin especificar,3066A,,null,,,,
IDA6651,3066,Persona,Perpetrador,Hombre,Sin especificar,Sin especificar,3066A,,null,,,,
IDA6652,3067,Persona,Perpetrador,Hombre,Sin especificar,Sin especificar,3067A,,null,,,,
IDA6653,3067,Persona,Víctima,Hombre,Sin especificar,Sin especificar,3067A,,null,,,,
IDA6654,3068,Persona,Perpetrador,Hombre,Sin especificar,Sin especificar,"3068A, 3068B, 3068C",,null,,,,
IDA6655,3068,Persona,Víctima,Indeterminado,Indeterminado,Indeterminado,"3068A, 3068B, 3068C",1,null,,,,
IDA6656,3069,Persona,Perpetrador,Hombre,Sin especificar,Sin especificar,"3069A, 3069B",,null,,,,
IDA6657,3069,Persona,Víctima,Mujer,Sin especificar,Sin especificar,3069A,,null,,,,
IDA6658,3070,Persona,Perpetrador,Hombre,Sin especificar,Sin especificar,"3070A, 3070B",,null,,,,
IDA6659,3070,Persona,Víctima,Indeterminado,Indeterminado,Indeterminado,3070A,1,null,,,,
IDA6660,3071,Persona,Perpetrador,Mujer,Sin especificar,Sin especificar,"3071A, 3071B",,null,,,,
IDA6661,3071,Persona,Perpetrador,Mujer,Sin especificar,Sin especificar,"3071A, 3071B",,null,,,,
IDA6662,3071,Persona,Perpetrador,Mujer,Sin especificar,Sin especificar,"3071A, 3071B",,null,,,,
IDA6663,3071,Persona,Perpetrador,Mujer,Sin especificar,Sin especificar,3071A,,null,,,,
IDA6664,3071,Persona,Perpetrador,Mujer,Sin especificar,Sin especificar,3071A,,null,,,,
IDA6665,3071,Persona,Víctima,Mujer,Sin especificar,Sin especificar,3071B,,null,,,,
IDA6666,3071,Persona,Víctima,Mujer,Sin especificar,Sin especificar,3071B,,null,,,,
IDA6667,3071,Persona,Perpetrador,Mujer,Sin especificar,Sin especificar,"3071B, 3071A",,null,,,,
IDA6668,3071,Persona,Perpetrador,Mujer,Sin especificar,Sin especificar,"3071B, 3071A",,null,,,,
IDA6669,3071,Persona,Perpetrador,Mujer,Sin especificar,Sin especificar,"3071B, 3071A",,null,,,,
IDA6670,3071,Persona,Víctima,Mujer,Sin especificar,Sin especificar,3071B,,null,,,,
IDA6671,3071,Persona,Víctima,Mujer,Sin especificar,Sin especificar,3071B,,null,,,,
IDA6672,3071,Persona,Perpetrador,Mujer,Sin especificar,Sin especificar,3071A,,null,,,,
IDA6673,3071,Persona,Perpetrador,Mujer,Sin especificar,Sin especificar,3071A,,null,,,,
IDA6674,3072,Persona,Perpetrador,Hombre,Sin especificar,Sin especificar,"3072A, 3072B",,null,,,,
IDA6675,3072,Persona,Perpetrador,Hombre,Sin especificar,Sin especificar,"3072A, 3072B",,null,,,,
IDA6676,3072,Persona,Perpetrador,Hombre,Sin especificar,Sin especificar,"3072A, 3072B",,null,,,,
IDA6677,3072,Población Indígena Completa,Víctima,null,null,null,"3072A, 3072B",,null,,,,
IDA6678,3073,Persona,Perpetrador,Hombre,Sin especificar,Político del Estado,"3073A, 3073B",,null,,,,
IDA6679,3073,Persona,Víctima,Hombre,Sin especificar,Sin especificar,"3073A, 3073B",,null,,,,
IDA6680,3074,Persona,Perpetrador,Hombre,Sin especificar,Sin especificar,3074A,,null,,,,
IDA6681,3074,Persona,Víctima,Hombre,Sin especificar,Sin especificar,3074A,,null,,,,
IDA6682,3075,Persona,Perpetrador,Hombre,Sin especificar,Sin especificar,"3075A, 3075B",,null,,,,
IDA6683,3075,Persona,Víctima,Mujer,Sin especificar,Sin especificar,"3075A, 3075B",,null,,,,
IDA6684,3075,Persona,Perpetrador,Hombre,Sin especificar,Sin especificar,"3075B, 3075A",,null,,,,
IDA6685,3075,Persona,Víctima,Mujer,Sin especificar,Sin especificar,"3075B, 3075A",,null,,,,
IDA6686,3076,Persona,Perpetrador,Hombre,Sin especificar,Sin especificar,3076A,,null,,,,
IDA6687,3076,Persona,Víctima,Indeterminado,Indeterminado,Indeterminado,3076A,1,null,,,,
IDA6688,3077,Persona,Perpetrador,Hombre,Sin especificar,Sin especificar,3077A,,null,,,,
IDA6689,3077,Persona,Víctima,Indeterminado,Indeterminado,Indeterminado,3077A,1,null,,,,
IDA6690,3078,Persona,Perpetrador,Hombre,Sin especificar,Sin especificar,"3078A, 3078B, 3078C",,null,,,,
IDA6691,3078,Persona,Víctima,Indeterminado,Indeterminado,Indeterminado,"3078A, 3078B",1,null,,,,
IDA6692,3078,Institución,Víctima,null,null,null,3078C,,La autoridad,,,,
IDA6693,3079,Persona,Perpetrador,Hombre,Sin especificar,Sin especificar,3079A,,null,,,,
IDA6694,3079,Persona,Víctima,Hombre,Sin especificar,Sin especificar,3079A,,null,,,,
IDA6695,3080,Persona,Perpetrador,Hombre,Sin especificar,Sin especificar,3080A,,null,,,,
IDA6696,3080,Persona,Víctima,Hombre,Sin especificar,Sin especificar,3080A,,null,,,,
IDA6697,3081,Persona,Perpetrador,Mujer,Sin especificar,Sin especificar,3081A,,null,,,,
IDA6698,3081,Persona,Víctima,Mujer,Sin especificar,Sin especificar,3081A,,null,,,,
IDA6699,3082,Persona,Perpetrador,Hombre,Sin especificar,Sin especificar,3082A,,null,,,,
IDA6700,3082,Persona,Víctima,Hombre,Sin especificar,Sin especificar,3082A,,null,,,,
IDA6701,3083,Persona,Perpetrador,Indeterminado,Indeterminado,Indeterminado,3083A,1,null,,,,
IDA6702,3083,Persona,Perpetrador,Indeterminado,Indeterminado,Indeterminado,3083A,1,null,,,,
IDA6703,3083,Persona,Víctima,Hombre,Sin especificar,Sin especificar,3083A,,null,,,,
IDA6704,3084,Persona,Perpetrador,Hombre,Sin especificar,Sin especificar,"3084A, 3084B, 3084C, 3084D",,null,,,,
IDA6705,3084,Persona,Víctima,Indeterminado,Indeterminado,Indeterminado,"3084A, 3084B",1,null,,,,
IDA6706,3085,Persona,Perpetrador,Hombre,Sin especificar,Sin especificar,3085A,,null,,,,
IDA6707,3085,Persona,Víctima,Hombre,Sin especificar,Sin especificar,3085A,,null,,,,
IDA6708,3086,Persona,Perpetrador,Hombre,Sin especificar,Sin especificar,3086A,,null,,,,
IDA6709,3086,Persona,Víctima,Indeterminado,Indeterminado,Indeterminado,3086A,1,null,,,,
IDA6710,3087,Persona,Perpetrador,Hombre,Sin especificar,Sin especificar,3087A,,null,,,,
IDA6711,3087,Persona,Víctima,Hombre,Sin especificar,Sin especificar,3087A,,null,,,,
IDA6712,3088,Persona,Perpetrador,Hombre,Sin especificar,Político del Estado,3088A,,null,,,,
IDA6713,3088,Persona,Víctima,Hombre,Sin especificar,Sin especificar,3088A,,null,,,,
IDA6714,3089,Persona,Perpetrador,Hombre,Sin especificar,Sin especificar,3089A,,null,,,,
IDA6715,3089,Persona,Víctima,Hombre,Sin especificar,Sin especificar,3089A,,null,,,,
IDA6716,3090,Persona,Perpetrador,Hombre,Sin especificar,Sin especificar,3090A,,null,,,,
IDA6717,3090,Persona,Perpetrador,Mujer,Sin especificar,Sin especificar,3090A,,null,,,,
IDA6718,3090,Persona,Víctima,Hombre,Sin especificar,Político del Estado,3090A,,null,,,,
IDA6719,3091,Persona,Perpetrador,Hombre,Sin especificar,Sin especificar,3091A,,null,,,,
IDA6720,3091,Persona,Perpetrador,Hombre,Sin especificar,Sin especificar,3091A,,null,,,,
IDA6721,3091,Persona,Víctima,Indeterminado,Indeterminado,Indeterminado,3091A,1,null,,,,
IDA6722,3092,Persona,Perpetrador,Hombre,Sin especificar,Político del Estado,"3092A, 3092B",,null,,,,
IDA6723,3092,Persona,Víctima,Hombre,Sin especificar,Político del Estado,3092A,,null,,,,
IDA6724,3093,Persona,Perpetrador,Hombre,Sin especificar,Sin especificar,"3093A, 3093B",,null,,,,
IDA6725,3093,Persona,Víctima,Hombre,Sin especificar,Sin especificar,"3093A, 3093B",,null,,,,
IDA6726,3094,Persona,Perpetrador,Hombre,Sin especificar,Sin especificar,3094A,,null,,,,
IDA6727,3094,Persona,Víctima,Hombre,Sin especificar,Sin especificar,3094A,,null,,,,
IDA6728,3095,Persona,Perpetrador,Hombre,Sin especificar,Sin especificar,3095A,,null,,,,
IDA6729,3095,Persona,Perpetrador,Mujer,Sin especificar,Sin especificar,3095A,,null,,,,
IDA6730,3095,Persona,Perpetrador,Hombre,Sin especificar,Sin especificar,3095A,,null,,,,
IDA6731,3095,Persona,Perpetrador,Mujer,Sin especificar,Sin especificar,3095A,,null,,,,
IDA6732,3096,Persona,Perpetrador,Hombre,Sin especificar,Sin especificar,3096A,,null,,,,
IDA6733,3096,Persona,Perpetrador,Hombre,Sin especificar,Sin especificar,3096A,,null,,,,
IDA6734,3096,Persona,Perpetrador,Hombre,Sin especificar,Sin especificar,3096A,,null,,,,
IDA6735,3096,Persona,Víctima,Hombre,Sin especificar,Sin especificar,3096A,,null,,,,
IDA6736,3097,Persona,Perpetrador,Hombre,Sin especificar,Sin especificar,3097A,,null,,,,
IDA6737,3097,Persona,Perpetrador,Hombre,Sin especificar,Sin especificar,3097A,,null,,,,
IDA6738,3098,Persona,Perpetrador,Hombre,Sin especificar,Sin especificar,"3098A, 3098B, 3098C",,null,,,,
IDA6739,3098,Persona,Víctima,Indeterminado,Indeterminado,Indeterminado,"3098B, 3098C",1,null,,,,
IDA6740,3098,Persona,Perpetrador,Mujer,Sin especificar,Sin especificar,"3098B, 3098C",,null,,,,
IDA6741,3099,Persona,Perpetrador,Hombre,Sin especificar,Sin especificar,3099A,,null,,,,
IDA6742,3099,Persona,Víctima,Indeterminado,Indeterminado,Indeterminado,3099A,1,null,,,,
IDA6743,3100,Persona,Perpetrador,Hombre,Sin especificar,Sin especificar,3100A,,null,,,,
IDA6744,3100,Persona,Perpetrador,Hombre,Sin especificar,Sin especificar,3100A,,null,,,,
IDA6745,3101,Persona,Perpetrador,Mujer,Sin especificar,Sin especificar,3101A,,null,,,,
IDA6746,3101,Persona,Víctima,Hombre,Sin especificar,Sin especificar,3101A,,null,,,,
IDA6747,3101,Persona,Perpetrador,Hombre,Sin especificar,Sin especificar,3101A,,null,,,,
IDA6748,3102,Persona,Perpetrador,Hombre,Sin especificar,Sin especificar,3102A,,null,,,,
IDA6749,3102,Persona,Víctima,Mujer,Indígenas,Sin especificar,3102A,,null,,,,
IDA6750,3103,Persona,Perpetrador,Hombre,Sin especificar,Sin especificar,"3103A, 3103B",,null,,,,
IDA6751,3103,Persona,Víctima,Mujer,Sin especificar,Sin especificar,"3103A, 3103B",,null,,,,
IDA6752,3104,Persona,Perpetrador,Hombre,Sin especificar,Sin especificar,3104A,,null,,,,
IDA6753,3104,Persona,Perpetrador,Hombre,Sin especificar,Sin especificar,3104A,,null,,,,
IDA6754,3104,Persona,Víctima,Hombre,Sin especificar,Sin especificar,3104A,,null,,,,
IDA6755,3105,Persona,Perpetrador,Hombre,Sin especificar,Eclesiástico,3105A,,null,,,,
IDA6756,3105,Persona,Víctima,Hombre,Sin especificar,Político del Estado,3105A,,null,,,,
IDA6757,3106,Persona,Perpetrador,Hombre,Sin especificar,Sin especificar,3106A,,null,,,,
IDA6758,3106,Persona,Cómplice,Hombre,Sin especificar,Sin especificar,3106A,,null,,,,
IDA6759,3106,Persona,Víctima,Mujer,Sin especificar,Sin especificar,3106A,,null,,,,
IDA6760,3107,Persona,Perpetrador,Hombre,Sin especificar,Sin especificar,3107A,,null,,,,
IDA6761,3107,Persona,Víctima,Hombre,Sin especificar,Sin especificar,3107A,,null,,,,
IDA6762,3108,Persona,Perpetrador,Hombre,Sin especificar,Sin especificar,3108A,,null,,,,
IDA6763,3108,Persona,Víctima,Hombre,Sin especificar,Sin especificar,3108A,,null,,,,
IDA6764,3109,Persona,Perpetrador,Hombre,Sin especificar,Sin especificar,3109A,1,null,,,,
IDA6765,3109,Persona,Cómplice,Indeterminado,Sin información,Sin información,3109A,1,null,,,,
IDA6766,3109,Persona,Cómplice,Indeterminado,Sin información,Sin información,3109A,1,null,,,,
IDA6767,3109,Persona,Víctima,Hombre,Sin especificar,Sin especificar,3109A,,null,,,,
IDA6768,3110,Persona,Perpetrador,Hombre,Sin especificar,Sin especificar,3110A,,null,,,,
IDA6769,3110,Persona,Víctima,Hombre,Sin especificar,Sin especificar,3110A,,null,,,,
IDA6770,3111,Persona,Perpetrador,Hombre,Sin especificar,Sin especificar,3111A,,null,,,,
IDA6771,3111,Persona,Víctima,Hombre,Sin especificar,Sin especificar,3111A,,null,,,,
IDA6772,3112,Persona,Perpetrador,Hombre,Sin especificar,Sin especificar,"3112A, 3112B",,null,,,,
IDA6773,3112,Persona,Víctima,Mujer,Sin especificar,Sin especificar,"3112A, 3112B",,null,,,,
IDA6774,3113,Persona,Perpetrador,Hombre,Sin especificar,Sin especificar,"3113A, 3113B",,null,,,,
IDA6775,3113,Persona,Perpetrador,Hombre,Sin especificar,Sin especificar,"3113A, 3113B",,null,,,,
IDA6776,3113,Persona,Víctima,Indeterminado,Indeterminado,Indeterminado,"3113A, 3113B",1,null,,,,
IDA6777,3114,Persona,Perpetrador,Hombre,Sin especificar,Sin especificar,3114A,,null,,,,
IDA6778,3114,Persona,Víctima,Indeterminado,Indeterminado,Indeterminado,3114A,,null,,,,
IDA6779,3115,Persona,Perpetrador,Hombre,Sin especificar,Sin especificar,3115A,1,null,,,,
IDA6780,3115,Persona,Perpetrador,Hombre,Sin especificar,Sin especificar,3115A,1,null,,,,
IDA6781,3115,Persona,Perpetrador,Hombre,Sin especificar,Sin especificar,3115A,1,null,,,,
IDA6782,3115,Persona,Perpetrador,Indeterminado,Indeterminado,Indeterminado,3115A,1,null,,,,
IDA6783,3115,Persona,Perpetrador,Indeterminado,Indeterminado,Indeterminado,3115A,1,null,,,,
IDA6784,3116,Persona,Perpetrador,Mujer,Sin especificar,Sin especificar,3116A,,null,,,,
IDA6785,3116,Persona,Víctima,Hombre,Sin especificar,Sin especificar,3116A,,null,,,,
IDA6786,3117,Persona,Perpetrador,Hombre,Sin especificar,Sin especificar,3117A,,null,,,,
IDA6787,3117,Persona,Víctima,Hombre,Sin especificar,Sin especificar,3117A,,null,,,,
IDA6788,3118,Persona,Perpetrador,Hombre,Sin especificar,Sin especificar,"3118A, 3118B",,null,,,,
IDA6789,3118,Persona,Víctima,Hombre,Sin especificar,Eclesiástico,"3118A, 3118B",,null,,,,
IDA6790,3120,Persona,Perpetrador,Hombre,Sin especificar,Sin especificar,"3120A, 3120B",,null,,,,
IDA6791,3120,Persona,Víctima,Mujer,Sin especificar,Sin especificar,3120A,,null,,,,
IDA6792,3120,Persona,Víctima,Hombre,Indígenas,Sin especificar,3120B,1,null,,,,
IDA6793,3120,Persona,Víctima,Hombre,Indígenas,Sin especificar,3120B,1,null,,,,
IDA6794,3121,Persona,Perpetrador,Hombre,Sin especificar,Sin especificar,3121A,,null,,,,
IDA6795,3121,Persona,Víctima,Hombre,Esclavo,Sin especificar,3121A,,null,,,,
IDA6796,3123,Persona,Perpetrador,Hombre,Sin especificar,Sin especificar,3123A,,null,,,,
IDA6797,3123,Persona,Víctima,Hombre,Sin especificar,Sin especificar,3123A,,null,,,,
IDA6798,3124,Persona,Perpetrador,Hombre,Sin especificar,Sin especificar,3124A,1,null,,,,
IDA6799,3124,Persona,Perpetrador,Indeterminado,Indeterminado,Indeterminado,3124A,1,null,,,,
IDA6800,3124,Persona,Perpetrador,Indeterminado,Indeterminado,Indeterminado,3124A,1,null,,,,
IDA6801,3124,Persona,Víctima,Hombre,Sin especificar,Sin especificar,3124A,,null,,,,
IDA6802,3125,Persona,Perpetrador,Hombre,Sin especificar,Sin especificar,3125A,,null,,,,
IDA6803,3125,Persona,Víctima,Hombre,Sin especificar,Sin especificar,3125A,,null,,,,
IDA6804,3126,Persona,Perpetrador,Hombre,Sin especificar,Sin especificar,3126A,,null,,,,
IDA6805,3126,Persona,Perpetrador,Mujer,Sin especificar,Sin especificar,3126A,,null,,,,
IDA6806,3126,Persona,Perpetrador,Mujer,Sin especificar,Sin especificar,3126B,,null,,,,
IDA6807,3126,Persona,Víctima,Hombre,Sin especificar,Sin especificar,3126B,,null,,,,
IDA6808,3126,Persona,Perpetrador,Hombre,Sin especificar,Sin especificar,3126B,,null,,,,
IDA6809,3127,Persona,Perpetrador,Hombre,Sin especificar,Sin especificar,3127A,,null,,,,
IDA6810,3127,Institución,Víctima,null,null,null,3127A,,Administración de Tabaco/Aguardiente/Correos,,,,
IDA6811,3128,Persona,Perpetrador,Hombre,Sin especificar,Sin especificar,"3128A, 3128B",,null,,,,
IDA6812,3128,Persona,Perpetrador,Mujer,Sin especificar,Sin especificar,"3128A, 3128B",,null,,,,
IDA6813,3128,Persona,Perpetrador,Indeterminado,Indeterminado,Indeterminado,"3128A, 3128B",,null,,,,
IDA6814,3128,Persona,Perpetrador,Indeterminado,Indeterminado,Indeterminado,"3128A, 3128B",,null,,,,
IDA6815,3128,Persona,Víctima,Indeterminado,Indeterminado,Indeterminado,3128A,1,null,,,,
IDA6816,3129,Persona,Perpetrador,Hombre,Sin especificar,Sin especificar,3129A,,null,,,,
IDA6817,3129,Persona,Víctima,Hombre,Sin especificar,Sin especificar,3129A,,null,,,,
IDA6818,3130,Persona,Perpetrador,Hombre,Sin especificar,Sin especificar,3130A,,null,,,,
IDA6819,3130,Persona,Víctima,Hombre,Sin especificar,Sin especificar,3130A,,null,,,,
IDA6820,3131,Persona,Perpetrador,Hombre,Sin especificar,Sin especificar,3131A,,null,,,,
IDA6821,3131,Persona,Víctima,Hombre,Sin especificar,Sin especificar,3131A,,null,,,,
IDA6822,3132,Persona,Perpetrador,Hombre,Sin especificar,Político del Estado,3132A,,null,,,,
IDA6823,3132,Persona,Víctima,Hombre,Sin especificar,Sin especificar,3132A,,null,,,,
IDA6824,3132,Persona,Víctima,Hombre,Sin especificar,Político del Estado,3132A,,null,,,,
IDA6825,3133,Persona,Perpetrador,Hombre,Sin especificar,Sin especificar,3133A,,null,,,,
IDA6826,3133,Persona,Víctima,Hombre,Sin especificar,Político del Estado,3133A,,null,,,,
IDA6827,3137,Persona,Perpetrador,Hombre,Sin especificar,Sin especificar,3137A,,null,,,,
IDA6828,3137,Persona,Víctima,Hombre,Sin especificar,Sin especificar,3137A,,null,,,,
IDA6829,3138,Persona,Perpetrador,Hombre,Sin especificar,Sin especificar,3138A,,null,,,,
IDA6830,3138,Persona,Víctima,Hombre,Sin especificar,Sin especificar,3138A,,null,,,,
IDA6831,3139,Persona,Perpetrador,Hombre,Sin especificar,Sin especificar,3139A,,null,,,,
IDA6832,3139,Persona,Víctima,Hombre,Sin especificar,Sin especificar,3139A,,null,,,,
IDA6833,3140,Persona,Perpetrador,Hombre,Sin especificar,Político del Estado,3140A,,null,,,,
IDA6834,3140,Persona,Perpetrador,Mujer,Sin especificar,Sin especificar,3140A,,null,,,,
IDA6835,3141,Persona,Perpetrador,Hombre,Sin especificar,Sin especificar,3141A,,null,,,,
IDA6836,3142,Persona,Perpetrador,Indeterminado,Indeterminado,Indeterminado,3142A,1,null,,,,
IDA6837,3142,Persona,Víctima,Hombre,Sin especificar,Político del Estado,3142A,,null,,,,
IDA6838,3151,Persona,Perpetrador,Hombre,Sin especificar,Sin especificar,3151A,,null,,,,
IDA6839,3151,Persona,Víctima,Mujer,Sin especificar,Sin especificar,3151A,,null,,,,
IDA6840,3155,Persona,Perpetrador,Hombre,Sin especificar,Sin especificar,3155A,,null,,,,
IDA6841,3157,Persona,Perpetrador,Hombre,Sin especificar,Sin especificar,3157A,,null,,,,
IDA6842,3157,Persona,Víctima,Indeterminado,Indeterminado,Indeterminado,3157A,1,null,,,,
IDA6843,3158,Persona,Perpetrador,Hombre,Sin especificar,Sin especificar,3158A,,null,,,,
IDA6844,3158,Persona,Perpetrador,Mujer,Sin especificar,Sin especificar,3158A,,null,,,,
IDA6845,3159,Persona,Perpetrador,Hombre,Sin especificar,Sin especificar,3159A,,null,,,,
IDA6846,3159,Institución,Víctima,null,null,null,3159A,,Real Hacienda,,,,
IDA6847,3160,Institución,Perpetrador,null,null,null,3160A,,La autoridad,,,,
IDA6848,3160,Persona,Víctima,Hombre,Sin especificar,Sin especificar,3160A,,null,,,,
IDA6849,3163,Persona,Perpetrador,Hombre,Sin especificar,Sin especificar,"3163A, 3163B",,null,,,,
IDA6850,3163,Persona,Víctima,Hombre,Sin especificar,Sin especificar,"3163A, 3163B",,null,,,,
IDA6851,3164,Persona,Perpetrador,Hombre,Sin especificar,Sin especificar,"3164A, 3164B",,null,,,,
IDA6852,3164,Persona,Perpetrador,Hombre,Sin especificar,Sin especificar,"3164A, 3164B",,null,,,,
IDA6853,3164,Persona,Víctima,Hombre,Sin especificar,Político del Estado,"3164A, 3164B",,null,,,,
IDA6854,3165,Persona,Perpetrador,Hombre,Sin especificar,Sin especificar,"3165A, 3165B",,null,,,,
IDA6855,3166,Persona,Perpetrador,Hombre,Sin especificar,Sin especificar,3166A,,null,,,,
IDA6856,3166,Persona,Víctima,Hombre,Sin especificar,Político del Estado,3166A,1,null,,,,
IDA6857,3166,Persona,Víctima,Hombre,Sin especificar,Político del Estado,3166A,1,null,,,,
IDA6858,3166,Persona,Víctima,Hombre,Sin especificar,Político del Estado,3166A,1,null,,,,
IDA6859,3167,Persona,Perpetrador,Hombre,Sin especificar,Sin especificar,3167A,,null,,,,
IDA6860,3167,Persona,Víctima,Hombre,Sin especificar,Fuerza armada,3167A,,null,,,,
IDA6861,3168,Persona,Perpetrador,Hombre,Sin especificar,Sin especificar,3168A,,null,,,,
IDA6862,3169,Persona,Perpetrador,Hombre,Sin especificar,Político del Estado,3169A,,null,,,,
IDA6863,3169,Persona,Víctima,Hombre,Sin especificar,Sin especificar,3169A,,null,,,,
IDA6864,3169,Persona,Víctima,Mujer,Sin especificar,Sin especificar,3169A,,null,,,,
IDA6865,3170,Persona,Perpetrador,Hombre,Sin especificar,Sin especificar,3170A,,null,,,,
IDA6866,3171,Persona,Perpetrador,Hombre,Sin especificar,Sin especificar,3171A,,null,,,,
IDA6867,3171,Persona,Perpetrador,Mujer,Sin especificar,Sin especificar,3171A,,null,,,,
IDA6868,3171,Persona,Víctima,Mujer,Sin especificar,Sin especificar,3171A,,null,,,,
IDA6869,3174,Persona,Perpetrador,Hombre,Sin especificar,Sin especificar,3174A,,null,,,,
IDA6870,3174,Persona,Víctima,Hombre,Sin especificar,Sin especificar,3174A,,null,,,,
IDA6871,3175,Persona,Perpetrador,Hombre,Sin especificar,Sin especificar,3175A,,null,,,,
IDA6872,3175,Persona,Víctima,Mujer,Sin especificar,Sin especificar,3175A,,null,,,,
IDA6873,3176,Persona,Perpetrador,Hombre,Sin especificar,Sin especificar,3176A,,null,,,,
IDA6874,3176,Persona,Víctima,Mujer,Sin especificar,Sin especificar,3176A,,null,,,,
IDA6875,3177,Persona,Perpetrador,Mujer,Sin especificar,Sin especificar,3177A,,null,,,,
IDA6876,3177,Persona,Víctima,Mujer,Sin especificar,Sin especificar,3177A,,null,,,,
IDA6877,3178,Persona,Perpetrador,Hombre,Sin especificar,Sin especificar,"3178A, 3178B",,null,,,,
IDA6878,3178,Persona,Víctima,Indeterminado,Indeterminado,Indeterminado,3178A,1,null,,,,
IDA6879,3179,Persona,Perpetrador,Indeterminado,Indeterminado,Indeterminado,3179A,1,null,,,,
IDA6880,3179,Persona,Víctima,Hombre,Sin especificar,Sin especificar,3179A,,null,,,,
IDA6881,3179,Persona,Víctima,Hombre,Sin especificar,Sin especificar,3179A,,null,,,,
IDA6882,3180,Persona,Perpetrador,Hombre,Sin especificar,Sin especificar,"3180A, 3180B",,null,,,,
IDA6883,3180,Persona,Perpetrador,Hombre,Sin especificar,Sin especificar,"3180A, 3180B",,null,,,,
IDA6884,3180,Persona,Víctima,Indeterminado,Indeterminado,Indeterminado,3180A,1,null,,,,
IDA6885,3180,Institución,Víctima,null,null,null,3180B,,La autoridad,,,,
IDA6886,3183,Persona,Perpetrador,Hombre,Sin especificar,Sin especificar,3183A,,null,,,,
IDA6887,3184,Persona,Perpetrador,Hombre,Sin especificar,Sin especificar,3184A,,null,,,,
IDA6888,3184,Persona,Perpetrador,Mujer,Sin especificar,Sin especificar,3184A,,null,,,,
IDA6889,3185,Persona,Perpetrador,Hombre,Sin especificar,Sin especificar,3185A,1,null,,,,
IDA6890,3185,Persona,Perpetrador,Mujer,Sin especificar,Sin especificar,3185A,1,null,,,,
IDA6891,3186,Persona,Perpetrador,Hombre,Sin especificar,Sin especificar,3186A,1,null,,,,
IDA6892,3186,Persona,Perpetrador,Mujer,Sin especificar,Sin especificar,3186A,1,null,,,,
IDA6893,3187,Persona,Perpetrador,Hombre,Sin especificar,Sin especificar,3187A,,null,,,,
IDA6894,3187,Persona,Víctima,Indeterminado,Indeterminado,Indeterminado,3187A,1,null,,,,
IDA6895,3188,Persona,Perpetrador,Hombre,Sin especificar,Sin especificar,3188A,,null,,,,
IDA6896,3188,Persona,Víctima,Mujer,Sin especificar,Sin especificar,3188A,,null,,,,
IDA6897,3189,Persona,Perpetrador,Hombre,Sin especificar,Sin especificar,3189A,,null,,,,
IDA6898,3189,Persona,Víctima,Hombre,Sin especificar,Sin especificar,3189A,,null,,,,
IDA6899,3191,Persona,Perpetrador,Hombre,Sin especificar,Político del Estado,"3191A, 3191B",,null,,,,
IDA6900,3193,Persona,Perpetrador,Hombre,Sin especificar,Sin especificar,3193A,,null,,,,
IDA6901,3193,Persona,Perpetrador,Hombre,Sin especificar,Sin especificar,3193A,,null,,,,
IDA6902,3193,Persona,Víctima,Hombre,Sin especificar,Sin especificar,3193A,,null,,,,
IDA6903,3193,Persona,Víctima,Hombre,Sin especificar,Sin especificar,3193A,,null,,,,
IDA6904,3194,Persona,Perpetrador,Hombre,Sin especificar,Sin especificar,3194A,,null,,,,
IDA6905,3194,Persona,Víctima,Hombre,Sin especificar,Político del Estado,3194A,,null,,,,
IDA6906,3195,Persona,Perpetrador,Hombre,Sin especificar,Sin especificar,3195A,,null,,,,
IDA6907,3195,Persona,Perpetrador,Hombre,Sin especificar,Sin especificar,3195A,,null,,,,
IDA6908,3195,Persona,Víctima,Hombre,Sin especificar,Sin especificar,3195A,,null,,,,
IDA6909,3196,Persona,Perpetrador,Hombre,Sin especificar,Sin especificar,3196A,,null,,,,
IDA6910,3196,Persona,Víctima,Hombre,Sin especificar,Sin especificar,3196A,,null,,,,
IDA6911,3197,Persona,Perpetrador,Mujer,Sin especificar,Sin especificar,"3197A, 3197B",,null,,,,
IDA6912,3197,Persona,Víctima,Mujer,Sin especificar,Sin especificar,"3197A, 3197B",,null,,,,
IDA6913,3198,Persona,Perpetrador,Hombre,Sin especificar,Sin especificar,3198A,,null,,,,
IDA6914,3198,Persona,Perpetrador,Mujer,Sin especificar,Sin especificar,3198A,,null,,,,
IDA6915,3199,Persona,Perpetrador,Hombre,Sin especificar,Sin especificar,3199A,,null,,,,
IDA6916,3199,Persona,Víctima,Mujer,Sin especificar,Sin especificar,3199A,,null,,,,
IDA6917,3200,Persona,Perpetrador,Hombre,Sin especificar,Sin especificar,3200A,,null,,,,
IDA6918,3200,Persona,Víctima,Hombre,Sin especificar,Sin especificar,3200A,,null,,,,
IDA6919,3201,Persona,Perpetrador,Hombre,Sin especificar,Sin especificar,3201A,,null,,,,
IDA6920,3201,Persona,Víctima,Hombre,Sin especificar,Sin especificar,3201A,,null,,,,
IDA6921,3202,Persona,Perpetrador,Mujer,Sin especificar,Sin especificar,3202A,,null,,,,
IDA6922,3202,Persona,Víctima,Indeterminado,Indeterminado,Indeterminado,3202A,,null,,,,
IDA6923,3203,Persona,Perpetrador,Hombre,Sin especificar,Sin especificar,"3203A, 3203C",,null,,,,
IDA6924,3203,Persona,Perpetrador,Mujer,Sin especificar,Sin especificar,3203A,,null,,,,
IDA6925,3203,Persona,Perpetrador,Mujer,Sin especificar,Sin especificar,3203B,,null,,,,
IDA6926,3205,Persona,Perpetrador,Hombre,Sin especificar,Sin especificar,3205A,,null,,,,
IDA6927,3206,Persona,Perpetrador,Hombre,Sin especificar,Sin especificar,3206A,,null,,,,
IDA6928,3206,Persona,Víctima,Hombre,Sin especificar,Sin especificar,3206A,,null,,,,
IDA6929,3207,Persona,Perpetrador,Hombre,Sin especificar,Sin especificar,"3207A, 3207B",,null,,,,
IDA6930,3207,Persona,Víctima,Hombre,Esclavo,Sin especificar,3207A,,null,,,,
IDA6931,3207,Persona,Víctima,Hombre,Sin especificar,Sin especificar,3207B,,null,,,,
IDA6932,3208,Persona,Perpetrador,Hombre,Sin especificar,Sin especificar,3208A,,null,,,,
IDA6933,3208,Persona,Perpetrador,Mujer,Sin especificar,Sin especificar,3208A,,null,,,,
IDA6934,3208,Persona,Víctima,Hombre,Sin especificar,Sin especificar,3208A,,null,,,,
IDA6935,3208,Persona,Víctima,Mujer,Sin especificar,Sin especificar,3208A,,null,,,,
IDA6936,3209,Persona,Perpetrador,Hombre,Sin especificar,Sin especificar,3209A,,null,,,,
IDA6937,3209,Persona,Víctima,Mujer,Sin especificar,Sirviente/lacayo,3209A,,null,,,,
IDA6938,3210,Persona,Perpetrador,Hombre,Sin especificar,Político del Estado,"3210A, 3210B",,null,,,,
IDA6939,3210,Persona,Víctima,Hombre,Sin especificar,Sin especificar,"3210A, 3210B",,null,,,,
IDA6940,3211,Persona,Perpetrador,Hombre,Sin especificar,Sin especificar,3211A,,null,,,,
IDA6941,3211,Persona,Víctima,Hombre,Sin especificar,Sin especificar,3211A,,null,,,,
IDA6942,3212,Persona,Perpetrador,Hombre,Sin especificar,Sin especificar,3212A,,null,,,,
IDA6943,3212,Persona,Víctima,Indeterminado,Indeterminado,Indeterminado,3212A,1,null,,,,
IDA6944,3213,Persona,Perpetrador,Hombre,Sin especificar,Sin especificar,"3213A, 3213B",,null,,,,
IDA6945,3213,Persona,Perpetrador,Hombre,Sin especificar,Sin especificar,"3213A, 3213B",,null,,,,
IDA6946,3213,Persona,Víctima,Hombre,Sin especificar,Sin especificar,"3213A, 3213B",,null,,,,
IDA6947,3214,Persona,Perpetrador,Hombre,Sin especificar,Sin especificar,3214A,,null,,,,
IDA6948,3214,Persona,Víctima,Mujer,Sin especificar,Sin especificar,3214A,,null,,,,
IDA6949,3216,Persona,Perpetrador,Hombre,Sin especificar,Político del Estado,"3216A, 3216B, 3216C",,null,,,,
IDA6950,3216,Persona,Víctima,Indeterminado,Indeterminado,Indeterminado,"3216A, 3216B, 3216C",1,null,,,,
IDA6951,3216,Persona,Perpetrador,Hombre,Sin especificar,Político del Estado,"3216B, 3216C, 3216A",,null,,,,
IDA6952,3217,Persona,Perpetrador,Hombre,Sin especificar,Sin especificar,3217A,,null,,,,
IDA6953,3217,Persona,Perpetrador,Hombre,Sin especificar,Sin especificar,3217A,,null,,,,
IDA6954,3217,Persona,Víctima,Indeterminado,Indeterminado,Indeterminado,3217A,1,null,,,,
IDA6955,3218,Persona,Perpetrador,Hombre,Sin especificar,Sin especificar,"3218A, 3218B",,null,,,,
IDA6956,3218,Institución,Víctima,null,null,null,3218B,,La justicia/jueces,,,,
IDA6957,3219,Persona,Perpetrador,Hombre,Sin especificar,Sin especificar,"3219A, 3219B",,null,,,,
IDA6958,3219,Persona,Víctima,Mujer,Sin especificar,Sin especificar,"3219A, 3219B",,null,,,,
IDA6959,3220,Persona,Perpetrador,Hombre,Sin especificar,Sin especificar,3220A,,null,,,,
IDA6960,3220,Persona,Perpetrador,Mujer,Sin especificar,Sin especificar,3220A,,null,,,,
IDA6961,3220,Persona,Perpetrador,Mujer,Sin especificar,Sin especificar,3220B,,null,,,,
IDA6962,3220,Persona,Víctima,Hombre,Sin especificar,Sin especificar,3220B,,null,,,,
IDA6963,3220,Persona,Perpetrador,Hombre,Sin especificar,Sin especificar,3220B,,null,,,,
IDA6964,3221,Persona,Perpetrador,Hombre,Sin especificar,Sin especificar,"3221A, 3221B, 3221C",,null,,,,
IDA6965,3221,Persona,Víctima,Mujer,Sin especificar,Sin especificar,"3221A, 3221C",,null,,,,
IDA6966,3221,Persona,Víctima,Hombre,Sin especificar,Sin especificar,3221B,,null,,,,
IDA6967,3222,Persona,Perpetrador,Hombre,Sin especificar,Sin especificar,"3222A, 3222B, 3222C, 3222D, 3222E",1,null,,,,
IDA6968,3222,Persona,Perpetrador,Mujer,Sin especificar,Sin especificar,"3222A, 3222B",,null,,,,
IDA6969,3222,Persona,Víctima,Indeterminado,Indeterminado,Indeterminado,3222B,1,null,,,,
IDA6970,3222,Persona,Perpetrador,Indeterminado,Indeterminado,Indeterminado,"3222C, 3222D",1,null,,,,
IDA6971,3222,Persona,Víctima,Hombre,Sin especificar,Político del Estado,3222E,,null,,,,
IDA6972,3223,Persona,Perpetrador,Hombre,Sin especificar,Sin especificar,3223A,,null,,,,
IDA6973,3223,Persona,Víctima,Indeterminado,Indeterminado,Indeterminado,3223A,1,null,,,,
IDA6974,3224,Persona,Perpetrador,Hombre,Sin especificar,Sin especificar,3224A,,null,,,,
IDA6975,3224,Persona,Víctima,Hombre,Sin especificar,Sin especificar,3224A,,null,,,,
IDA6976,3224,Persona,Víctima,Mujer,Sin especificar,Sin especificar,3224A,,null,,,,
IDA6977,3225,Persona,Perpetrador,Hombre,Sin especificar,Sin especificar,3225A,,null,,,,
IDA6978,3225,Persona,Víctima,Indeterminado,Indeterminado,Indeterminado,3225A,1,null,,,,
IDA6979,3226,Persona,Perpetrador,Hombre,Sin especificar,Sin especificar,3226A,,null,,,,
IDA6980,3226,Persona,Víctima,Indeterminado,Indeterminado,Indeterminado,3226A,1,null,,,,
IDA6981,3227,Persona,Perpetrador,Hombre,Sin especificar,Sin especificar,3227A,,null,,,,
IDA6982,3227,Persona,Perpetrador,Hombre,Sin especificar,Sin especificar,3227A,,null,,,,
IDA6983,3227,Persona,Víctima,Indeterminado,Indeterminado,Indeterminado,3227A,1,null,,,,
IDA6984,3229,Persona,Perpetrador,Mujer,Sin especificar,Sin especificar,3229A,,null,,,,
IDA6985,3229,Persona,Perpetrador,Mujer,Sin especificar,Sin especificar,3229A,,null,,,,
IDA6986,3230,Persona,Perpetrador,Hombre,Sin especificar,Sin especificar,3230A,,null,,,,
IDA6987,3230,Persona,Víctima,Indeterminado,Indeterminado,Indeterminado,3230A,1,null,,,,
IDA6988,3231,Persona,Perpetrador,Hombre,Sin especificar,Sin especificar,3231A,,null,,,,
IDA6989,3231,Persona,Víctima,Hombre,Sin especificar,Político del Estado,3231A,,null,,,,
IDA6990,3232,Institución,Perpetrador,null,null,null,3232A,,La justicia/jueces,,,,
IDA6991,3232,Población Completa,Víctima,null,null,null,3232A,,null,,,,
IDA6992,3232,Institución,Perpetrador,null,null,null,3232A,,La justicia/jueces,,,,
IDA6993,3232,Población Completa,Víctima,null,null,null,3232A,,null,,,,
IDA6994,3233,Persona,Perpetrador,Hombre,Sin especificar,Sin especificar,3233A,,null,,,,
IDA6995,3233,Persona,Víctima,Hombre,Sin especificar,Sin especificar,3233A,,null,,,,
IDA6996,3234,Persona,Perpetrador,Hombre,Sin especificar,Sin especificar,3234A,,null,,,,
IDA6997,3234,Persona,Víctima,Hombre,Sin especificar,Sin especificar,3234A,,null,,,,
IDA6998,3235,Persona,Perpetrador,Mujer,Sin especificar,Sin especificar,3235A,,null,,,,
IDA6999,3235,Persona,Perpetrador,Hombre,Sin especificar,Sin especificar,"3235B, 3235C",,null,,,,
IDA7000,3236,Persona,Perpetrador,Hombre,Sin especificar,Sin especificar,3236A,,null,,,,
IDA7001,3236,Persona,Cómplice,Hombre,Sin especificar,Sin especificar,3236A,,null,,,,
IDA7002,3236,Persona,Víctima,Mujer,Sin especificar,Sin especificar,3236A,,null,,,,
IDA7003,3237,Persona,Perpetrador,Hombre,Sin especificar,Político del Estado,"3237A, 3237B",,null,,,,
IDA7004,3237,Persona,Víctima,Hombre,Sin especificar,Sin especificar,"3237A, 3237B",,null,,,,
IDA7005,3238,Persona,Perpetrador,Hombre,Sin especificar,Sin especificar,"3238A, 3238B",,null,,,,
IDA7006,3238,Persona,Víctima,Hombre,Sin especificar,Sin especificar,3238A,,null,,,,
IDA7007,3238,Población Indígena Completa,Víctima,null,null,null,3238B,,null,,,,
IDA7008,3239,Persona,Perpetrador,Hombre,Sin especificar,Sin especificar,3239A,,null,,,,
IDA7009,3239,Persona,Perpetrador,Mujer,Sin especificar,Sin especificar,3239A,,null,,,,
IDA7010,3240,Persona,Perpetrador,Hombre,Sin especificar,Sin especificar,3240A,,null,,,,
IDA7011,3241,Persona,Perpetrador,Hombre,Sin especificar,Sin especificar,3241A,,null,,,,
IDA7012,3241,Persona,Perpetrador,Hombre,Sin especificar,Sin especificar,3241A,,null,,,,
IDA7013,3241,Persona,Perpetrador,Hombre,Sin especificar,Sin especificar,3241A,,null,,,,
IDA7014,3241,Persona,Perpetrador,Hombre,Sin especificar,Sin especificar,3241A,,null,,,,
IDA7015,3241,Persona,Víctima,Hombre,Sin especificar,Sin especificar,3241A,,null,,,,
IDA7016,3242,Persona,Perpetrador,Hombre,Negro libre/mulato,Sin especificar,3242A,,null,,,,
IDA7017,3242,Persona,Víctima,Hombre,Sin especificar,Eclesiástico,3242A,,null,,,,
IDA7018,3243,Persona,Perpetrador,Mujer,Sin especificar,Sin especificar,"3243A, 3243B",,null,,,,
IDA7019,3243,Persona,Víctima,Hombre,Sin especificar,Sin especificar,"3243A, 3243B",,null,,,,
IDA7020,3246,Persona,Perpetrador,Hombre,Sin especificar,Sin especificar,3246A,,null,,,,
IDA7021,3246,Persona,Perpetrador,Mujer,Sin especificar,Sin especificar,3246A,,null,,,,
IDA7022,3246,Persona,Víctima,Hombre,Indígenas,Sin especificar,3246A,1,null,,,,
IDA7023,3246,Persona,Víctima,Hombre,Indígenas,Sin especificar,3246A,1,null,,,,
IDA7024,3246,Persona,Perpetrador,Hombre,Indígenas,Sin especificar,3246B,1,null,,,,
IDA7025,3246,Persona,Perpetrador,Hombre,Indígenas,Sin especificar,3246B,1,null,,,,
IDA7026,3246,Persona,Víctima,Hombre,Sin especificar,Sin especificar,3246B,,null,,,,
IDA7027,3246,Persona,Perpetrador,Hombre,Indígenas,Sin especificar,3246B,1,null,,,,
IDA7028,3246,Persona,Perpetrador,Hombre,Indígenas,Sin especificar,3246B,1,null,,,,
IDA7029,3246,Persona,Víctima,Hombre,Sin especificar,Sin especificar,3246B,,null,,,,
IDA7030,3246,Persona,Perpetrador,Hombre,Sin especificar,Sin especificar,3246A,,null,,,,
IDA7031,3246,Persona,Perpetrador,Mujer,Sin especificar,Sin especificar,3246A,,null,,,,
IDA7032,3246,Persona,Víctima,Hombre,Indígenas,Sin especificar,3246A,1,null,,,,
IDA7033,3246,Persona,Víctima,Hombre,Indígenas,Sin especificar,3246A,1,null,,,,
IDA7034,3248,Persona,Perpetrador,Hombre,Sin especificar,Sin especificar,3248A,,null,,,,
IDA7035,3248,Persona,Víctima,Indeterminado,Indeterminado,Indeterminado,3248A,1,null,,,,
IDA7036,3249,Persona,Perpetrador,Hombre,Sin especificar,Sin especificar,3249A,,null,,,,
IDA7037,3249,Persona,Víctima,Hombre,Sin especificar,Sin especificar,3249A,,null,,,,
IDA7038,3250,Persona,Perpetrador,Mujer,Sin especificar,Sin especificar,3250A,,null,,,,
IDA7039,3250,Persona,Víctima,Hombre,Sin especificar,Sin especificar,3250A,,null,,,,
IDA7040,3252,Persona,Perpetrador,Hombre,Sin especificar,Sin especificar,3252A,,null,,,,
IDA7041,3252,Persona,Perpetrador,Mujer,Sin especificar,Sin especificar,3252A,,null,,,,
IDA7042,3252,Persona,Víctima,Hombre,Sin especificar,Sin especificar,3252A,,null,,,,
IDA7043,3253,Persona,Perpetrador,Hombre,Sin especificar,Sin especificar,3253A,,null,,,,
IDA7044,3253,Persona,Víctima,Mujer,Sin especificar,Sin especificar,3253A,,null,,,,
IDA7045,3255,Persona,Perpetrador,Mujer,Sin especificar,Sin especificar,3255A,,null,,,,
IDA7046,3255,Persona,Víctima,Hombre,Sin especificar,Sin especificar,3255A,,null,,,,
IDA7047,3256,Persona,Perpetrador,Hombre,Sin especificar,Sin especificar,3256A,,null,,,,
IDA7048,3257,Persona,Perpetrador,Hombre,Sin especificar,Sin especificar,3257A,,null,,,,
IDA7049,3257,Persona,Perpetrador,Hombre,Sin especificar,Sin especificar,3257A,,null,,,,
IDA7050,3257,Persona,Víctima,Indeterminado,Indeterminado,Indeterminado,3257A,1,null,,,,
IDA7051,3258,Persona,Perpetrador,Indeterminado,Indeterminado,Indeterminado,3258A,1,null,,,,
IDA7052,3258,Persona,Víctima,Hombre,Sin especificar,Político del Estado,3258A,,null,,,,
IDA7053,3259,Persona,Perpetrador,Hombre,Sin especificar,Sin especificar,3259A,,null,,,,
IDA7054,3259,Persona,Víctima,Hombre,Sin especificar,Sin especificar,3259A,,null,,,,
IDA7055,3260,Persona,Perpetrador,Hombre,Sin especificar,Sin especificar,3260A,,null,,,,
IDA7056,3260,Persona,Víctima,Mujer,Esclavo,Sin especificar,3260A,,null,,,,
IDA7057,3261,Persona,Perpetrador,Hombre,Sin especificar,Sin especificar,3261A,,null,,,,
IDA7058,3261,Persona,Víctima,Mujer,Esclavo,Sin especificar,3261A,,null,,,,
IDA7059,3262,Persona,Perpetrador,Hombre,Sin especificar,Sin especificar,3262A,,null,,,,
IDA7060,3262,Persona,Víctima,Hombre,Sin especificar,Sin especificar,3262A,,null,,,,
IDA7061,3265,Persona,Perpetrador,Hombre,Sin especificar,Sin especificar,3265A,,null,,,,
IDA7062,3265,Persona,Víctima,Hombre,Sin especificar,Sin especificar,3265A,,null,,,,
IDA7063,3266,Persona,Perpetrador,Hombre,Sin especificar,Sin especificar,3266A,,null,,,,
IDA7064,3266,Persona,Víctima,Hombre,Sin especificar,Sin especificar,3266A,,null,,,,
IDA7065,3267,Persona,Perpetrador,Hombre,Sin especificar,Sin especificar,"3267A, 3267B",,null,,,,
IDA7066,3267,Persona,Perpetrador,Hombre,Sin especificar,Sin especificar,3267A,,null,,,,
IDA7067,3267,Persona,Víctima,Hombre,Sin especificar,Sin especificar,3267B,,null,,,,
IDA7068,3267,Persona,Perpetrador,Hombre,Sin especificar,Sin especificar,"3267B, 3267A",,null,,,,
IDA7069,3267,Persona,Víctima,Hombre,Sin especificar,Sin especificar,3267B,,null,,,,
IDA7070,3267,Persona,Perpetrador,Hombre,Sin especificar,Sin especificar,3267A,,null,,,,
IDA7071,3268,Persona,Perpetrador,Hombre,Sin especificar,Sin especificar,"3268A, 3268B",,null,,,,
IDA7072,3268,Institución,Víctima,null,null,null,3268A,,La autoridad,,,,
IDA7073,3268,Persona,Víctima,Indeterminado,Indeterminado,Indeterminado,3268B,1,null,,,,
IDA7074,3269,Persona,Perpetrador,Mujer,Sin especificar,Sin especificar,3269A,,null,,,,
IDA7075,3269,Persona,Perpetrador,Mujer,Sin especificar,Sin especificar,3269A,,null,,,,
IDA7076,3269,Persona,Víctima,Hombre,Sin especificar,Sin especificar,3269A,,null,,,,
IDA7077,3270,Persona,Perpetrador,Hombre,Sin especificar,Sin especificar,"3270A, 3270B",,null,,,,
IDA7078,3270,Persona,Víctima,Mujer,Sin especificar,Sin especificar,"3270A, 3270B",,null,,,,
IDA7079,3271,Persona,Perpetrador,Hombre,Sin especificar,Sin especificar,3271A,,null,,,,
IDA7080,3271,Persona,Víctima,Hombre,Sin especificar,Sin especificar,3271A,,null,,,,
IDA7081,3273,Persona,Perpetrador,Hombre,Sin especificar,Sin especificar,"3273A, 3273B, 3273C, 3273D",,null,,,,
IDA7082,3273,Persona,Perpetrador,Hombre,Sin especificar,Sin especificar,"3273A, 3273B, 3273C, 3273D",,null,,,,
IDA7083,3273,Persona,Víctima,Indeterminado,Indeterminado,Indeterminado,3273C,1,null,,,,
IDA7084,3274,Persona,Perpetrador,Hombre,Sin especificar,Sin especificar,3274A,,null,,,,
IDA7085,3274,Persona,Víctima,Hombre,Sin especificar,Político del Estado,3274A,,null,,,,
IDA7086,3275,Persona,Perpetrador,Hombre,Sin especificar,Político del Estado,3275A,,null,,,,
IDA7087,3275,Persona,Víctima,Mujer,Sin especificar,Sin especificar,3275A,,null,,,,
IDA7088,3276,Persona,Perpetrador,Hombre,Sin especificar,Sin especificar,"3276A, 3276B",,null,,,,
IDA7089,3276,Persona,Víctima,Hombre,Sin especificar,Sin especificar,"3276A, 3276B",,null,,,,
IDA7090,3277,Persona,Perpetrador,Hombre,Sin especificar,Sin especificar,3277A,,null,,,,
IDA7091,3277,Persona,Víctima,Hombre,Sin especificar,Sin especificar,3277A,,null,,,,
IDA7092,3279,Persona,Perpetrador,Hombre,Sin especificar,Sin especificar,"3279A, 3279B",,null,,,,
IDA7093,3279,Persona,Perpetrador,Hombre,Sin especificar,Sin especificar,"3279A, 3279B",,null,,,,
IDA7094,3279,Persona,Perpetrador,Hombre,Sin especificar,Sin especificar,"3279A, 3279B",,null,,,,
IDA7095,3279,Persona,Víctima,Hombre,Sin especificar,Sin especificar,"3279A, 3279B",,null,,,,
IDA7096,3280,Persona,Perpetrador,Hombre,Sin especificar,Sin especificar,3280A,,null,,,,
IDA7097,3280,Persona,Perpetrador,Mujer,Sin especificar,Sin especificar,3280A,,null,,,,
IDA7098,3280,Persona,Perpetrador,Mujer,Sin especificar,Sin especificar,3280A,,null,,,,
IDA7099,3280,Persona,Víctima,Mujer,Sin especificar,Sin especificar,3280A,,null,,,,
IDA7100,3282,Persona,Perpetrador,Hombre,Sin especificar,Sin especificar,3282A,,null,,,,
IDA7101,3282,Persona,Perpetrador,Hombre,Sin especificar,Sin especificar,3282A,,null,,,,
IDA7102,3282,Persona,Perpetrador,Mujer,Sin especificar,Sin especificar,3282A,,null,,,,
IDA7103,3282,Persona,Perpetrador,Mujer,Sin especificar,Sin especificar,3282A,,null,,,,
IDA7104,3284,Persona,Perpetrador,Hombre,Sin especificar,Sin especificar,3284A,,null,,,,
IDA7105,3284,Persona,Víctima,Indeterminado,Indeterminado,Indeterminado,3284A,1,null,,,,
IDA7106,3284,Persona,Perpetrador,Hombre,Sin especificar,Político del Estado,3284B,,null,,,,
IDA7107,3284,Persona,Víctima,Hombre,Sin especificar,Sin especificar,3284B,,null,,,,
IDA7108,3284,Persona,Perpetrador,Hombre,Sin especificar,Político del Estado,3284B,,null,,,,
IDA7109,3284,Persona,Víctima,Hombre,Sin especificar,Sin especificar,3284B,,null,,,,
IDA7110,3284,Persona,Perpetrador,Hombre,Sin especificar,Sin especificar,3284A,,null,,,,
IDA7111,3286,Persona,Perpetrador,Hombre,Sin especificar,Sin especificar,3286A,1,null,,,,
IDA7112,3286,Persona,Perpetrador,Indeterminado,Indeterminado,Indeterminado,3286A,1,null,,,,
IDA7113,3286,Persona,Perpetrador,Indeterminado,Indeterminado,Indeterminado,3286A,1,null,,,,
IDA7114,3286,Persona,Víctima,Hombre,Sin especificar,Político del Estado,3286A,,null,,,,
IDA7115,3287,Persona,Perpetrador,Hombre,Sin especificar,Sin especificar,3287A,,null,,,,
IDA7116,3287,Persona,Perpetrador,Hombre,Esclavo,Sin especificar,3287A,,null,,,,
IDA7117,3287,Persona,Víctima,Hombre,Sin especificar,Sin especificar,3287A,,null,,,,
IDA7118,3288,Persona,Perpetrador,Hombre,Sin especificar,Sin especificar,3288A,,null,,,,
IDA7119,3288,Persona,Víctima,Hombre,Sin especificar,Sin especificar,3288A,,null,,,,
IDA7120,3289,Persona,Perpetrador,Hombre,Sin especificar,Sin especificar,3289A,,null,,,,
IDA7121,3289,Persona,Perpetrador,Hombre,Sin especificar,Sin especificar,3289A,,null,,,,
IDA7122,3289,Persona,Perpetrador,Hombre,Sin especificar,Sin especificar,3289A,,null,,,,
IDA7123,3289,Persona,Víctima,Hombre,Sin especificar,Sin especificar,3289A,,null,,,,
IDA7124,3290,Persona,Perpetrador,Hombre,Sin especificar,Sin especificar,3290A,,null,,,,
IDA7125,3290,Persona,Víctima,Hombre,Sin especificar,Sin especificar,3290A,,null,,,,
IDA7126,3291,Persona,Perpetrador,Hombre,Indígenas,Sin especificar,"3291A, 3291B",1,null,,,,
IDA7127,3291,Persona,Víctima,Hombre,Indígenas,Sin especificar,3291A,1,null,,,,
IDA7128,3291,Persona,Víctima,Hombre,Indígenas,Sin especificar,3291A,1,null,,,,
IDA7129,3291,Persona,Perpetrador,Hombre,Indígenas,Sin especificar,3291B,1,null,,,,
IDA7130,3291,Persona,Víctima,Indeterminado,Indeterminado,Indeterminado,3291B,1,null,,,,
IDA7131,3291,Persona,Perpetrador,Hombre,Indígenas,Sin especificar,3291B,1,null,,,,
IDA7132,3291,Persona,Perpetrador,Hombre,Indígenas,Sin especificar,3291B,1,null,,,,
IDA7133,3291,Persona,Perpetrador,Hombre,Indígenas,Sin especificar,3291A,,null,,,,
IDA7134,3291,Persona,Víctima,Hombre,Indígenas,Sin especificar,3291A,1,null,,,,
IDA7135,3291,Persona,Víctima,Hombre,Indígenas,Sin especificar,3291A,1,null,,,,
IDA7136,3292,Persona,Perpetrador,Hombre,Sin especificar,Sin especificar,3292A,,null,,,,
IDA7137,3292,Persona,Víctima,Hombre,Sin especificar,Sin especificar,3292A,,null,,,,
IDA7138,3293,Persona,Perpetrador,Hombre,Sin especificar,Fuerza armada,3293A,,null,,,,
IDA7139,3294,Persona,Perpetrador,Hombre,Sin especificar,Político del Estado,"3294A, 3294B, 3294C, 3294D",,null,,,,
IDA7140,3294,Persona,Perpetrador,Hombre,Sin especificar,Político del Estado,"3294A, 3294B, 3294C, 3294D",,null,,,,
IDA7141,3294,Persona,Víctima,Hombre,Sin especificar,Sin especificar,3294D,,null,,,,
IDA7142,3295,Persona,Perpetrador,Hombre,Sin especificar,Sin especificar,"3295A, 3295B, 3295C",,null,,,,
IDA7143,3295,Persona,Víctima,Hombre,Sin especificar,Sin especificar,"3295A, 3295B",,null,,,,
IDA7144,3295,Persona,Víctima,Hombre,Sin especificar,Eclesiástico,3295C,,null,,,,
IDA7145,3296,Persona,Perpetrador,Hombre,Sin especificar,Sin especificar,"3296A, 3296B",,null,,,,
IDA7146,3297,Persona,Perpetrador,Hombre,Sin especificar,Sin especificar,3297A,,null,,,,
IDA7147,3297,Persona,Perpetrador,Hombre,Sin especificar,Sin especificar,3297A,,null,,,,
IDA7148,3297,Persona,Víctima,Hombre,Sin especificar,Sin especificar,3297A,,null,,,,
IDA7149,3298,Persona,Perpetrador,Hombre,Sin especificar,Sin especificar,"3298A, 3298B",,null,,,,
IDA7150,3298,Persona,Perpetrador,Mujer,Sin especificar,Sin especificar,"3298A, 3298B",,null,,,,
IDA7151,3298,Persona,Víctima,Indeterminado,Indeterminado,Indeterminado,3298B,1,null,,,,
IDA7152,3299,Persona,Perpetrador,Hombre,Sin especificar,Sin especificar,3299A,,null,,,,
IDA7153,3299,Persona,Víctima,Hombre,Sin especificar,Sin especificar,3299A,,null,,,,
IDA7154,3300,Persona,Perpetrador,Hombre,Sin especificar,Sin especificar,3300A,,null,,,,
IDA7155,3301,Persona,Perpetrador,Hombre,Sin especificar,Sin especificar,3301A,,null,,,,
IDA7156,3302,Persona,Perpetrador,Hombre,Sin especificar,Sin especificar,"3302A, 3302B",,null,,,,
IDA7157,3302,Persona,Perpetrador,Hombre,Sin especificar,Sin especificar,"3302A, 3302B",,null,,,,
IDA7158,3302,Persona,Perpetrador,Hombre,Sin especificar,Sin especificar,"3302A, 3302B",,null,,,,
IDA7159,3302,Persona,Víctima,Hombre,Sin especificar,Sin especificar,"3302A, 3302B",,null,,,,
IDA7160,3303,Persona,Perpetrador,Hombre,Indígenas,Sin especificar,3303A,,null,,,,
IDA7161,3303,Persona,Perpetrador,Hombre,Indígenas,Sin especificar,3303A,,null,,,,
IDA7162,3303,Persona,Perpetrador,Hombre,Indígenas,Sin especificar,3303A,,null,,,,
IDA7163,3303,Persona,Víctima,Indeterminado,Indeterminado,Indeterminado,3303A,,null,,,,
IDA7164,3304,Persona,Perpetrador,Hombre,Sin especificar,Sin especificar,3304A,,null,,,,
IDA7165,3304,Persona,Perpetrador,Mujer,Sin especificar,Sin especificar,3304A,,null,,,,
IDA7166,3305,Persona,Perpetrador,Hombre,Sin especificar,Sin especificar,3305A,,null,,,,
IDA7167,3305,Persona,Víctima,Indeterminado,Indeterminado,Indeterminado,3305A,1,null,,,,
IDA7168,3307,Persona,Perpetrador,Hombre,Sin especificar,Sin especificar,3307A,,null,,,,
IDA7169,3307,Persona,Víctima,Indeterminado,Indeterminado,Indeterminado,3307A,1,null,,,,
IDA7170,3308,Persona,Perpetrador,Hombre,Sin especificar,Sin especificar,3308A,,null,,,,
IDA7171,3308,Persona,Perpetrador,Hombre,Sin especificar,Sin especificar,3308A,,null,,,,
IDA7172,3308,Persona,Perpetrador,Hombre,Sin especificar,Sin especificar,3308A,,null,,,,
IDA7173,3308,Persona,Víctima,Hombre,Sin especificar,Sin especificar,3308A,,null,,,,
IDA7174,3309,Persona,Perpetrador,Hombre,Sin especificar,Sin especificar,3309A,,null,,,,
IDA7175,3309,Persona,Víctima,Mujer,Sin especificar,Sin especificar,3309A,,null,,,,
IDA7176,3313,Persona,Perpetrador,Hombre,Sin especificar,Sin especificar,3313A,,null,,,,
IDA7177,3313,Persona,Víctima,Hombre,Sin especificar,Sin especificar,3313A,,null,,,,
IDA7178,3314,Persona,Perpetrador,Mujer,Sin especificar,Sin especificar,3314A,,null,,,,
IDA7179,3314,Persona,Víctima,Hombre,Sin especificar,Sin especificar,3314A,,null,,,,
IDA7180,3315,Persona,Perpetrador,Mujer,Sin especificar,Sin especificar,3315A,,null,,1,,
IDA7181,3315,Persona,Víctima,Mujer,Sin especificar,Político del Estado,3315A,,null,,1,,
IDA7182,3315,Persona,Perpetrador,Mujer,Sin especificar,Político del Estado,3315B,,null,,1,,
IDA7183,3315,Persona,Víctima,Mujer,Sin especificar,Sin especificar,3315B,,null,,1,,
IDA7184,3316,Persona,Perpetrador,Hombre,Sin especificar,Sin especificar,3316A,,null,,,,
IDA7185,3316,Persona,Víctima,Hombre,Sin especificar,Sin especificar,3316A,,null,,,,
IDA7186,3317,Persona,Perpetrador,Hombre,Sin especificar,Sin especificar,3317A,,null,,,,
IDA7187,3317,Persona,Víctima,Hombre,Sin especificar,Sin especificar,3317A,,null,,,,
IDA7188,3318,Persona,Perpetrador,Hombre,Sin especificar,Sin especificar,"3318A, 3318B",,null,,,,
IDA7189,3318,Persona,Víctima,Hombre,Sin especificar,Sin especificar,3318A,,null,,,,
IDA7190,3318,Persona,Víctima,Indeterminado,Indeterminado,Indeterminado,3318B,1,null,,,,
IDA7191,3319,Persona,Perpetrador,Hombre,Sin especificar,Sin especificar,3319A,,null,,,,
IDA7192,3319,Persona,Víctima,Hombre,Sin especificar,Sin especificar,3319A,,null,,,,
IDA7193,3320,Persona,Perpetrador,Hombre,Sin especificar,Sin especificar,3320A,,null,,,,
IDA7194,3320,Persona,Víctima,Indeterminado,Indeterminado,Indeterminado,3320A,1,null,,,,
IDA7195,3321,Persona,Perpetrador,Hombre,Sin especificar,Sin especificar,3321A,,null,,,,
IDA7196,3321,Persona,Víctima,Hombre,Sin especificar,Sin especificar,3321A,,null,,,,
IDA7197,3322,Persona,Perpetrador,Hombre,Sin especificar,Sin especificar,3322A,,null,,,,
IDA7198,3322,Persona,Víctima,Hombre,Sin especificar,Sin especificar,3322A,,null,,,,
IDA7199,3323,Persona,Perpetrador,Hombre,Sin especificar,Sin especificar,3323A,,null,,,,
IDA7200,3323,Persona,Víctima,Indeterminado,Indeterminado,Indeterminado,3323A,1,null,,,,
IDA7201,3324,Persona,Perpetrador,Hombre,Sin especificar,Sin especificar,"3324A, 3324B",,null,,1,,
IDA7202,3324,Persona,Víctima,Hombre,Sin especificar,Sin especificar,"3324A, 3324B",,null,,1,,
IDA7203,3325,Persona,Perpetrador,Hombre,Sin especificar,Sin especificar,3325A,,null,,,,
IDA7204,3325,Persona,Víctima,Hombre,Sin especificar,Sin especificar,3325A,,null,,,,
IDA7205,3326,Persona,Perpetrador,Hombre,Sin especificar,Sin especificar,3326A,,null,,1,,
IDA7206,3326,Persona,Perpetrador,Hombre,Sin especificar,Sin especificar,3326A,,null,,1,,
IDA7207,3326,Persona,Perpetrador,Hombre,Sin especificar,Político del Estado,3326B,,null,,1,,
IDA7208,3326,Persona,Víctima,Hombre,Sin especificar,Sin especificar,3326B,,null,,1,,
IDA7209,3327,Persona,Perpetrador,Hombre,Sin especificar,Sin especificar,3327A,,null,,,,
IDA7210,3327,Persona,Perpetrador,Mujer,Sin especificar,Sin especificar,3327A,,null,,,,
IDA7211,3328,Persona,Perpetrador,Hombre,Sin especificar,Sin especificar,3328A,,null,,,,
IDA7212,3328,Persona,Víctima,Mujer,Sin especificar,Sin especificar,3328A,,null,,,,
IDA7213,3329,Persona,Perpetrador,Hombre,Sin especificar,Sin especificar,3329A,,null,,,,
IDA7214,3329,Persona,Víctima,Hombre,Sin especificar,Sin especificar,3329A,,null,,,,
IDA7215,3330,Persona,Perpetrador,Hombre,Sin especificar,Sin especificar,3330A,,null,,,,
IDA7216,3330,Persona,Víctima,Hombre,Sin especificar,Sin especificar,3330A,,null,,,,
IDA7217,3331,Persona,Perpetrador,Indeterminado,Indeterminado,Indeterminado,3331A,1,null,,,,
IDA7218,3331,Persona,Perpetrador,Indeterminado,Indeterminado,Indeterminado,3331A,1,null,,,,
IDA7219,3331,Persona,Víctima,Hombre,Sin especificar,Sin especificar,3331A,,null,,,,
IDA7220,3332,Persona,Perpetrador,Hombre,Sin especificar,Sin especificar,3332A,,null,,,,
IDA7221,3332,Persona,Víctima,Mujer,Sin especificar,Sin especificar,3332A,,null,,,,
IDA7222,3333,Persona,Perpetrador,Hombre,Sin especificar,Sin especificar,3333A,,null,,,,
IDA7223,3333,Persona,Perpetrador,Mujer,Sin especificar,Sin especificar,3333A,,null,,,,
IDA7224,3334,Persona,Perpetrador,Hombre,Sin especificar,Sin especificar,3334A,,null,,,,
IDA7225,3334,Persona,Víctima,Hombre,Sin especificar,Político del Estado,3334A,,null,,,,
IDA7226,3335,Persona,Perpetrador,Hombre,Indígenas,Sin especificar,3335A,1,null,,,,
IDA7227,3335,Persona,Perpetrador,Hombre,Indígenas,Sin especificar,3335A,1,null,,,,
IDA7228,3335,Persona,Víctima,Hombre,Sin especificar,Sin especificar,3335A,,null,,,,
IDA7229,3337,Persona,Perpetrador,Hombre,Sin especificar,Sin especificar,"3337A, 3337B",,null,,,,
IDA7230,3337,Persona,Perpetrador,Mujer,Sin especificar,Sin especificar,"3337A, 3337B",,null,,,,
IDA7231,3337,Persona,Víctima,Indeterminado,Indeterminado,Indeterminado,3337B,1,null,,,,
IDA7232,3338,Persona,Perpetrador,Hombre,Sin especificar,Sin especificar,3338A,,null,,,,
IDA7233,3338,Persona,Víctima,Hombre,Indígenas,Sin especificar,3338A,1,null,,,,
IDA7234,3338,Persona,Víctima,Hombre,Indígenas,Sin especificar,3338A,1,null,,,,
IDA7235,3339,Persona,Perpetrador,Hombre,Sin especificar,Sin especificar,3339A,,null,,,,
IDA7236,3339,Persona,Víctima,Hombre,Sin especificar,Sin especificar,3339A,,null,,,,
IDA7237,3340,Persona,Perpetrador,Hombre,Sin especificar,Sin especificar,3340A,,null,,,,
IDA7238,3340,Persona,Perpetrador,Hombre,Sin especificar,Sin especificar,3340A,,null,,,,
IDA7239,3340,Persona,Cómplice,Indeterminado,Indeterminado,Indeterminado,3340A,,null,,,,
IDA7240,3340,Persona,Cómplice,Indeterminado,Indeterminado,Indeterminado,3340A,,null,,,,
IDA7241,3340,Persona,Víctima,Indeterminado,Indeterminado,Indeterminado,3340A,1,null,,,,
IDA7242,3341,Persona,Perpetrador,Hombre,Sin especificar,Sin especificar,3341A,,null,,,,
IDA7243,3341,Persona,Perpetrador,Hombre,Sin especificar,Sin especificar,3341A,,null,,,,
IDA7244,3341,Persona,Perpetrador,Hombre,Sin especificar,Sin especificar,3341A,,null,,,,
IDA7245,3341,Persona,Víctima,Indeterminado,Indeterminado,Indeterminado,3341A,1,null,,,,
IDA7246,3342,Persona,Perpetrador,Hombre,Sin especificar,Sin especificar,3342A,,null,,,,
IDA7247,3342,Persona,Víctima,Hombre,Sin especificar,Sin especificar,3342A,,null,,,,
IDA7248,3343,Persona,Perpetrador,Hombre,Sin especificar,Sin especificar,3343A,,null,,,,
IDA7249,3343,Persona,Víctima,Hombre,Esclavo,Sin especificar,3343A,,null,,,,
IDA7250,3344,Persona,Perpetrador,Hombre,Sin especificar,Sin especificar,3344A,,null,,,,
IDA7251,3344,Persona,Víctima,Hombre,Sin especificar,Sin especificar,3344A,,null,,,,
IDA7252,3345,Persona,Perpetrador,Hombre,Sin especificar,Sin especificar,3345A,,null,,,,
IDA7253,3345,Persona,Perpetrador,Hombre,Sin especificar,Sin especificar,3345A,,null,,,,
IDA7254,3345,Persona,Perpetrador,Hombre,Sin especificar,Sin especificar,3345A,,null,,,,
IDA7255,3345,Persona,Perpetrador,Hombre,Sin especificar,Sin especificar,3345A,,null,,,,
IDA7256,3345,Persona,Víctima,Indeterminado,Indeterminado,Indeterminado,3345A,1,null,,,,
IDA7257,3346,Persona,Perpetrador,Hombre,Sin especificar,Sin especificar,3346A,,null,,,,
IDA7258,3346,Persona,Víctima,Hombre,Sin especificar,Sin especificar,3346A,,null,,,,
IDA7259,3347,Persona,Perpetrador,Hombre,Sin especificar,Sin especificar,"3347A, 3347B, 3347C, 3347D",,null,,,,
IDA7260,3347,Persona,Víctima,Mujer,Sin especificar,Sin especificar,"3347A, 3347B",1,null,,,,
IDA7261,3347,Persona,Víctima,Mujer,Sin especificar,Sin especificar,"3347A, 3347B",1,null,,,,
IDA7262,3348,Persona,Perpetrador,Hombre,Sin especificar,Sin especificar,3348A,,null,,,,
IDA7263,3348,Persona,Víctima,Mujer,Sin especificar,Sin especificar,3348A,,null,,,,
IDA7264,3349,Persona,Perpetrador,Hombre,Sin especificar,Sin especificar,"3349A, 3349B",,null,,,,
IDA7265,3349,Persona,Víctima,Indeterminado,Indeterminado,Indeterminado,"3349A, 3349B",1,null,,,,
IDA7266,3350,Persona,Perpetrador,Hombre,Sin especificar,Sin especificar,3350A,,null,,,,
IDA7267,3350,Persona,Víctima,Hombre,Sin especificar,Político del Estado,3350A,,null,,,,
IDA7268,3351,Persona,Perpetrador,Mujer,Sin especificar,Sin especificar,3351A,,null,,,,
IDA7269,3351,Persona,Víctima,Hombre,Sin especificar,Sin especificar,3351A,,null,,,,
IDA7270,3352,Persona,Perpetrador,Hombre,Sin especificar,Sin especificar,3352A,,null,,,,
IDA7271,3352,Persona,Víctima,Hombre,Sin especificar,Sin especificar,3352A,,null,,,,
IDA7272,3353,Persona,Perpetrador,Hombre,Sin especificar,Sin especificar,3353A,,null,,,,
IDA7273,3353,Persona,Víctima,Mujer,Sin especificar,Sin especificar,3353A,,null,,,,
IDA7274,3354,Persona,Perpetrador,Hombre,Sin especificar,Sin especificar,3354A,,null,,,,
IDA7275,3354,Persona,Víctima,Hombre,Indígenas,Sin especificar,3354A,,null,,,,
IDA7276,3355,Persona,Perpetrador,Hombre,Sin especificar,Sin especificar,"3355A, 3355E",1,null,,,,
IDA7277,3355,Persona,Perpetrador,Hombre,Sin especificar,Sin especificar,"3355A, 3355E",1,null,,,,
IDA7278,3355,Persona,Perpetrador,Indeterminado,Indeterminado,Indeterminado,"3355A, 3355E",1,null,,,,
IDA7279,3355,Persona,Perpetrador,Indeterminado,Indeterminado,Indeterminado,"3355A, 3355E",1,null,,,,
IDA7280,3355,Persona,Perpetrador,Hombre,Sin especificar,Sin especificar,"3355E, 3355A",1,null,,,,
IDA7281,3355,Persona,Perpetrador,Hombre,Sin especificar,Sin especificar,"3355E, 3355A",1,null,,,,
IDA7282,3356,Persona,Perpetrador,Hombre,Sin especificar,Sin especificar,3356A,,null,,,,
IDA7283,3356,Persona,Víctima,Hombre,Sin especificar,Sin especificar,3356A,,null,,,,
IDA7284,3357,Persona,Perpetrador,Hombre,Sin especificar,Sin especificar,3357A,,null,,,,
IDA7285,3357,Persona,Perpetrador,Hombre,Sin especificar,Sin especificar,3357A,,null,,,,
IDA7286,3357,Persona,Víctima,Hombre,Sin especificar,Sin especificar,3357A,,null,,,,
IDA7287,3358,Persona,Perpetrador,Hombre,Sin especificar,Sin especificar,3358A,,null,,,,
IDA7288,3358,Persona,Víctima,Hombre,Sin especificar,Político del Estado,3358A,,null,,,,
IDA7289,3360,Persona,Perpetrador,Hombre,Indígenas,Sin especificar,3360A,,null,,,,
IDA7290,3360,Persona,Perpetrador,Hombre,Indígenas,Sin especificar,3360A,,null,,,,
IDA7291,3360,Persona,Víctima,Hombre,Indígenas,Sin especificar,3360A,,null,,,,
IDA7292,3361,Persona,Perpetrador,Hombre,Sin especificar,Sin especificar,3361A,,null,,,,
IDA7293,3362,Persona,Perpetrador,Hombre,Sin especificar,Sin especificar,3362A,1,null,,,,
IDA7294,3362,Persona,Perpetrador,Hombre,Esclavo,Sin especificar,3362A,1,null,,,,
IDA7295,3362,Persona,Perpetrador,Hombre,Esclavo,Sin especificar,3362A,1,null,,,,
IDA7296,3362,Institución,Víctima,null,null,null,3362A,,La autoridad,,,,
IDA7297,3363,Persona,Perpetrador,Hombre,Sin especificar,Sin especificar,3363A,,null,,,,
IDA7298,3363,Persona,Perpetrador,Mujer,Sin especificar,Sin especificar,3363A,,null,,,,
IDA7299,3366,Persona,Perpetrador,Hombre,Sin especificar,Sin especificar,3366A,1,null,,,,
IDA7300,3366,Persona,Perpetrador,Hombre,Sin especificar,Sin especificar,3366A,1,null,,,,
IDA7301,3366,Persona,Perpetrador,Mujer,Sin especificar,Sin especificar,3366A,1,null,,,,
IDA7302,3366,Persona,Perpetrador,Indeterminado,Indeterminado,Indeterminado,3366A,1,null,,,,
IDA7303,3366,Persona,Perpetrador,Indeterminado,Indeterminado,Indeterminado,3366A,1,null,,,,
IDA7304,3366,Persona,Víctima,Hombre,Sin especificar,Sin especificar,3366A,,null,,,,
IDA7305,3381,Institución,Víctima,null,null,null,3381A,,Iglesia,,,,
IDA7306,3381,Persona,Perpetrador,Hombre,Sin especificar,Sin especificar,3381A,,null,,,,
IDA7307,3382,Persona,Perpetrador,Hombre,Sin especificar,Sin especificar,3382A,,null,,,,
IDA7308,3382,Persona,Perpetrador,Mujer,Sin especificar,Sin especificar,3382A,,null,,,,
IDA7309,3382,Persona,Perpetrador,Mujer,Sin especificar,Sin especificar,3382B,,null,,,,
IDA7310,3383,Persona,Perpetrador,Hombre,Sin especificar,Sin especificar,3383A,,null,,,,
IDA7311,3383,Persona,Víctima,Hombre,Sin especificar,Sin especificar,3383A,,null,,,,
IDA7312,3384,Persona,Perpetrador,Hombre,Sin especificar,Sin especificar,3384A,,null,,,,
IDA7313,3384,Persona,Víctima,Hombre,Sin especificar,Sin especificar,3384A,,null,,,,
IDA7314,3385,Persona,Perpetrador,Hombre,Sin especificar,Sin especificar,"3385A, 3385B",,null,,,,
IDA7315,3385,Persona,Perpetrador,Hombre,Sin especificar,Sin especificar,"3385A, 3385B",,null,,,,
IDA7316,3385,Institución,Víctima,null,null,null,3385A,,La justicia/jueces,,,,
IDA7317,3386,Persona,Perpetrador,Hombre,Sin especificar,Sin especificar,"3386A, 3386B",,null,,,,
IDA7318,3387,Persona,Perpetrador,Hombre,Sin especificar,Sin especificar,3387A,,null,,,,
IDA7319,3387,Persona,Víctima,Mujer,Sin especificar,Sin especificar,3387A,,null,,,,
IDA7320,3388,Persona,Perpetrador,Hombre,Sin especificar,Sin especificar,3388A,,null,,,,
IDA7321,3388,Persona,Víctima,Hombre,Sin especificar,Sin especificar,3388A,,null,,,,
IDA7322,3389,Persona,Perpetrador,Hombre,Sin especificar,Sin especificar,3389A,,null,,,,
IDA7323,3389,Persona,Víctima,Hombre,Sin especificar,Político del Estado,3389A,,null,,,,
IDA7324,3390,Persona,Perpetrador,Hombre,Sin especificar,Político del Estado,3390A,,null,,,,
IDA7325,3390,Persona,Víctima,Hombre,Sin especificar,Sin especificar,3390A,,null,,,,
IDA7326,3391,Persona,Perpetrador,Hombre,Sin especificar,Sin especificar,3391A,,null,,,,
IDA7327,3391,Persona,Víctima,Indeterminado,Indeterminado,Indeterminado,3391A,1,null,,,,
IDA7328,3392,Persona,Perpetrador,Hombre,Sin especificar,Sin especificar,3392A,,null,,,,
IDA7329,3392,Persona,Víctima,Hombre,Sin especificar,Sin especificar,3392A,,null,,,,
IDA7330,3393,Persona,Perpetrador,Mujer,Sin especificar,Sin especificar,3393A,,null,,,,
IDA7331,3393,Persona,Víctima,Hombre,Sin especificar,Político del Estado,3393A,,null,,,,
IDA7332,3394,Persona,Perpetrador,Hombre,Sin especificar,Sin especificar,3394A,,null,,,,
IDA7333,3394,Persona,Perpetrador,Hombre,Sin especificar,Sin especificar,3394A,,null,,,,
IDA7334,3394,Persona,Perpetrador,Mujer,Sin especificar,Sin especificar,3394A,,null,,,,
IDA7335,3394,Institución,Víctima,null,null,null,3394A,,La autoridad,,,,
IDA7336,3395,Persona,Perpetrador,Hombre,Sin especificar,Sin especificar,3395A,,null,,,,
IDA7337,3395,Persona,Víctima,Indeterminado,Indeterminado,Indeterminado,3395A,1,null,,,,
IDA7338,3396,Persona,Perpetrador,Mujer,Sin especificar,Sin especificar,3396A,,null,,,,
IDA7339,3396,Persona,Víctima,Hombre,Sin especificar,Sin especificar,3396A,,null,,,,
IDA7340,3396,Persona,Perpetrador,Hombre,Sin especificar,Sin especificar,3396A,,null,,,,
IDA7341,3397,Persona,Perpetrador,Hombre,Sin especificar,Sin especificar,"3397A, 3397B, 3397C",,null,,,,
IDA7342,3397,Persona,Víctima,Mujer,Sin especificar,Sin especificar,3397A,,null,,,,
IDA7343,3397,Persona,Víctima,Hombre,Sin especificar,Político del Estado,"3397B, 3397C",,null,,,,
IDA7344,3398,Persona,Perpetrador,Hombre,Sin especificar,Sin especificar,3398A,,null,,,,
IDA7345,3398,Persona,Víctima,Indeterminado,Indeterminado,Indeterminado,3398A,1,null,,,,
IDA7346,3399,Persona,Perpetrador,Hombre,Sin especificar,Sin especificar,3399A,,null,,,,
IDA7347,3399,Persona,Perpetrador,Mujer,Sin especificar,Sin especificar,3399A,,null,,,,
IDA7348,3400,Persona,Perpetrador,Mujer,Sin especificar,Sin especificar,3400A,,null,,,,
IDA7349,3400,Persona,Víctima,Hombre,Sin especificar,Sin especificar,3400A,,null,,,,
IDA7350,3400,Persona,Perpetrador,Hombre,Sin especificar,Sin especificar,"3400B, 3400C",1,null,,,,
IDA7351,3400,Persona,Víctima,Mujer,Sin especificar,Sin especificar,3400B,,null,,,,
IDA7352,3400,Persona,Perpetrador,Mujer,Sin especificar,Sin especificar,3400C,1,null,,,,
IDA7353,3400,Persona,Perpetrador,Mujer,Sin especificar,Sin especificar,3400C,1,null,,,,
IDA7354,3400,Persona,Perpetrador,Hombre,Sin especificar,Sin especificar,3400A,,null,,,,
IDA7355,3400,Persona,Perpetrador,Hombre,Sin especificar,Sin especificar,3400B,,null,,,,
IDA7356,3400,Persona,Víctima,Mujer,Sin especificar,Sin especificar,3400B,,null,,,,
IDA7357,3400,Persona,Perpetrador,Hombre,Sin especificar,Sin especificar,3400C,1,null,,,,
IDA7358,3400,Persona,Perpetrador,Mujer,Sin especificar,Sin especificar,3400C,1,null,,,,
IDA7359,3400,Persona,Perpetrador,Mujer,Sin especificar,Sin especificar,3400C,1,null,,,,
IDA7360,3400,Persona,Perpetrador,Mujer,Sin especificar,Sin especificar,3400A,,null,,,,
IDA7361,3400,Persona,Víctima,Hombre,Sin especificar,Sin especificar,3400A,,null,,,,
IDA7362,3401,Persona,Perpetrador,Hombre,Sin especificar,Sin especificar,3401A,,null,,,,
IDA7363,3402,Persona,Perpetrador,Hombre,Sin especificar,Sin especificar,3402A,,null,,,,
IDA7364,3402,Persona,Víctima,Mujer,Sin especificar,Sin especificar,3402A,,null,,,,
IDA7365,3403,Persona,Perpetrador,Hombre,Sin especificar,Sin especificar,"3403A, 3403B",,null,,,,
IDA7366,3403,Persona,Perpetrador,Mujer,Sin especificar,Sin especificar,"3403A, 3403B",,null,,,,
IDA7367,3403,Persona,Perpetrador,Mujer,Sin especificar,Sin especificar,"3403A, 3403B",,null,,,,
IDA7368,3403,Persona,Perpetrador,Mujer,Sin especificar,Sin especificar,"3403A, 3403B",,null,,,,
IDA7369,3403,Persona,Perpetrador,Mujer,Sin especificar,Sin especificar,"3403A, 3403B",,null,,,,
IDA7370,3403,Persona,Perpetrador,Mujer,Sin especificar,Sin especificar,"3403A, 3403B",,null,,,,
IDA7371,3403,Persona,Víctima,Mujer,Sin especificar,Sin especificar,3403B,,null,,,,
IDA7372,3404,Persona,Perpetrador,Hombre,Sin especificar,Sin especificar,3404A,,null,,,,
IDA7373,3404,Persona,Víctima,Mujer,Sin especificar,Sin especificar,3404A,,null,,,,
IDA7374,3405,Persona,Perpetrador,Hombre,Sin especificar,Sin especificar,"3405A, 3405B",,null,,,,
IDA7375,3405,Persona,Víctima,Mujer,Sin especificar,Sin especificar,"3405A, 3405B",,null,,,,
IDA7376,3406,Persona,Perpetrador,Hombre,Sin especificar,Sin especificar,3406A,,null,,,,
IDA7377,3406,Persona,Víctima,Mujer,Sin especificar,Sin especificar,3406A,,null,,,,
IDA7378,3406,Persona,Víctima,Mujer,Sin especificar,Sin especificar,3406A,,null,,,,
IDA7379,3407,Persona,Perpetrador,Hombre,Sin especificar,Sin especificar,3407A,,null,,,,
IDA7380,3407,Persona,Víctima,Hombre,Sin especificar,Sin especificar,3407A,,null,,,,
IDA7381,3408,Persona,Perpetrador,Hombre,Sin especificar,Sin especificar,3408A,,null,,,,
IDA7382,3408,Persona,Perpetrador,Mujer,Sin especificar,Sin especificar,3408A,,null,,,,
IDA7383,3409,Persona,Perpetrador,Hombre,Sin especificar,Sin especificar,3409A,,null,,,,
IDA7384,3409,Persona,Perpetrador,Hombre,Sin especificar,Sin especificar,3409A,,null,,,,
IDA7385,3409,Persona,Víctima,Mujer,Sin especificar,Sin especificar,3409A,,null,,,,
IDA7386,3409,Persona,Víctima,Mujer,Sin especificar,Sin especificar,3409A,,null,,,,
IDA7387,3410,Persona,Perpetrador,Hombre,Negro libre/mulato,Sin especificar,3410A,,null,,,,
IDA7388,3410,Persona,Víctima,Indeterminado,Indeterminado,Indeterminado,3410A,1,null,,,,
IDA7389,3411,Persona,Perpetrador,Hombre,Sin especificar,Sin especificar,3411A,,null,,,,
IDA7390,3411,Persona,Víctima,Hombre,Sin especificar,Sin especificar,3411A,,null,,,,
IDA7391,3412,Persona,Perpetrador,Hombre,Sin especificar,Sin especificar,3412A,,null,,,,
IDA7392,3412,Institución,Víctima,null,null,null,3412A,,Iglesia,,,,
IDA7393,3413,Persona,Perpetrador,Hombre,Sin especificar,Sin especificar,3413A,,null,,,,
IDA7394,3413,Persona,Víctima,Indeterminado,Indeterminado,Indeterminado,3413A,1,null,,,,
IDA7395,3414,Persona,Perpetrador,Hombre,Sin especificar,Sin especificar,3414A,,null,,,,
IDA7396,3414,Persona,Víctima,Hombre,Sin especificar,Sin especificar,3414A,,null,,,,
IDA7397,3415,Persona,Perpetrador,Hombre,Sin especificar,Sin especificar,"3415A, 3415B",,null,,,,
IDA7398,3415,Persona,Perpetrador,Mujer,Sin especificar,Sin especificar,"3415A, 3415B",,null,,,,
IDA7399,3415,Persona,Víctima,Mujer,Sin especificar,Sin especificar,3415B,,null,,,,
IDA7400,3416,Persona,Perpetrador,Hombre,Sin especificar,Sin especificar,"3416A, 3416B",,null,,,,
IDA7401,3416,Persona,Víctima,Indeterminado,Indeterminado,Indeterminado,"3416A, 3416B",1,null,,,,
IDA7402,3416,Persona,Víctima,Indeterminado,Indeterminado,Indeterminado,3416B,1,null,,,,
IDA7403,3417,Persona,Perpetrador,Hombre,Indígenas,Sin especificar,3417A,,null,,,,
IDA7404,3417,Persona,Víctima,Indeterminado,Indeterminado,Indeterminado,3417A,1,null,,,,
IDA7405,3418,Persona,Perpetrador,Hombre,Sin especificar,Sin especificar,3418A,,null,,,,
IDA7406,3418,Persona,Víctima,Hombre,Sin especificar,Sin especificar,3418A,,null,,,,
IDA7407,3419,Persona,Perpetrador,Hombre,Sin especificar,Sin especificar,3419A,,null,,,,
IDA7408,3419,Persona,Víctima,Hombre,Sin especificar,Sin especificar,3419A,,null,,,,
IDA7409,3420,Persona,Perpetrador,Hombre,Indígenas,Sin especificar,"3420A, 3420B",,null,,,,
IDA7410,3420,Persona,Perpetrador,Hombre,Indígenas,Sin especificar,"3420A, 3420B",,null,,,,
IDA7411,3420,Persona,Perpetrador,Hombre,Indígenas,Sin especificar,"3420A, 3420B",,null,,,,
IDA7412,3420,Persona,Víctima,Hombre,Sin especificar,Sin especificar,3420A,,null,,,,
IDA7413,3420,Persona,Víctima,Indeterminado,Indeterminado,Indeterminado,3420B,1,null,,,,
IDA7414,3421,Persona,Perpetrador,Hombre,Sin especificar,Sin especificar,"3421A, 3421B",,null,,,,
IDA7415,3422,Persona,Perpetrador,Hombre,Sin especificar,Sin especificar,3422A,,null,,1,,
IDA7416,3422,Persona,Perpetrador,Hombre,Sin especificar,Sin especificar,3422A,,null,,1,,
IDA7417,3422,Persona,Perpetrador,Mujer,Sin especificar,Sin especificar,3422A,,null,,1,,
IDA7418,3422,Persona,Perpetrador,Mujer,Sin especificar,Sin especificar,3422A,,null,,1,,
IDA7419,3422,Persona,Víctima,Hombre,Sin especificar,Político del Estado,3422A,,null,,1,,
IDA7420,3422,Persona,Perpetrador,Hombre,Sin especificar,Político del Estado,3422B,,null,,1,,
IDA7421,3422,Persona,Víctima,Mujer,Sin especificar,Sin especificar,3422B,,null,,1,,
IDA7422,3424,Persona,Perpetrador,Hombre,Sin especificar,Sin especificar,3424A,,null,,,,
IDA7423,3425,Persona,Perpetrador,Hombre,Sin especificar,Sin especificar,3425A,,null,,,,
IDA7424,3425,Persona,Víctima,Mujer,Sin especificar,Sin especificar,3425A,,null,,,,
IDA7425,3426,Persona,Perpetrador,Hombre,Sin especificar,Sin especificar,3426A,,null,,,,
IDA7426,3426,Persona,Perpetrador,Mujer,Sin especificar,Sin especificar,3426A,,null,,,,
IDA7427,3427,Persona,Perpetrador,Hombre,Sin especificar,Sin especificar,3427A,,null,,,,
IDA7428,3427,Persona,Perpetrador,Mujer,Sin especificar,Sin especificar,3427A,,null,,,,
IDA7429,3428,Persona,Perpetrador,Mujer,Sin especificar,Sin especificar,3428A,,null,,,,
IDA7430,3428,Persona,Víctima,Mujer,Sin especificar,Sin especificar,3428A,,null,,,,
IDA7431,3429,Persona,Perpetrador,Mujer,Sin especificar,Sin especificar,3429A,,null,,,,
IDA7432,3429,Persona,Víctima,Hombre,Sin especificar,Sin especificar,3429A,,null,,,,
IDA7433,3430,Persona,Perpetrador,Mujer,Sin especificar,Sin especificar,3430A,,null,,,,
IDA7434,3430,Persona,Víctima,Hombre,Sin especificar,Sin especificar,3430A,,null,,,,
IDA7435,3430,Persona,Perpetrador,Hombre,Sin especificar,Sin especificar,3430A,,null,,,,
IDA7436,3431,Persona,Perpetrador,Hombre,Sin especificar,Sin especificar,3431A,,null,,,,
IDA7437,3431,Institución,Víctima,null,null,null,3431A,,La autoridad,,,,
IDA7438,3432,Persona,Perpetrador,Hombre,Sin especificar,Sin especificar,3432A,,null,,,,
IDA7439,3432,Persona,Víctima,Hombre,Sin especificar,Político del Estado,3432A,,null,,,,
IDA7440,3434,Persona,Perpetrador,Hombre,Sin especificar,Sin especificar,3434A,,null,,,,
IDA7441,3434,Persona,Víctima,Hombre,Sin especificar,Sin especificar,3434A,,null,,,,
IDA7442,3435,Persona,Perpetrador,Hombre,Sin especificar,Sin especificar,3435A,,null,,,,
IDA7443,3435,Persona,Víctima,Mujer,Sin especificar,Sin especificar,3435A,,null,,,,
IDA7444,3436,Persona,Perpetrador,Hombre,Sin especificar,Sin especificar,3436A,,null,,,,
IDA7445,3437,Persona,Perpetrador,Hombre,Sin especificar,Sin especificar,3437A,,null,,,,
IDA7446,3437,Persona,Víctima,Hombre,Sin especificar,Político del Estado,3437A,,null,,,,
IDA7447,3438,Persona,Perpetrador,Hombre,Sin especificar,Sin especificar,3438A,,null,,,,
IDA7448,3438,Persona,Víctima,Hombre,Sin especificar,Sin especificar,3438A,,null,,,,
IDA7449,3439,Persona,Perpetrador,Hombre,Sin especificar,Sin especificar,3439A,,null,,,,
IDA7450,3439,Persona,Perpetrador,Hombre,Sin especificar,Sin especificar,3439A,,null,,,,
IDA7451,3439,Persona,Víctima,Mujer,Sin especificar,Sin especificar,3439A,,null,,,,
IDA7452,3440,Persona,Perpetrador,Hombre,Sin especificar,Sin especificar,3440A,,null,,,,
IDA7453,3440,Persona,Víctima,Hombre,Sin especificar,Sin especificar,3440A,,null,,,,
IDA7454,3441,Persona,Perpetrador,Hombre,Sin especificar,Sin especificar,3441A,,null,,,,
IDA7455,3441,Persona,Perpetrador,Hombre,Sin especificar,Sin especificar,3441A,,null,,,,
IDA7456,3442,Persona,Perpetrador,Hombre,Sin especificar,Sin especificar,3442A,,null,,,,
IDA7457,3442,Persona,Víctima,Hombre,Sin especificar,Sin especificar,3442A,,null,,,,
IDA7458,3443,Persona,Perpetrador,Hombre,Sin especificar,Sin especificar,3443A,,null,,,,
IDA7459,3443,Persona,Perpetrador,Mujer,Sin especificar,Sin especificar,3443A,,null,,,,
IDA7460,3444,Persona,Perpetrador,Mujer,Sin especificar,Sin especificar,3444A,,null,,,,
IDA7461,3444,Persona,Víctima,Hombre,Sin especificar,Sin especificar,3444A,,null,,,,
IDA7462,3444,Persona,Perpetrador,Hombre,Sin especificar,Sin especificar,3444A,,null,,,,
IDA7463,3445,Persona,Perpetrador,Hombre,Sin especificar,Sin especificar,3445A,,null,,,,
IDA7464,3446,Persona,Perpetrador,Hombre,Sin especificar,Sin especificar,"3446A, 3446B",,null,,,,
IDA7465,3446,Persona,Perpetrador,Mujer,Sin especificar,Sin especificar,3446A,,null,,,,
IDA7466,3446,Persona,Víctima,Indeterminado,Indeterminado,Indeterminado,3446A,1,null,,,,
IDA7467,3446,Persona,Víctima,Mujer,Sin especificar,Sin especificar,3446B,,null,,,,
IDA7468,3447,Persona,Perpetrador,Hombre,Sin especificar,Sin especificar,3447A,,null,,,,
IDA7469,3447,Persona,Víctima,Hombre,Sin especificar,Político del Estado,3447A,,null,,,,
IDA7470,3448,Persona,Perpetrador,Hombre,Sin especificar,Sin especificar,"3448A, 3448B, 3448C",,null,,,,
IDA7471,3448,Persona,Víctima,Hombre,Sin especificar,Sin especificar,3448A,,null,,,,
IDA7472,3448,Institución,Víctima,null,null,null,3448C,,La autoridad,,,,
IDA7473,3450,Persona,Perpetrador,Hombre,Sin especificar,Sin especificar,3450A,,null,,,,
IDA7474,3450,Persona,Víctima,Hombre,Sin especificar,Sin especificar,3450A,,null,,,,
IDA7475,3451,Persona,Perpetrador,Hombre,Sin especificar,Sin especificar,3451A,,null,,,,
IDA7476,3451,Persona,Víctima,Hombre,Sin especificar,Sin especificar,3451A,,null,,,,
IDA7477,3452,Persona,Perpetrador,Hombre,Sin especificar,Sin especificar,3452A,,null,,,,
IDA7478,3452,Persona,Víctima,Hombre,Sin especificar,Sin especificar,3452A,1,null,,,,
IDA7479,3452,Persona,Víctima,Hombre,Sin especificar,Sin especificar,3452A,1,null,,,,
IDA7480,3453,Persona,Perpetrador,Hombre,Sin especificar,Sin especificar,3453A,,null,,,,
IDA7481,3453,Persona,Víctima,Indeterminado,Indeterminado,Indeterminado,3453A,1,null,,,,
IDA7482,3454,Persona,Perpetrador,Hombre,Sin especificar,Sin especificar,"3454A, 3454B, 3454C",,null,,,,
IDA7483,3454,Persona,Perpetrador,Hombre,Sin especificar,Sin especificar,"3454A, 3454B",,null,,,,
IDA7484,3454,Persona,Cómplice,Hombre,Sin especificar,Sin especificar,"3454A, 3454B",,null,,,,
IDA7485,3454,Persona,Víctima,Mujer,Sin especificar,Sin especificar,3454A,,null,,,,
IDA7486,3454,Persona,Víctima,Hombre,Sin especificar,Político del Estado,3454C,,null,,,,
IDA7487,3457,Persona,Perpetrador,Hombre,Sin especificar,Sin especificar,3457A,,null,,,,
IDA7488,3459,Persona,Perpetrador,Hombre,Sin especificar,Político del Estado,"3459A, 3459B",,null,,1,,
IDA7489,3459,Persona,Víctima,Hombre,Sin especificar,Político del Estado,3459B,,null,,1,,
IDA7490,3460,Persona,Perpetrador,Hombre,Sin especificar,Político del Estado,3460A,,null,,,,
IDA7491,3460,Persona,Perpetrador,Hombre,Sin especificar,Político del Estado,3460A,,null,,,,
IDA7492,3460,Persona,Perpetrador,Hombre,Sin especificar,Político del Estado,3460A,,null,,,,
IDA7493,3460,Persona,Perpetrador,Hombre,Sin especificar,Político del Estado,3460A,,null,,,,
IDA7494,3461,Persona,Perpetrador,Hombre,Sin especificar,Sin especificar,3461A,,null,,,,
IDA7495,3461,Persona,Víctima,Hombre,Sin especificar,Sin especificar,3461A,,null,,,,
IDA7496,3462,Persona,Perpetrador,Hombre,Sin especificar,Sin especificar,"3462A, 3462B",,null,,,,
IDA7497,3462,Persona,Víctima,Indeterminado,Indeterminado,Indeterminado,3462A,1,null,,,,
IDA7498,3463,Persona,Perpetrador,Hombre,Sin especificar,Sin especificar,3463A,,null,,,,
IDA7499,3463,Persona,Víctima,Indeterminado,Indeterminado,Indeterminado,3463A,1,null,,,,
IDA7500,3464,Persona,Perpetrador,Hombre,Sin especificar,Sin especificar,3464A,,null,,,,
IDA7501,3464,Persona,Víctima,Indeterminado,Indeterminado,Indeterminado,3464A,1,null,,,,
IDA7502,3465,Persona,Perpetrador,Hombre,Sin especificar,Sin especificar,"3465A, 3465B",,null,,,,
IDA7503,3465,Persona,Víctima,Hombre,Sin especificar,Político del Estado,3465B,,null,,,,
IDA7504,3467,Persona,Perpetrador,Hombre,Sin especificar,Sin especificar,"3467A, 3467B",,null,,,,
IDA7505,3467,Persona,Perpetrador,Mujer,Sin especificar,Sin especificar,"3467A, 3467B",,null,,,,
IDA7506,3467,Persona,Víctima,Indeterminado,Indeterminado,Indeterminado,3467B,1,null,,,,
IDA7507,3468,Persona,Perpetrador,Hombre,Sin especificar,Sin especificar,3468A,,null,,,,
IDA7508,3468,Persona,Víctima,Indeterminado,Indeterminado,Indeterminado,3468A,1,null,,,,
IDA7509,3469,Persona,Perpetrador,Hombre,Sin especificar,Sin especificar,"3469A, 3469B, 3469D, 3469E",1,null,,,,
IDA7510,3469,Persona,Víctima,Mujer,Sin especificar,Sin especificar,"3469A, 3469B",1,null,,,,
IDA7511,3469,Persona,Víctima,Hombre,Sin especificar,Sin especificar,3469B,1,null,,,,
IDA7512,3469,Persona,Perpetrador,Indeterminado,Indeterminado,Indeterminado,"3469D, 3469E",1,null,,,,
IDA7513,3469,Persona,Víctima,Hombre,Sin especificar,Sin especificar,3469B,1,null,,,,
IDA7514,3470,Persona,Perpetrador,Hombre,Sin especificar,Sin especificar,"3470A, 3470B",,null,,,,
IDA7515,3470,Persona,Perpetrador,Mujer,Sin especificar,Sin especificar,3470A,,null,,,,
IDA7516,3470,Persona,Víctima,Indeterminado,Indeterminado,Indeterminado,3470B,1,null,,,,
IDA7517,3471,Persona,Perpetrador,Hombre,Sin especificar,Sin especificar,3471A,,null,,,,
IDA7518,3471,Persona,Víctima,Mujer,Sin especificar,Sin especificar,3471A,,null,,,,
IDA7519,3472,Persona,Perpetrador,Hombre,Sin especificar,Sin especificar,3472A,,null,,,,
IDA7520,3472,Persona,Perpetrador,Hombre,Sin especificar,Sin especificar,3472A,,null,,,,
IDA7521,3472,Persona,Perpetrador,Hombre,Sin especificar,Sin especificar,3472A,,null,,,,
IDA7522,3472,Persona,Perpetrador,Hombre,Sin especificar,Sin especificar,3472A,,null,,,,
IDA7523,3472,Persona,Víctima,Indeterminado,Indeterminado,Indeterminado,3472A,1,null,,,,
IDA7524,3473,Persona,Perpetrador,Hombre,Sin especificar,Sin especificar,3473A,,null,,,,
IDA7525,3473,Persona,Víctima,Indeterminado,Indeterminado,Indeterminado,3473A,1,null,,,,
IDA7526,3474,Persona,Perpetrador,Hombre,Sin especificar,Sin especificar,3474A,,null,,1,,
IDA7527,3474,Persona,Perpetrador,Hombre,Sin especificar,Político del Estado,3474B,,null,,1,,
IDA7528,3474,Persona,Víctima,Hombre,Sin especificar,Sin especificar,3474B,,null,,1,,
IDA7529,3475,Persona,Perpetrador,Hombre,Sin especificar,Sin especificar,3475A,,null,,,,
IDA7530,3475,Persona,Víctima,Indeterminado,Indeterminado,Indeterminado,3475A,1,null,,,,
IDA7531,3476,Persona,Perpetrador,Hombre,Sin especificar,Sin especificar,3476A,,null,,,,
IDA7532,3476,Persona,Víctima,Mujer,Sin especificar,Sin especificar,3476A,,null,,,,
IDA7533,3477,Persona,Perpetrador,Hombre,Sin especificar,Sin especificar,3477A,,null,,,,
IDA7534,3477,Persona,Perpetrador,Mujer,Sin especificar,Sin especificar,3477A,,null,,,,
IDA7535,3477,Persona,Perpetrador,Mujer,Sin especificar,Sin especificar,3477A,,null,,,,
IDA7536,3478,Población Indígena Completa,Perpetrador,null,null,null,3478A,,null,,,,
IDA7537,3478,Institución,Víctima,null,null,null,3478A,,La autoridad,,,,
IDA7538,3479,Persona,Perpetrador,Hombre,Sin especificar,Sin especificar,3479A,,null,,,,
IDA7539,3479,Persona,Perpetrador,Hombre,Sin especificar,Sin especificar,3479A,,null,,,,
IDA7540,3479,Persona,Víctima,Indeterminado,Indeterminado,Indeterminado,3479A,1,null,,,,
IDA7541,3480,Persona,Perpetrador,Hombre,Sin especificar,Sin especificar,3480A,,null,,,,
IDA7542,3480,Persona,Víctima,Hombre,Sin especificar,Político del Estado,3480A,,null,,,,
IDA7543,3481,Persona,Perpetrador,Hombre,Sin especificar,Sin especificar,3481A,,null,,1,,
IDA7544,3481,Persona,Perpetrador,Hombre,Sin especificar,Sin especificar,3481A,,null,,1,,
IDA7545,3481,Persona,Perpetrador,Hombre,Sin especificar,Político del Estado,"3481B, 3481C",,null,,1,,
IDA7546,3481,Persona,Víctima,Hombre,Sin especificar,Sin especificar,"3481B, 3481C",,null,,1,,
IDA7547,3482,Persona,Perpetrador,Hombre,Sin especificar,Sin especificar,3482A,,null,,,,
IDA7548,3482,Persona,Perpetrador,Hombre,Sin especificar,Sin especificar,3482A,,null,,,,
IDA7549,3482,Persona,Víctima,Indeterminado,Indeterminado,Indeterminado,3482A,1,null,,,,
IDA7550,3484,Persona,Perpetrador,Hombre,Sin especificar,Sin especificar,"3484A, 3484B, 3484C",,null,,,,
IDA7551,3484,Persona,Víctima,Hombre,Sin especificar,Sin especificar,3484A,,null,,,,
IDA7552,3484,Persona,Víctima,Mujer,Sin especificar,Sin especificar,3484B,,null,,,,
IDA7553,3485,Persona,Perpetrador,Hombre,Sin especificar,Sin especificar,3485A,,null,,,,
IDA7554,3485,Persona,Perpetrador,Mujer,Sin especificar,Sin especificar,3485A,,null,,,,
IDA7555,3486,Persona,Perpetrador,Hombre,Sin especificar,Sin especificar,"3486A, 3486B",,null,,,,
IDA7556,3486,Persona,Perpetrador,Mujer,Sin especificar,Sin especificar,"3486A, 3486B",,null,,,,
IDA7557,3486,Institución,Víctima,null,null,null,"3486A, 3486B",,La justicia/jueces,,,,
IDA7558,3487,Persona,Perpetrador,Hombre,Sin especificar,Sin especificar,3487A,,null,,,,
IDA7559,3487,Persona,Víctima,Hombre,Sin especificar,Sin especificar,3487A,,null,,,,
IDA7560,3487,Persona,Víctima,Hombre,Sin especificar,Sin especificar,3487A,,null,,,,
IDA7561,3487,Persona,Víctima,Hombre,Sin especificar,Sin especificar,3487A,,null,,,,
IDA7562,3488,Persona,Perpetrador,Hombre,Sin especificar,Sin especificar,3488A,,null,,,,
IDA7563,3488,Persona,Víctima,Mujer,Sin especificar,Sin especificar,3488A,,null,,,,
IDA7564,3489,Persona,Perpetrador,Hombre,Sin especificar,Sin especificar,3489A,,null,,,,
IDA7565,3489,Persona,Víctima,Indeterminado,Indeterminado,Indeterminado,3489A,1,null,,,,
IDA7566,3490,Persona,Perpetrador,Hombre,Sin especificar,Sin especificar,3490A,,null,,,,
IDA7567,3490,Persona,Perpetrador,Hombre,Sin especificar,Sin especificar,3490A,,null,,,,
IDA7568,3490,Persona,Víctima,Hombre,Sin especificar,Sin especificar,3490A,,null,,,,
IDA7569,3491,Persona,Perpetrador,Hombre,Sin especificar,Político del Estado,3491A,,null,,,,
IDA7570,3491,Persona,Víctima,Hombre,Sin especificar,Sin especificar,3491A,,null,,,,
IDA7571,3492,Persona,Perpetrador,Hombre,Sin especificar,Sin especificar,3492A,,null,,,,
IDA7572,3492,Persona,Perpetrador,Mujer,Sin especificar,Sin especificar,3492A,,null,,,,
IDA7573,3493,Persona,Perpetrador,Hombre,Sin especificar,Sin especificar,"3493A, 3493B, 3493C, 3493D",,null,,,,
IDA7574,3493,Persona,Víctima,Indeterminado,Indeterminado,Indeterminado,"3493A, 3493C, 3493D",1,null,,,,
IDA7575,3494,Persona,Perpetrador,Hombre,Sin especificar,Sin especificar,3494A,,null,,,,
IDA7576,3494,Persona,Víctima,Hombre,Sin especificar,Político del Estado,3494A,,null,,,,
IDA7577,3494,Persona,Víctima,Hombre,Sin especificar,Político del Estado,3494A,,null,,,,
IDA7578,3495,Persona,Perpetrador,Hombre,Sin especificar,Sin especificar,3495A,,null,,,,
IDA7579,3495,Persona,Víctima,Indeterminado,Indeterminado,Indeterminado,3495A,1,null,,,,
IDA7580,3496,Persona,Perpetrador,Hombre,Sin especificar,Sin especificar,3496A,,null,,,,
IDA7581,3496,Persona,Perpetrador,Hombre,Sin especificar,Sin especificar,3496A,,null,,,,
IDA7582,3496,Persona,Víctima,Indeterminado,Indeterminado,Indeterminado,3496A,1,null,,,,
IDA7583,3497,Persona,Perpetrador,Hombre,Sin especificar,Sin especificar,3497A,,null,,,,
IDA7584,3497,Persona,Víctima,Hombre,Sin especificar,Sin especificar,3497A,,null,,,,
IDA7585,3498,Persona,Perpetrador,Hombre,Indígenas,Sin especificar,3498A,,null,,,,
IDA7586,3498,Persona,Víctima,Mujer,Sin especificar,Sin especificar,3498A,,null,,,,
IDA7587,3499,Persona,Perpetrador,Hombre,Sin especificar,Sin especificar,3499A,,null,,,,
IDA7588,3499,Persona,Víctima,Indeterminado,Indeterminado,Indeterminado,3499A,1,null,,,,
IDA7589,3500,Persona,Perpetrador,Hombre,Sin especificar,Sin especificar,"3500A, 3500B",,null,,,,
IDA7590,3500,Persona,Víctima,Mujer,Sin especificar,Sin especificar,3500A,,null,,,,
IDA7591,3500,Persona,Víctima,Hombre,Sin especificar,Político del Estado,3500B,,null,,,,
IDA7592,3501,Persona,Perpetrador,Hombre,Sin especificar,Sin especificar,3501A,,null,,,,
IDA7593,3501,Persona,Víctima,Hombre,Sin especificar,Sin especificar,3501A,,null,,,,
IDA7594,3502,Persona,Perpetrador,Hombre,Sin especificar,Sin especificar,"3502A, 3502B",,null,,,,
IDA7595,3502,Persona,Víctima,Indeterminado,Indeterminado,Indeterminado,"3502A, 3502B",1,null,,,,
IDA7596,3503,Persona,Perpetrador,Hombre,Sin especificar,Sin especificar,"3503A, 3503B",,null,,,,
IDA7597,3503,Persona,Víctima,Hombre,Sin especificar,Político del Estado,3503B,,null,,,,
IDA7598,3504,Persona,Perpetrador,Hombre,Sin especificar,Sin especificar,3504A,,null,,,,
IDA7599,3504,Persona,Perpetrador,Mujer,Sin especificar,Sin especificar,3504A,,null,,,,
IDA7600,3504,Persona,Víctima,Indeterminado,Indeterminado,Indeterminado,3504A,1,null,,,,
IDA7601,3505,Persona,Perpetrador,Hombre,Indígenas,Sin especificar,3505A,,null,,,,
IDA7602,3505,Persona,Víctima,Indeterminado,Indeterminado,Indeterminado,3505A,1,null,,,,
IDA7603,3506,Persona,Perpetrador,Hombre,Sin especificar,Sin especificar,3506A,,null,,,,
IDA7604,3506,Persona,Víctima,Hombre,Sin especificar,Sin especificar,3506A,,null,,,,
IDA7605,3507,Persona,Perpetrador,Hombre,Sin especificar,Sin especificar,3507A,,null,,,,
IDA7606,3507,Persona,Perpetrador,Mujer,Sin especificar,Sin especificar,3507A,,null,,,,
IDA7607,3508,Persona,Perpetrador,Hombre,Sin especificar,Sin especificar,"3508A, 3508B, 3508C",1,null,,,,
IDA7608,3508,Persona,Víctima,Indeterminado,Indeterminado,Indeterminado,3508A,1,null,,,,
IDA7609,3508,Persona,Perpetrador,Indeterminado,Indeterminado,Indeterminado,"3508B, 3508C",1,null,,,,
IDA7610,3510,Persona,Perpetrador,Hombre,Sin especificar,Sin especificar,3510A,,null,,,,
IDA7611,3510,Persona,Perpetrador,Hombre,Sin especificar,Sin especificar,3510A,,null,,,,
IDA7612,3510,Persona,Perpetrador,Hombre,Sin especificar,Sin especificar,3510A,,null,,,,
IDA7613,3510,Persona,Perpetrador,Hombre,Sin especificar,Sin especificar,3510A,,null,,,,
IDA7614,3510,Persona,Víctima,Hombre,Sin especificar,Fuerza armada,3510A,,null,,,,
IDA7615,3510,Población Indígena Completa,Perpetrador,null,null,null,3510B,,null,,,,
IDA7616,3511,Persona,Perpetrador,Hombre,Sin especificar,Sin especificar,"3511A, 3511B, 3511C",,null,,,,
IDA7617,3511,Persona,Víctima,Hombre,Sin especificar,Sin especificar,3511A,,null,,,,
IDA7618,3511,Persona,Víctima,Indeterminado,Indeterminado,Indeterminado,3511B,1,null,,,,
IDA7619,3512,Persona,Perpetrador,Hombre,Sin especificar,Sin especificar,3512A,,null,,,,
IDA7620,3512,Persona,Perpetrador,Hombre,Sin especificar,Sin especificar,3512A,,null,,,,
IDA7621,3512,Persona,Víctima,Hombre,Sin especificar,Político del Estado,3512A,,null,,,,
IDA7622,3512,Persona,Víctima,Hombre,Sin especificar,Político del Estado,3512A,,null,,,,
IDA7623,3513,Persona,Perpetrador,Hombre,Sin especificar,Sin especificar,3513A,,null,,,,
IDA7624,3513,Persona,Víctima,Mujer,Sin especificar,Sin especificar,3513A,,null,,,,
IDA7625,3514,Persona,Perpetrador,Hombre,Sin especificar,Sin especificar,"3514A, 3514B",,null,,,,
IDA7626,3514,Persona,Víctima,Hombre,Sin especificar,Político del Estado,"3514A, 3514B",,null,,,,
IDA7627,3515,Persona,Perpetrador,Hombre,Sin especificar,Político del Estado,3515A,,null,,,,
IDA7628,3516,Persona,Perpetrador,Hombre,Sin especificar,Sin especificar,3516A,,null,,,,
IDA7629,3516,Persona,Cómplice,Hombre,Sin especificar,Sin especificar,3516A,,null,,,,
IDA7630,3516,Persona,Víctima,Hombre,Sin especificar,Sin especificar,3516A,,null,,,,
IDA7631,3517,Persona,Perpetrador,Hombre,Sin especificar,Sin especificar,3517A,,null,,,,
IDA7632,3517,Persona,Perpetrador,Hombre,Sin especificar,Sin especificar,3517A,,null,,,,
IDA7633,3517,Persona,Perpetrador,Hombre,Sin especificar,Sin especificar,3517A,,null,,,,
IDA7634,3518,Persona,Perpetrador,Hombre,Sin especificar,Sin especificar,3518A,,null,,,,
IDA7635,3518,Persona,Cómplice,Hombre,Sin especificar,Sin especificar,3518A,,null,,,,
IDA7636,3518,Persona,Víctima,Hombre,Sin especificar,Sin especificar,3518A,,null,,,,
IDA7637,3519,Persona,Perpetrador,Hombre,Sin especificar,Sin especificar,"3519A, 3519B, 3519C",,null,,,,
IDA7638,3519,Persona,Perpetrador,Hombre,Sin especificar,Sin especificar,"3519A, 3519B, 3519C",,null,,,,
IDA7639,3519,Persona,Perpetrador,Hombre,Sin especificar,Sin especificar,"3519A, 3519B, 3519C",,null,,,,
IDA7640,3519,Persona,Perpetrador,Hombre,Sin especificar,Sin especificar,"3519A, 3519B, 3519C",,null,,,,
IDA7641,3519,Persona,Víctima,Indeterminado,Indeterminado,Indeterminado,3519A,1,null,,,,
IDA7642,3520,Persona,Perpetrador,Hombre,Sin especificar,Sin especificar,3520A,,null,,,,
IDA7643,3520,Persona,Víctima,Hombre,Sin especificar,Sin especificar,3520A,,null,,,,
IDA7644,3521,Persona,Perpetrador,Hombre,Sin especificar,Sin especificar,3521A,,null,,,,
IDA7645,3521,Persona,Perpetrador,Hombre,Sin especificar,Sin especificar,3521A,,null,,,,
IDA7646,3521,Persona,Perpetrador,Hombre,Sin especificar,Sin especificar,3521A,,null,,,,
IDA7647,3521,Persona,Perpetrador,Hombre,Sin especificar,Sin especificar,3521A,,null,,,,
IDA7648,3521,Persona,Víctima,Indeterminado,Indeterminado,Indeterminado,3521A,1,null,,,,
IDA7649,3522,Persona,Perpetrador,Hombre,Sin especificar,Sin especificar,3522A,,null,,,,
IDA7650,3522,Persona,Perpetrador,Mujer,Sin especificar,Sin especificar,3522A,,null,,,,
IDA7651,3523,Persona,Perpetrador,Hombre,Sin especificar,Sin especificar,3523A,,null,,,,
IDA7652,3523,Persona,Perpetrador,Hombre,Sin especificar,Sin especificar,3523A,,null,,,,
IDA7653,3523,Persona,Perpetrador,Hombre,Sin especificar,Sin especificar,3523A,,null,,,,
IDA7654,3523,Persona,Perpetrador,Hombre,Sin especificar,Sin especificar,3523A,,null,,,,
IDA7655,3523,Persona,Víctima,Indeterminado,Indeterminado,Indeterminado,3523A,1,null,,,,
IDA7656,3524,Persona,Perpetrador,Hombre,Sin especificar,Sin especificar,3524A,,null,,,,
IDA7657,3524,Persona,Víctima,Indeterminado,Indeterminado,Indeterminado,3524A,1,null,,,,
IDA7658,3525,Persona,Perpetrador,Hombre,Sin especificar,Sin especificar,"3525A, 3525B",,null,,,,
IDA7659,3525,Persona,Víctima,Hombre,Sin especificar,Sin especificar,3525A,,null,,,,
IDA7660,3526,Persona,Perpetrador,Hombre,Sin especificar,Sin especificar,"3526A, 3526B",,null,,,,
IDA7661,3526,Persona,Víctima,Hombre,Sin especificar,Sin especificar,3526A,,null,,,,
IDA7662,3526,Persona,Víctima,Hombre,Sin especificar,Político del Estado,3526B,,null,,,,
IDA7663,3527,Persona,Perpetrador,Hombre,Sin especificar,Político del Estado,"3527A, 3527B",,null,,,,
IDA7664,3527,Persona,Víctima,Hombre,Sin especificar,Político del Estado,3527B,,null,,,,
IDA7665,3527,Persona,Perpetrador,Hombre,Sin especificar,Político del Estado,"3527B, 3527A",,null,,,,
IDA7666,3527,Persona,Víctima,Hombre,Sin especificar,Político del Estado,3527B,,null,,,,
IDA7667,3528,Persona,Perpetrador,Hombre,Sin especificar,Sin especificar,3528A,,null,,,,
IDA7668,3528,Persona,Víctima,Mujer,Sin especificar,Sin especificar,3528A,,null,,,,
IDA7669,3529,Persona,Perpetrador,Hombre,Sin especificar,Sin especificar,3529A,,null,,,,
IDA7670,3529,Persona,Víctima,Hombre,Sin especificar,Sin especificar,3529A,,null,,,,
IDA7671,3530,Persona,Perpetrador,Hombre,Sin especificar,Sin especificar,3530A,,null,,,,
IDA7672,3530,Persona,Perpetrador,Hombre,Sin especificar,Sin especificar,3530A,,null,,,,
IDA7673,3530,Persona,Víctima,Hombre,Sin especificar,Sin especificar,3530A,,null,,,,
IDA7674,3530,Persona,Víctima,Hombre,Sin especificar,Sin especificar,3530A,,null,,,,
IDA7675,3531,Persona,Perpetrador,Hombre,Sin especificar,Sin especificar,3531A,,null,,,,
IDA7676,3531,Persona,Perpetrador,Hombre,Sin especificar,Sin especificar,3531A,,null,,,,
IDA7677,3531,Persona,Víctima,Indeterminado,Indeterminado,Indeterminado,3531A,1,null,,,,
IDA7678,3532,Persona,Perpetrador,Hombre,Sin especificar,Sin especificar,3532A,,null,,,,
IDA7679,3532,Persona,Víctima,Indeterminado,Indeterminado,Indeterminado,3532A,1,null,,,,
IDA7680,3533,Persona,Perpetrador,Hombre,Sin especificar,Sin especificar,3533A,,null,,,,
IDA7681,3533,Persona,Perpetrador,Hombre,Sin especificar,Sin especificar,3533A,,null,,,,
IDA7682,3533,Persona,Víctima,Indeterminado,Indeterminado,Indeterminado,3533A,1,null,,,,
IDA7683,3534,Persona,Perpetrador,Hombre,Sin especificar,Sin especificar,3534A,,null,,,,
IDA7684,3534,Persona,Perpetrador,Hombre,Sin especificar,Sin especificar,3534A,,null,,,,
IDA7685,3534,Persona,Víctima,Indeterminado,Indeterminado,Indeterminado,3534A,1,null,,,,
IDA7686,3535,Persona,Perpetrador,Hombre,Sin especificar,Sin especificar,3535A,,null,,,,
IDA7687,3535,Persona,Víctima,Hombre,Sin especificar,Político del Estado,3535A,1,null,,,,
IDA7688,3535,Persona,Víctima,Hombre,Sin especificar,Político del Estado,3535A,1,null,,,,
IDA7689,3536,Persona,Perpetrador,Hombre,Sin especificar,Sin especificar,3536A,,null,,,,
IDA7690,3536,Persona,Víctima,Hombre,Sin especificar,Sin especificar,3536A,,null,,,,
IDA7691,3537,Persona,Perpetrador,Hombre,Sin especificar,Sin especificar,3537A,,null,,,,
IDA7692,3537,Persona,Víctima,Indeterminado,Indeterminado,Indeterminado,3537A,1,null,,,,
IDA7693,3538,Persona,Perpetrador,Hombre,Sin especificar,Sin especificar,"3538A, 3538B",,null,,,,
IDA7694,3538,Persona,Perpetrador,Mujer,Sin especificar,Sin especificar,3538A,,null,,,,
IDA7695,3538,Persona,Víctima,Indeterminado,Indeterminado,Indeterminado,3538B,1,null,,,,
IDA7696,3539,Persona,Perpetrador,Hombre,Sin especificar,Sin especificar,3539A,,null,,,,
IDA7697,3539,Persona,Víctima,Hombre,Sin especificar,Sin especificar,3539A,,null,,,,
IDA7698,3540,Persona,Perpetrador,Hombre,Sin especificar,Fuerza armada,"3540A, 3540B",1,null,,,,
IDA7699,3540,Persona,Perpetrador,Hombre,Negro libre/mulato,Sin especificar,3540A,1,null,,,,
IDA7700,3540,Persona,Perpetrador,Hombre,Negro libre/mulato,Sin especificar,3540A,1,null,,,,
IDA7701,3540,Persona,Víctima,Hombre,Sin especificar,Político del Estado,3540A,,null,,,,
IDA7702,3541,Persona,Perpetrador,Hombre,Sin especificar,Sin especificar,3541A,,null,,,,
IDA7703,3541,Persona,Víctima,Mujer,Sin especificar,Sin especificar,3541A,,null,,,,
IDA7704,3542,Persona,Perpetrador,Hombre,Sin especificar,Sin especificar,3542A,,null,,,,
IDA7705,3542,Persona,Perpetrador,Mujer,Sin especificar,Sin especificar,3542A,,null,,,,
IDA7706,3543,Persona,Perpetrador,Mujer,Sin especificar,Sin especificar,3543A,,null,,,,
IDA7707,3543,Persona,Víctima,Hombre,Sin especificar,Sin especificar,3543A,,null,,,,
IDA7708,3543,Persona,Perpetrador,Hombre,Sin especificar,Sin especificar,3543A,,null,,,,
IDA7709,3544,Persona,Perpetrador,Hombre,Sin especificar,Sin especificar,3544A,,null,,,,
IDA7710,3544,Persona,Víctima,Indeterminado,Indeterminado,Indeterminado,3544A,1,null,,,,
IDA7711,3545,Persona,Perpetrador,Hombre,Sin especificar,Sin especificar,3545A,,null,,,,
IDA7712,3545,Institución,Víctima,null,null,null,3545A,,Iglesia,,,,
IDA7713,3546,Persona,Perpetrador,Hombre,Sin especificar,Sin especificar,3546A,,null,,,,
IDA7714,3546,Persona,Perpetrador,Hombre,Sin especificar,Sin especificar,3546A,,null,,,,
IDA7715,3546,Persona,Perpetrador,Hombre,Sin especificar,Sin especificar,3546A,,null,,,,
IDA7716,3546,Persona,Perpetrador,Hombre,Sin especificar,Sin especificar,3546A,,null,,,,
IDA7717,3546,Persona,Víctima,Indeterminado,Indeterminado,Indeterminado,3546A,1,null,,,,
IDA7718,3547,Persona,Perpetrador,Hombre,Sin especificar,Sin especificar,3547A,,null,,,,
IDA7719,3547,Persona,Perpetrador,Hombre,Sin especificar,Sin especificar,3547A,,null,,,,
IDA7720,3547,Persona,Perpetrador,Hombre,Sin especificar,Sin especificar,3547A,,null,,,,
IDA7721,3547,Persona,Perpetrador,Mujer,Sin especificar,Sin especificar,3547A,,null,,,,
IDA7722,3547,Persona,Perpetrador,Mujer,Sin especificar,Sin especificar,3547A,,null,,,,
IDA7723,3547,Persona,Víctima,Hombre,Sin especificar,Sin especificar,3547A,,null,,,,
IDA7724,3548,Persona,Perpetrador,Hombre,Sin especificar,Sin especificar,3548A,,null,,,,
IDA7725,3548,Persona,Perpetrador,Mujer,Sin especificar,Sin especificar,3548A,,null,,,,
IDA7726,3549,Persona,Perpetrador,Hombre,Sin especificar,Sin especificar,3549A,,null,,,,
IDA7727,3549,Persona,Perpetrador,Mujer,Sin especificar,Sin especificar,3549A,,null,,,,
IDA7728,3550,Persona,Perpetrador,Hombre,Sin especificar,Sin especificar,"3550A, 3550B",,null,,,,
IDA7729,3550,Persona,Víctima,Mujer,Sin especificar,Sin especificar,3550A,,null,,,,
IDA7730,3551,Persona,Perpetrador,Hombre,Sin especificar,Sin especificar,"3551A, 3551B",,null,,,,
IDA7731,3551,Persona,Perpetrador,Mujer,Sin especificar,Sin especificar,3551A,,null,,,,
IDA7732,3551,Persona,Perpetrador,Mujer,Sin especificar,Sin especificar,3551A,,null,,,,
IDA7733,3551,Persona,Víctima,Indeterminado,Indeterminado,Indeterminado,3551B,1,null,,,,
IDA7734,3552,Persona,Perpetrador,Hombre,Sin especificar,Sin especificar,3552A,,null,,,,
IDA7735,3552,Persona,Víctima,Mujer,Sin especificar,Sin especificar,3552A,,null,,,,
IDA7736,3553,Persona,Perpetrador,Hombre,Sin especificar,Sin especificar,"3553A, 3553B",,null,,,,
IDA7737,3553,Persona,Víctima,Mujer,Sin especificar,Sin especificar,"3553A, 3553B",,null,,,,
IDA7738,3554,Persona,Perpetrador,Hombre,Sin especificar,Sin especificar,3554A,,null,,,,
IDA7739,3554,Persona,Cómplice,Hombre,Sin especificar,Sin especificar,3554A,,null,,,,
IDA7740,3554,Persona,Víctima,Mujer,Sin especificar,Sin especificar,3554A,,null,,,,
IDA7741,3555,Persona,Perpetrador,Hombre,Sin especificar,Sin especificar,3555A,,null,,,,
IDA7742,3555,Persona,Víctima,Indeterminado,Indeterminado,Indeterminado,3555A,1,null,,,,
IDA7743,3556,Persona,Perpetrador,Hombre,Sin especificar,Sin especificar,"3556A, 3556B",,null,,,,
IDA7744,3556,Persona,Perpetrador,Hombre,Sin especificar,Sin especificar,"3556A, 3556B",,null,,,,
IDA7745,3556,Persona,Perpetrador,Hombre,Sin especificar,Sin especificar,"3556A, 3556B",,null,,,,
IDA7746,3556,Persona,Perpetrador,Mujer,Sin especificar,Sin especificar,"3556A, 3556B",,null,,,,
IDA7747,3556,Persona,Víctima,Mujer,Sin especificar,Sin especificar,"3556A, 3556B",,null,,,,
IDA7748,3561,Persona,Perpetrador,Hombre,Sin especificar,Sin especificar,3561A,,null,,,,
IDA7749,3562,Persona,Perpetrador,Hombre,Sin especificar,Sin especificar,3562A,,null,,,,
IDA7750,3562,Persona,Perpetrador,Mujer,Sin especificar,Sin especificar,3562A,,null,,,,
IDA7751,3567,Persona,Perpetrador,Hombre,Sin especificar,Sin especificar,3567A,,null,,,,
IDA7752,3567,Persona,Perpetrador,Mujer,Sin especificar,Sin especificar,3567A,,null,,,,
IDA7753,3568,Persona,Perpetrador,Hombre,Sin especificar,Sin especificar,3568A,,null,,,,
IDA7754,3568,Persona,Víctima,Hombre,Sin especificar,Sin especificar,3568A,,null,,,,
IDA7755,3569,Persona,Perpetrador,Hombre,Sin especificar,Sin especificar,3569A,,null,,,,
IDA7756,3569,Persona,Víctima,Hombre,Sin especificar,Político del Estado,3569A,,null,,,,
IDA7757,3570,Persona,Perpetrador,Hombre,Sin especificar,Sin especificar,3570A,,null,,,,
IDA7758,3570,Persona,Víctima,Hombre,Sin especificar,Sin especificar,3570A,,null,,,,
IDA7759,3571,Persona,Perpetrador,Hombre,Sin especificar,Sin especificar,3571A,,null,,,,
IDA7760,3571,Persona,Víctima,Mujer,Sin especificar,Sin especificar,3571A,,null,,,,
IDA7761,3572,Persona,Perpetrador,Hombre,Sin especificar,Sin especificar,3572A,,null,,,,
IDA7762,3572,Persona,Víctima,Mujer,Sin especificar,Sin especificar,3572A,,null,,,,
IDA7763,3573,Persona,Perpetrador,Hombre,Sin especificar,Sin especificar,3573A,,null,,,,
IDA7764,3573,Persona,Víctima,Hombre,Sin especificar,Sin especificar,3573A,,null,,,,
IDA7765,3574,Persona,Perpetrador,Hombre,Sin especificar,Sin especificar,3574A,,null,,,,
IDA7766,3574,Persona,Perpetrador,Hombre,Sin especificar,Sin especificar,3574A,,null,,,,
IDA7767,3574,Persona,Víctima,Hombre,Sin especificar,Sin especificar,3574A,,null,,,,
IDA7768,3575,Persona,Perpetrador,Hombre,Sin especificar,Sin especificar,3575A,,null,,,,
IDA7769,3575,Persona,Perpetrador,Hombre,Sin especificar,Sin especificar,3575A,,null,,,,
IDA7770,3575,Persona,Víctima,Hombre,Sin especificar,Sin especificar,3575A,,null,,,,
IDA7771,3576,Persona,Perpetrador,Hombre,Sin especificar,Sin especificar,3576A,,null,,,,
IDA7772,3576,Persona,Víctima,Hombre,Sin especificar,Sin especificar,3576A,,null,,,,
IDA7773,3577,Persona,Perpetrador,Mujer,Sin especificar,Sin especificar,3577A,,null,,,,
IDA7774,3577,Persona,Víctima,Hombre,Sin especificar,Sin especificar,3577A,,null,,,,
IDA7775,3577,Persona,Perpetrador,Hombre,Sin especificar,Sin especificar,3577A,,null,,,,
IDA7776,3578,Persona,Perpetrador,Hombre,Indígenas,Sin especificar,3578A,,null,,,,
IDA7777,3578,Persona,Víctima,Hombre,Sin especificar,Sin especificar,3578A,,null,,,,
IDA7778,3580,Persona,Perpetrador,Hombre,Sin especificar,Sin especificar,3580A,,null,,,,
IDA7779,3580,Persona,Víctima,Hombre,Sin especificar,Sin especificar,3580A,,null,,,,
IDA7780,3581,Persona,Perpetrador,Hombre,Sin especificar,Sin especificar,3581A,,null,,,,
IDA7781,3581,Persona,Víctima,Hombre,Sin especificar,Sin especificar,3581A,,null,,,,
IDA7782,3582,Persona,Perpetrador,Hombre,Sin especificar,Sin especificar,3582A,,null,,,,
IDA7783,3582,Persona,Víctima,Hombre,Sin especificar,Sin especificar,3582A,,null,,,,
IDA7784,3583,Persona,Perpetrador,Hombre,Sin especificar,Sin especificar,3583A,,null,,,,
IDA7785,3583,Persona,Víctima,Indeterminado,Indeterminado,Indeterminado,3583A,1,null,,,,
IDA7786,3584,Persona,Perpetrador,Hombre,Sin especificar,Sin especificar,3584A,,null,,,,
IDA7787,3584,Persona,Víctima,Hombre,Sin especificar,Sin especificar,3584A,,null,,,,
IDA7788,3585,Persona,Perpetrador,Hombre,Sin especificar,Sin especificar,3585A,,null,,,,
IDA7789,3585,Persona,Perpetrador,Mujer,Sin especificar,Sin especificar,3585A,,null,,,,
IDA7790,3586,Persona,Perpetrador,Hombre,Sin especificar,Sin especificar,3586A,,null,,,,
IDA7791,3586,Persona,Víctima,Mujer,Sin especificar,Sin especificar,3586A,,null,,,,
IDA7792,3587,Persona,Perpetrador,Hombre,Sin especificar,Sin especificar,3587A,,null,,,,
IDA7793,3587,Persona,Víctima,Hombre,Sin especificar,Político del Estado,3587A,,null,,,,
IDA7794,3588,Persona,Perpetrador,Hombre,Sin especificar,Sin especificar,3588A,,null,,,,
IDA7795,3588,Persona,Perpetrador,Hombre,Sin especificar,Sin especificar,3588A,,null,,,,
IDA7796,3588,Persona,Perpetrador,Hombre,Sin especificar,Sin especificar,3588A,,null,,,,
IDA7797,3588,Persona,Víctima,Mujer,Sin especificar,Sin especificar,3588A,,null,,,,
IDA7798,3589,Persona,Perpetrador,Hombre,Sin especificar,Político del Estado,3589A,,null,,,,
IDA7799,3589,Persona,Víctima,Hombre,Sin especificar,Político del Estado,3589A,,null,,,,
IDA7800,3590,Persona,Perpetrador,Hombre,Sin especificar,Sin especificar,3590A,,null,,,,
IDA7801,3590,Persona,Víctima,Hombre,Sin especificar,Sin especificar,3590A,,null,,,,
IDA7802,3591,Persona,Perpetrador,Hombre,Sin especificar,Sin especificar,3591A,,null,,,,
IDA7803,3591,Persona,Perpetrador,Hombre,Sin especificar,Sin especificar,3591A,,null,,,,
IDA7804,3591,Persona,Víctima,Indeterminado,Indeterminado,Indeterminado,3591A,1,null,,,,
IDA7805,3592,Persona,Perpetrador,Hombre,Sin especificar,Sin especificar,3592A,,null,,,,
IDA7806,3592,Persona,Víctima,Indeterminado,Indeterminado,Indeterminado,3592A,1,null,,,,
IDA7807,3593,Persona,Perpetrador,Hombre,Sin especificar,Sin especificar,3593A,,null,,,,
IDA7808,3593,Persona,Víctima,Hombre,Sin especificar,Sin especificar,3593A,,null,,,,
IDA7809,3594,Persona,Perpetrador,Hombre,Sin especificar,Sin especificar,3594A,,null,,,,
IDA7810,3594,Persona,Víctima,Mujer,Sin especificar,Sin especificar,3594A,,null,,,,
IDA7811,3595,Persona,Perpetrador,Hombre,Sin especificar,Sin especificar,3595A,,null,,,,
IDA7812,3595,Persona,Víctima,Hombre,Sin especificar,Sin especificar,3595A,,null,,,,
IDA7813,3596,Persona,Perpetrador,Hombre,Sin especificar,Sin especificar,"3596A, 3596B",,null,,,,
IDA7814,3596,Persona,Víctima,Indeterminado,Indeterminado,Indeterminado,"3596A, 3596B",1,null,,,,
IDA7815,3597,Persona,Perpetrador,Hombre,Sin especificar,Sin especificar,3597A,,null,,,,
IDA7816,3597,Persona,Víctima,Hombre,Sin especificar,Sin especificar,3597A,,null,,,,
IDA7817,3598,Persona,Perpetrador,Hombre,Sin especificar,Sin especificar,3598A,,null,,,,
IDA7818,3598,Persona,Víctima,Mujer,Sin especificar,Sin especificar,3598A,,null,,,,
IDA7819,3599,Persona,Perpetrador,Hombre,Indígenas,Sin especificar,3599A,,null,,,,
IDA7820,3599,Persona,Perpetrador,Hombre,Indígenas,Sin especificar,3599A,,null,,,,
IDA7821,3599,Persona,Víctima,Hombre,Sin especificar,Sin especificar,3599A,,null,,,,
IDA7822,3600,Persona,Perpetrador,Hombre,Sin especificar,Sin especificar,3600A,,null,,,,
IDA7823,3600,Persona,Perpetrador,Hombre,Sin especificar,Sin especificar,3600A,,null,,,,
IDA7824,3600,Persona,Víctima,Hombre,Sin especificar,Sin especificar,3600A,,null,,,,
IDA7825,3601,Persona,Perpetrador,Hombre,Sin especificar,Sin especificar,3601A,,null,,,,
IDA7826,3601,Persona,Víctima,Hombre,Sin especificar,Sin especificar,3601A,,null,,,,
IDA7827,3602,Persona,Perpetrador,Hombre,Sin especificar,Sin especificar,"3602A, 3602B",,null,,,,
IDA7828,3602,Institución,Víctima,null,null,null,3602A,,La autoridad,,,,
IDA7829,3602,Persona,Perpetrador,Mujer,Sin especificar,Sin especificar,3602B,,null,,,,
IDA7830,3602,Institución,Perpetrador,null,null,null,3602C,1,La justicia/jueces,,,,
IDA7831,3602,Persona,Víctima,Hombre,Sin especificar,Sin especificar,3602C,,null,,,,
IDA7832,3602,Persona,Perpetrador,Hombre,Sin especificar,Sin especificar,"3602B, 3602A",,null,,,,
IDA7833,3602,Persona,Perpetrador,Mujer,Sin especificar,Sin especificar,3602B,,null,,,,
IDA7834,3602,Institución,Perpetrador,null,null,null,3602C,1,La autoridad,,,,
IDA7835,3602,Persona,Víctima,Hombre,Sin especificar,Sin especificar,3602C,,null,,,,
IDA7836,3602,Institución,Víctima,null,null,null,3602A,,La autoridad,,,,
IDA7837,3604,Persona,Perpetrador,Hombre,Sin especificar,Sin especificar,3604A,,null,,,,
IDA7838,3604,Persona,Perpetrador,Mujer,Sin especificar,Sin especificar,3604A,,null,,,,
IDA7839,3605,Persona,Perpetrador,Mujer,Sin especificar,Sin especificar,"3605A, 3605B",,null,,,,
IDA7840,3605,Persona,Víctima,Hombre,Sin especificar,Sin especificar,3605A,,null,,,,
IDA7841,3605,Persona,Víctima,Indeterminado,Indeterminado,Indeterminado,3605B,1,null,,,,
IDA7842,3605,Persona,Víctima,Indeterminado,Indeterminado,Indeterminado,3605B,1,null,,,,
IDA7843,3606,Persona,Perpetrador,Hombre,Sin especificar,Sin especificar,3606A,,null,,,,
IDA7844,3606,Persona,Víctima,Hombre,Sin especificar,Sin especificar,3606A,,null,,,,
IDA7845,3607,Persona,Perpetrador,Hombre,Sin especificar,Sin especificar,3607A,,null,,,,
IDA7846,3607,Persona,Perpetrador,Hombre,Sin especificar,Sin especificar,3607A,,null,,,,
IDA7847,3608,Persona,Perpetrador,Hombre,Sin especificar,Sin especificar,3608A,,null,,,,
IDA7848,3608,Persona,Víctima,Indeterminado,Indeterminado,Indeterminado,3608A,1,null,,,,
IDA7849,3609,Persona,Perpetrador,Hombre,Sin especificar,Sin especificar,3609A,,null,,,,
IDA7850,3609,Persona,Perpetrador,Mujer,Sin especificar,Sin especificar,3609A,,null,,,,
IDA7851,3610,Persona,Perpetrador,Hombre,Sin especificar,Sin especificar,3610A,,null,,,,
IDA7852,3610,Persona,Perpetrador,Hombre,Sin especificar,Sin especificar,3610A,,null,,,,
IDA7853,3610,Persona,Víctima,Indeterminado,Indeterminado,Indeterminado,3610A,1,null,,,,
IDA7854,3613,Persona,Perpetrador,Hombre,Sin especificar,Sin especificar,3613A,,null,,,,
IDA7855,3613,Persona,Víctima,Hombre,Sin especificar,Sin especificar,3613A,,null,,,,
IDA7856,3614,Persona,Perpetrador,Hombre,Sin especificar,Sin especificar,3614A,,null,,,,
IDA7857,3614,Persona,Víctima,Hombre,Sin especificar,Sin especificar,3614A,,null,,,,
IDA7858,3615,Persona,Perpetrador,Hombre,Sin especificar,Sin especificar,"3615A, 3615B, 3615C",,null,,,,
IDA7859,3615,Persona,Víctima,Mujer,Sin especificar,Sin especificar,"3615A, 3615C",,null,,,,
IDA7860,3615,Persona,Perpetrador,Mujer,Sin especificar,Sin especificar,"3615B, 3615C",,null,,,,
IDA7861,3616,Persona,Perpetrador,Hombre,Sin especificar,Sin especificar,3616A,,null,,,,
IDA7862,3616,Persona,Víctima,Hombre,Sin especificar,Sin especificar,3616A,,null,,,,
IDA7863,3617,Persona,Perpetrador,Hombre,Sin especificar,Sin especificar,3617A,,null,,,,
IDA7864,3617,Persona,Víctima,Hombre,Sin especificar,Sin especificar,3617A,,null,,,,
IDA7865,3617,Persona,Víctima,Hombre,Sin especificar,Sin especificar,3617A,,null,,,,
IDA7866,3618,Persona,Perpetrador,Hombre,Sin especificar,Sin especificar,3618A,,null,,,,
IDA7867,3618,Persona,Perpetrador,Mujer,Sin especificar,Sin especificar,3618A,,null,,,,
IDA7868,3618,Persona,Perpetrador,Mujer,Sin especificar,Sin especificar,3618A,,null,,,,
IDA7869,3619,Persona,Perpetrador,Hombre,Sin especificar,Sin especificar,3619A,,null,,,,
IDA7870,3619,Persona,Víctima,Mujer,Sin especificar,Sin especificar,3619A,,null,,,,
IDA7871,3620,Persona,Perpetrador,Hombre,Sin especificar,Sin especificar,3620A,,null,,,,
IDA7872,3620,Persona,Víctima,Indeterminado,Indeterminado,Indeterminado,3620A,1,null,,,,
IDA7873,3621,Persona,Perpetrador,Hombre,Sin especificar,Sin especificar,3621A,,null,,,,
IDA7874,3621,Persona,Perpetrador,Hombre,Sin especificar,Sin especificar,3621A,,null,,,,
IDA7875,3621,Persona,Víctima,Indeterminado,Indeterminado,Indeterminado,3621A,1,null,,,,
IDA7876,3622,Persona,Perpetrador,Hombre,Sin especificar,Sin especificar,3622A,,null,,,,
IDA7877,3622,Persona,Víctima,Mujer,Sin especificar,Sin especificar,3622A,,null,,,,
IDA7878,3623,Persona,Perpetrador,Hombre,Sin especificar,Sin especificar,3623A,,null,,,,
IDA7879,3623,Persona,Víctima,Indeterminado,Indeterminado,Indeterminado,3623A,1,null,,,,
IDA7880,3624,Persona,Perpetrador,Hombre,Sin especificar,Sin especificar,3624A,,null,,,,
IDA7881,3624,Persona,Víctima,Indeterminado,Indeterminado,Indeterminado,3624A,,null,,,,
IDA7882,3625,Persona,Perpetrador,Hombre,Sin especificar,Sin especificar,3625A,,null,,,,
IDA7883,3625,Persona,Víctima,Hombre,Sin especificar,Sin especificar,3625A,,null,,,,
IDA7884,3626,Persona,Perpetrador,Hombre,Sin especificar,Sin especificar,3626A,,null,,,,
IDA7885,3626,Persona,Perpetrador,Mujer,Sin especificar,Sin especificar,3626A,,null,,,,
IDA7886,3627,Persona,Perpetrador,Hombre,Sin especificar,Sin especificar,"3627A, 3627B",,null,,,,
IDA7887,3627,Persona,Perpetrador,Hombre,Sin especificar,Sin especificar,"3627A, 3627B",,null,,,,
IDA7888,3627,Persona,Víctima,Hombre,Sin especificar,Sin especificar,"3627A, 3627B",,null,,,,
IDA7889,3628,Persona,Perpetrador,Hombre,Sin especificar,Sin especificar,3628A,,null,,,,
IDA7890,3628,Persona,Perpetrador,Hombre,Sin especificar,Sin especificar,3628A,,null,,,,
IDA7891,3628,Persona,Víctima,Hombre,Sin especificar,Sin especificar,3628A,,null,,,,
IDA7892,3629,Persona,Perpetrador,Hombre,Sin especificar,Sin especificar,3629A,,null,,,,
IDA7893,3629,Persona,Víctima,Indeterminado,Indeterminado,Indeterminado,3629A,1,null,,,,
IDA7894,3630,Persona,Perpetrador,Hombre,Sin especificar,Sin especificar,3630A,,null,,,,
IDA7895,3630,Persona,Víctima,Hombre,Sin especificar,Político del Estado,3630A,,null,,,,
IDA7896,3631,Persona,Perpetrador,Hombre,Sin especificar,Sin especificar,3631A,,null,,,,
IDA7897,3631,Institución,Víctima,null,null,null,3631A,,La autoridad,,,,
IDA7898,3633,Persona,Perpetrador,Hombre,Sin especificar,Sin especificar,3633A,,null,,,,
IDA7899,3633,Persona,Víctima,Mujer,Sin especificar,Sin especificar,3633A,,null,,,,
IDA7900,3634,Persona,Perpetrador,Hombre,Sin especificar,Sin especificar,3634A,,null,,,,
IDA7901,3634,Persona,Víctima,Hombre,Sin especificar,Político del Estado,3634A,,null,,,,
IDA7902,3635,Persona,Perpetrador,Hombre,Sin especificar,Político del Estado,3635A,,null,,,,
IDA7903,3635,Persona,Víctima,Hombre,Sin especificar,Sin especificar,3635A,,null,,,,
IDA7904,3637,Persona,Perpetrador,Mujer,Sin especificar,Sin especificar,3637A,,null,,1,,
IDA7905,3637,Persona,Víctima,Mujer,Sin especificar,Sin especificar,"3637A, 3637B",,null,,1,,
IDA7906,3637,Persona,Perpetrador,Hombre,Sin especificar,Sin especificar,3637B,,null,,1,,
IDA7907,3638,Persona,Perpetrador,Hombre,Sin especificar,Sin especificar,3638A,,null,,,,
IDA7908,3638,Persona,Víctima,Hombre,Sin especificar,Sin especificar,3638A,,null,,,,
IDA7909,3639,Persona,Perpetrador,Hombre,Sin especificar,Sin especificar,3639A,,null,,,,
IDA7910,3639,Persona,Perpetrador,Mujer,Sin especificar,Sin especificar,3639A,,null,,,,
IDA7911,3639,Persona,Perpetrador,Mujer,Sin especificar,Sin especificar,3639A,,null,,,,
IDA7912,3639,Persona,Víctima,Hombre,Sin especificar,Sin especificar,3639A,,null,,,,
IDA7913,3640,Persona,Perpetrador,Hombre,Sin especificar,Sin especificar,"3640A, 3640B",,null,,,,
IDA7914,3640,Persona,Víctima,Mujer,Sin especificar,Sin especificar,3640A,,null,,,,
IDA7915,3641,Persona,Perpetrador,Hombre,Sin especificar,Sin especificar,3641A,,null,,,,
IDA7916,3641,Persona,Víctima,Mujer,Sin especificar,Sin especificar,3641A,,null,,,,
IDA7917,3642,Persona,Perpetrador,Hombre,Sin especificar,Sin especificar,"3642A, 3642B",,null,,,,
IDA7918,3642,Persona,Víctima,Hombre,Sin especificar,Político del Estado,3642B,,null,,,,
IDA7919,3643,Persona,Perpetrador,Hombre,Sin especificar,Sin especificar,3643A,,null,,,,
IDA7920,3643,Persona,Víctima,Hombre,Sin especificar,Sin especificar,3643A,,null,,,,
IDA7921,3644,Persona,Perpetrador,Hombre,Sin especificar,Sin especificar,"3644A, 3644B, 3644C",,null,,,,
IDA7922,3644,Persona,Víctima,Mujer,Sin especificar,Sin especificar,3644A,,null,,,,
IDA7923,3644,Persona,Perpetrador,Mujer,Sin especificar,Sin especificar,"3644B, 3644C",,null,,,,
IDA7924,3644,Persona,Víctima,Hombre,Sin especificar,Sin especificar,3644C,,null,,,,
IDA7925,3644,Persona,Víctima,Mujer,Sin especificar,Sin especificar,3644C,,null,,,,
IDA7926,3645,Persona,Perpetrador,Hombre,Sin especificar,Sin especificar,3645A,,null,,1,,
IDA7927,3645,Persona,Víctima,Hombre,Sin especificar,Sin especificar,"3645A, 3645B, 3645C",,null,,1,,
IDA7928,3645,Persona,Perpetrador,Hombre,Sin especificar,Político del Estado,"3645B, 3645C",,null,,1,,
IDA7929,3646,Persona,Perpetrador,Hombre,Sin especificar,Sin especificar,3646A,,null,,,,
IDA7930,3646,Persona,Víctima,Hombre,Sin especificar,Político del Estado,3646A,,null,,,,
IDA7931,3647,Persona,Perpetrador,Hombre,Sin especificar,Sin especificar,3647A,,null,,,,
IDA7932,3647,Persona,Perpetrador,Mujer,Sin especificar,Sin especificar,3647A,,null,,,,
IDA7933,3648,Persona,Perpetrador,Hombre,Sin especificar,Sin especificar,"3648A, 3648B",,null,,,,
IDA7934,3648,Persona,Víctima,Mujer,Sin especificar,Sin especificar,3648A,,null,,,,
IDA7935,3648,Institución,Víctima,null,null,null,3648B,,La autoridad,,,,
IDA7936,3649,Persona,Perpetrador,Hombre,Sin especificar,Sin especificar,3649A,,null,,,,
IDA7937,3649,Persona,Víctima,Hombre,Sin especificar,Sin especificar,3649A,,null,,,,
IDA7938,3650,Persona,Perpetrador,Hombre,Sin especificar,Sin especificar,"3650A, 3650B",1,null,,,,
IDA7939,3650,Persona,Víctima,Hombre,Sin especificar,Sin especificar,3650A,,null,,,,
IDA7940,3650,Persona,Víctima,Mujer,Sin especificar,Sin especificar,3650A,,null,,,,
IDA7941,3650,Institución,Víctima,null,null,null,3650B,,La autoridad,,,,
IDA7942,3651,Persona,Perpetrador,Hombre,Sin especificar,Sin especificar,3651A,,null,,,,
IDA7943,3651,Persona,Víctima,Mujer,Sin especificar,Sin especificar,3651A,,null,,,,
IDA7944,3652,Persona,Perpetrador,Hombre,Sin especificar,Sin especificar,3652A,,null,,,,
IDA7945,3652,Persona,Víctima,Indeterminado,Indeterminado,Indeterminado,3652A,1,null,,,,
IDA7946,3653,Persona,Perpetrador,Hombre,Sin especificar,Sin especificar,3653A,,null,,,,
IDA7947,3653,Población Completa,Víctima,null,null,null,3653A,,null,,,,
IDA7948,3655,Persona,Perpetrador,Hombre,Sin especificar,Sin especificar,"3655A, 3655B, 3655C, 3655D",,null,,,,
IDA7949,3655,Persona,Perpetrador,Mujer,Sin especificar,Sin especificar,"3655A, 3655B",,null,,,,
IDA7950,3655,Persona,Víctima,Mujer,Sin especificar,Sin especificar,"3655B, 3655C",,null,,,,
IDA7951,3655,Persona,Víctima,Indeterminado,Indeterminado,Indeterminado,3655D,1,null,,,,
IDA7952,3658,Persona,Perpetrador,Hombre,Sin especificar,Sin especificar,3658A,,null,,,,
IDA7953,3658,Persona,Víctima,Hombre,Sin especificar,Sin especificar,3658A,,null,,,,
IDA7954,3659,Persona,Perpetrador,Hombre,Sin especificar,Sin especificar,3659A,,null,,,,
IDA7955,3659,Persona,Víctima,Mujer,Sin especificar,Sin especificar,3659A,,null,,,,
IDA7956,3660,Persona,Perpetrador,Hombre,Sin especificar,Sin especificar,3660A,,null,,,,
IDA7957,3660,Persona,Víctima,Hombre,Sin especificar,Fuerza armada,3660A,,null,,,,
IDA7958,3661,Persona,Perpetrador,Hombre,Sin especificar,Sin especificar,"3661A, 3661B, 3661C",,null,,,,
IDA7959,3661,Persona,Víctima,Indeterminado,Indeterminado,Indeterminado,3661A,,null,,,,
IDA7960,3661,Persona,Perpetrador,Mujer,Sin especificar,Sin especificar,3661B,,null,,,,
IDA7961,3662,Persona,Perpetrador,Indeterminado,Indeterminado,Indeterminado,3662A,1,null,,,,
IDA7962,3662,Persona,Víctima,Mujer,Sin especificar,Sin especificar,3662A,1,null,,,,
IDA7963,3662,Persona,Víctima,Mujer,Sin especificar,Sin especificar,3662A,1,null,,,,
IDA7964,3662,Persona,Víctima,Mujer,Sin especificar,Sin especificar,3662A,1,null,,,,
IDA7965,3663,Persona,Perpetrador,Hombre,Sin especificar,Sin especificar,3663A,,null,,,,
IDA7966,3663,Persona,Perpetrador,Mujer,Sin especificar,Sin especificar,3663A,,null,,,,
IDA7967,3663,Persona,Víctima,Hombre,Sin especificar,Político del Estado,3663A,,null,,,,
IDA7968,3664,Persona,Perpetrador,Hombre,Sin especificar,Sin especificar,3664A,,null,,,,
IDA7969,3665,Persona,Perpetrador,Hombre,Sin especificar,Sin especificar,3665A,,null,,,,
IDA7970,3665,Persona,Víctima,Mujer,Sin especificar,Sin especificar,3665A,,null,,,,
IDA7971,3666,Persona,Perpetrador,Hombre,Sin especificar,Político del Estado,3666A,,null,,,,
IDA7972,3666,Persona,Perpetrador,Hombre,Sin especificar,Político del Estado,3666A,,null,,,,
IDA7973,3667,Persona,Perpetrador,Hombre,Sin especificar,Sin especificar,"3667A, 3667B",,null,,,,
IDA7974,3667,Persona,Víctima,Indeterminado,Indeterminado,Indeterminado,3667A,1,null,,,,
IDA7975,3668,Persona,Perpetrador,Hombre,Sin especificar,Sin especificar,3668A,,null,,,,
IDA7976,3670,Persona,Perpetrador,Hombre,Sin especificar,Sin especificar,3670A,,null,,,,
IDA7977,3670,Persona,Víctima,Mujer,Sin especificar,Sin especificar,3670A,,null,,,,
IDA7978,3671,Persona,Perpetrador,Hombre,Sin especificar,Sin especificar,3671A,1,null,,,,
IDA7979,3671,Persona,Perpetrador,Hombre,Sin especificar,Sin especificar,3671A,1,null,,,,
IDA7980,3671,Persona,Víctima,Indeterminado,Indeterminado,Indeterminado,3671A,1,null,,,,
IDA7981,3672,Persona,Perpetrador,Hombre,Sin especificar,Sin especificar,3672A,,null,,,,
IDA7982,3672,Persona,Víctima,Hombre,Sin especificar,Sin especificar,3672A,,null,,,,
IDA7983,3673,Persona,Perpetrador,Hombre,Sin especificar,Político del Estado,3673A,,null,,,,
IDA7984,3673,Persona,Víctima,Mujer,Indígenas,Sin especificar,3673A,,null,,,,
IDA7985,3674,Persona,Perpetrador,Hombre,Sin especificar,Sin especificar,3674A,,null,,,,
IDA7986,3674,Persona,Víctima,Hombre,Sin especificar,Sin especificar,3674A,,null,,,,
IDA7987,3675,Persona,Perpetrador,Hombre,Indígenas,Sin especificar,3675A,,null,,,,
IDA7988,3675,Persona,Víctima,Indeterminado,Indeterminado,Indeterminado,3675A,1,null,,,,
IDA7989,3676,Persona,Perpetrador,Hombre,Sin especificar,Sin especificar,"3676A, 3676B",,null,,,,
IDA7990,3676,Persona,Víctima,Hombre,Sin especificar,Sin especificar,"3676A, 3676B",,null,,,,
IDA7991,3677,Persona,Perpetrador,Hombre,Sin especificar,Sin especificar,3677A,,null,,,,
IDA7992,3677,Persona,Víctima,Hombre,Sin especificar,Eclesiástico,3677A,,null,,,,
IDA7993,3678,Persona,Perpetrador,Hombre,Sin especificar,Sin especificar,3678A,,null,,,,
IDA7994,3678,Persona,Víctima,Hombre,Sin especificar,Sin especificar,3678A,,null,,,,
IDA7995,3679,Persona,Perpetrador,Hombre,Sin especificar,Sin especificar,"3679A, 3679B",,null,,,,
IDA7996,3679,Persona,Perpetrador,Hombre,Sin especificar,Sin especificar,3679B,,null,,,,
IDA7997,3679,Persona,Víctima,Hombre,Sin especificar,Político del Estado,3679B,,null,,,,
IDA7998,3680,Persona,Perpetrador,Hombre,Sin especificar,Sin especificar,3680A,,null,,,,
IDA7999,3680,Institución,Víctima,null,null,null,3680A,,Iglesia,,,,
IDA8000,3681,Persona,Perpetrador,Hombre,Sin especificar,Sin especificar,"3681A, 3681B",,null,,,,
IDA8001,3682,Persona,Perpetrador,Hombre,Sin especificar,Sin especificar,3682A,,null,,,,
IDA8002,3682,Persona,Perpetrador,Mujer,Sin especificar,Sin especificar,3682A,,null,,,,
IDA8003,3684,Persona,Perpetrador,Hombre,Sin especificar,Sin especificar,3684A,,null,,,,
IDA8004,3684,Persona,Víctima,Indeterminado,Indeterminado,Indeterminado,3684A,1,null,,,,
IDA8005,3685,Persona,Perpetrador,Hombre,Sin especificar,Sin especificar,"3685A, 3685B",,null,,,,
IDA8006,3685,Persona,Perpetrador,Hombre,Sin especificar,Sin especificar,"3685A, 3685B",,null,,,,
IDA8007,3686,Persona,Perpetrador,Hombre,Sin especificar,Sin especificar,"3686A, 3686B",1,null,,,,
IDA8008,3686,Persona,Perpetrador,Mujer,Sin especificar,Sin especificar,"3686A, 3686B",1,null,,,,
IDA8009,3686,Persona,Perpetrador,Mujer,Sin especificar,Sin especificar,3686A,1,null,,,,
IDA8010,3686,Persona,Víctima,Mujer,Sin especificar,Sin especificar,3686B,,null,,,,
IDA8011,3687,Persona,Perpetrador,Hombre,Sin especificar,Sin especificar,"3687A, 3687B",1,null,,,,
IDA8012,3687,Persona,Perpetrador,Mujer,Sin especificar,Sin especificar,"3687A, 3687B",1,null,,,,
IDA8013,3687,Persona,Perpetrador,Mujer,Sin especificar,Sin especificar,3687A,1,null,,,,
IDA8014,3687,Persona,Víctima,Mujer,Sin especificar,Sin especificar,3687B,,null,,,,
IDA8015,3688,Persona,Perpetrador,Hombre,Sin especificar,Sin especificar,"3688A, 3688B",,null,,,,
IDA8016,3688,Persona,Víctima,Mujer,Sin especificar,Sin especificar,"3688A, 3688B",,null,,,,
IDA8017,3689,Persona,Perpetrador,Hombre,Indígenas,Sin especificar,3689A,1,null,,,,
IDA8018,3689,Persona,Perpetrador,Hombre,Indígenas,Sin especificar,3689A,1,null,,,,
IDA8019,3689,Persona,Perpetrador,Hombre,Indígenas,Sin especificar,3689A,1,null,,,,
IDA8020,3689,Persona,Perpetrador,Hombre,Indígenas,Sin especificar,3689A,1,null,,,,
IDA8021,3689,Persona,Perpetrador,Hombre,Indígenas,Sin especificar,3689A,1,null,,,,
IDA8022,3689,Persona,Perpetrador,Hombre,Indígenas,Sin especificar,3689A,1,null,,,,
IDA8023,3689,Persona,Víctima,Mujer,Sin especificar,Sin especificar,3689A,,null,,,,
IDA8024,3689,Persona,Víctima,Mujer,Sin especificar,Sin especificar,3689A,,null,,,,
IDA8025,3689,Persona,Víctima,Mujer,Sin especificar,Sin especificar,3689A,,null,,,,
IDA8026,3690,Persona,Perpetrador,Hombre,Sin especificar,Sin especificar,3690A,,null,,,,
IDA8027,3690,Persona,Perpetrador,Hombre,Sin especificar,Sin especificar,3690A,,null,,,,
IDA8028,3690,Persona,Víctima,Indeterminado,Indeterminado,Indeterminado,3690A,1,null,,,,
IDA8029,3692,Persona,Perpetrador,Hombre,Sin especificar,Sin especificar,3692A,,null,,,,
IDA8030,3692,Persona,Víctima,Hombre,Sin especificar,Sin especificar,3692A,,null,,,,
IDA8031,3693,Persona,Perpetrador,Hombre,Sin especificar,Político del Estado,"3693A, 3693B",,null,,,,
IDA8032,3693,Persona,Víctima,Hombre,Sin especificar,Sin especificar,"3693A, 3693B",,null,,,,
IDA8033,3694,Persona,Perpetrador,Hombre,Sin especificar,Sin especificar,3694A,,null,,,,
IDA8034,3694,Persona,Víctima,Hombre,Sin especificar,Fuerza armada,3694A,,null,,,,
IDA8035,3695,Persona,Perpetrador,Hombre,Sin especificar,Sin especificar,3695A,,null,,,,
IDA8036,3695,Persona,Víctima,Hombre,Sin especificar,Fuerza armada,3695A,,null,,,,
IDA8037,3696,Persona,Perpetrador,Hombre,Sin especificar,Sin especificar,3696A,,null,,,,
IDA8038,3696,Institución,Víctima,null,null,null,3696A,,Iglesia,,,,
IDA8039,3697,Persona,Perpetrador,Hombre,Sin especificar,Político del Estado,3697A,,null,,,,
IDA8040,3697,Población Indígena Completa,Víctima,null,null,null,3697A,,null,,,,
IDA8041,3698,Persona,Perpetrador,Hombre,Sin especificar,Eclesiástico,3698A,,null,,1,,
IDA8042,3698,Persona,Perpetrador,Hombre,Sin especificar,Político del Estado,"3698B, 3698C",,null,,1,,
IDA8043,3698,Persona,Víctima,Hombre,Sin especificar,Eclesiástico,"3698B, 3698C",,null,,1,,
IDA8044,3699,Persona,Perpetrador,Hombre,Sin especificar,Político del Estado,3699A,,null,,,,
IDA8045,3699,Persona,Víctima,Mujer,Sin especificar,Sin especificar,3699A,,null,,,,
IDA8046,3699,Persona,Víctima,Mujer,Sin especificar,Sin especificar,3699A,,null,,,,
IDA8047,3700,Persona,Perpetrador,Hombre,Sin especificar,Sin especificar,"3700A, 3700B, 3700C, 3700D",1,null,,,,
IDA8048,3700,Persona,Perpetrador,Indeterminado,Indeterminado,Indeterminado,"3700A, 3700B",1,null,,,,
IDA8049,3700,Persona,Víctima,Indeterminado,Indeterminado,Indeterminado,3700C,1,null,,,,
IDA8050,3700,Institución,Víctima,null,null,null,3700D,,La autoridad,,,,
IDA8051,3701,Persona,Perpetrador,Hombre,Sin especificar,Sin especificar,"3701A, 3701B",,null,,,,
IDA8052,3701,Persona,Víctima,Indeterminado,Indeterminado,Indeterminado,3701A,,null,,,,
IDA8053,3702,Persona,Perpetrador,Hombre,Sin especificar,Sin especificar,"3702A, 3702B, 3702C",,null,,,,
IDA8054,3702,Persona,Perpetrador,Mujer,Sin especificar,Sin especificar,"3702A, 3702C, 3702B",,null,,,,
IDA8055,3702,Persona,Perpetrador,Mujer,Sin especificar,Sin especificar,3702A,,null,,,,
IDA8056,3702,Persona,Víctima,Mujer,Sin especificar,Sin especificar,3702B,,null,,,,
IDA8057,3703,Persona,Perpetrador,Hombre,Sin especificar,Sin especificar,3703A,,null,,,,
IDA8058,3703,Institución,Víctima,null,null,null,3703A,,Iglesia,,,,
IDA8059,3704,Persona,Perpetrador,Hombre,Sin especificar,Sin especificar,"3704A, 3704B, 3704C, 3704D, 3704E",1,null,,,,
IDA8060,3704,Persona,Perpetrador,Mujer,Sin especificar,Sin especificar,"3704A, 3704B, 3704C",1,null,,,,
IDA8061,3704,Persona,Perpetrador,Hombre,Sin especificar,Sin especificar,"3704D, 3704E",,null,,,,
IDA8062,3704,Persona,Perpetrador,Hombre,Sin especificar,Sin especificar,"3704D, 3704E",,null,,,,
IDA8063,3704,Población Indígena Completa,Víctima,null,null,null,3704D,,null,,,,
IDA8064,3704,Persona,Víctima,Hombre,Sin especificar,Eclesiástico,3704E,1,null,,,,
IDA8065,3704,Persona,Víctima,Hombre,Sin especificar,Eclesiástico,3704E,1,null,,,,
IDA8066,3705,Persona,Perpetrador,Hombre,Sin especificar,Sin especificar,"3705A, 3705B, 3705C, 3705D",,null,,,,
IDA8067,3705,Persona,Perpetrador,Hombre,Sin especificar,Sin especificar,"3705A, 3705B, 3705C, 3705D",,null,,,,
IDA8068,3705,Persona,Víctima,Indeterminado,Indeterminado,Indeterminado,"3705A, 3705B, 3705C, 3705D",1,null,,,,
IDA8069,3707,Persona,Perpetrador,Hombre,Sin especificar,Sin especificar,3707A,,null,,,,
IDA8070,3707,Persona,Víctima,Hombre,Sin especificar,Sin especificar,3707A,,null,,,,
IDA8071,3708,Persona,Perpetrador,Hombre,Sin especificar,Sin especificar,"3708A, 3708B, 3708C",,null,,,,
IDA8072,3708,Persona,Perpetrador,Mujer,Sin especificar,Sin especificar,3708A,,null,,,,
IDA8073,3708,Institución,Víctima,null,null,null,3708C,,La autoridad,,,,
IDA8074,3710,Persona,Perpetrador,Hombre,Sin especificar,Sin especificar,3710A,,null,,,,
IDA8075,3710,Persona,Perpetrador,Mujer,Sin especificar,Sin especificar,3710A,,null,,,,
IDA8076,3711,Persona,Perpetrador,Hombre,Sin especificar,Sin especificar,3711A,,null,,,,
IDA8077,3711,Persona,Perpetrador,Mujer,Sin especificar,Sin especificar,3711A,,null,,,,
IDA8078,3712,Persona,Perpetrador,Hombre,Sin especificar,Sin especificar,3712A,,null,,,,
IDA8079,3712,Persona,Víctima,Indeterminado,Indeterminado,Indeterminado,3712A,1,null,,,,
IDA8080,3713,Persona,Perpetrador,Hombre,Sin especificar,Sin especificar,3713A,,null,,,,
IDA8081,3713,Persona,Víctima,Hombre,Sin especificar,Político del Estado,3713A,,null,,,,
IDA8082,3714,Persona,Perpetrador,Hombre,Sin especificar,Sin especificar,"3714A, 3714B, 3714C",,null,,,,
IDA8083,3714,Persona,Perpetrador,Mujer,Sin especificar,Sin especificar,"3714A, 3714B",,null,,,,
IDA8084,3714,Persona,Víctima,Mujer,Sin especificar,Sin especificar,"3714B, 3714C",,null,,,,
IDA8085,3715,Persona,Perpetrador,Hombre,Sin especificar,Sin especificar,3715A,,null,,,,
IDA8086,3715,Persona,Víctima,Indeterminado,Indeterminado,Indeterminado,3715A,1,null,,,,
IDA8087,3716,Persona,Perpetrador,Hombre,Sin especificar,Político del Estado,"3716A, 3716B, 3716C",,null,,,,
IDA8088,3716,Persona,Víctima,Hombre,Sin especificar,Político del Estado,"3716A, 3716B",1,null,,,,
IDA8089,3716,Persona,Víctima,Hombre,Sin especificar,Político del Estado,"3716A, 3716B",1,null,,,,
IDA8090,3716,Persona,Perpetrador,Hombre,Sin especificar,Político del Estado,3716C,,null,,,,
IDA8091,3716,Persona,Víctima,Hombre,Sin especificar,Sin especificar,3716C,,null,,,,
IDA8092,3717,Persona,Perpetrador,Hombre,Sin especificar,Sin especificar,3717A,,null,,,,
IDA8093,3717,Persona,Víctima,Indeterminado,Indeterminado,Indeterminado,3717A,1,null,,,,
IDA8094,3718,Persona,Perpetrador,Hombre,Sin especificar,Sin especificar,3718A,,null,,,,
IDA8095,3718,Persona,Víctima,Mujer,Sin especificar,Sin especificar,3718A,,null,,,,
IDA8096,3719,Persona,Perpetrador,Hombre,Sin especificar,Sin especificar,"3719A, 3719B",,null,,,,
IDA8097,3719,Persona,Víctima,Hombre,Sin especificar,Político del Estado,3719B,,null,,,,
IDA8098,3720,Persona,Perpetrador,Hombre,Sin especificar,Sin especificar,3720A,,null,,,,
IDA8099,3720,Persona,Perpetrador,Mujer,Sin especificar,Sin especificar,3720A,,null,,,,
IDA8100,3721,Persona,Perpetrador,Hombre,Sin especificar,Sin especificar,3721A,,null,,,,
IDA8101,3721,Persona,Víctima,Hombre,Sin especificar,Sin especificar,3721A,,null,,,,
IDA8102,3722,Persona,Perpetrador,Hombre,Sin especificar,Sin especificar,3722A,,null,,,,
IDA8103,3722,Persona,Víctima,Hombre,Sin especificar,Sin especificar,3722A,,null,,,,
IDA8104,3723,Persona,Perpetrador,Hombre,Sin especificar,Sin especificar,"3723A, 3723B",,null,,,,
IDA8105,3724,Persona,Perpetrador,Hombre,Sin especificar,Sin especificar,3724A,,null,,,,
IDA8106,3724,Institución,Víctima,null,null,null,3724A,,La autoridad,,,,
IDA8107,3725,Persona,Perpetrador,Hombre,Sin especificar,Sin especificar,3725A,,null,,,,
IDA8108,3725,Persona,Víctima,Mujer,Sin especificar,Sin especificar,3725A,,null,,,,
IDA8109,3727,Persona,Perpetrador,Hombre,Sin especificar,Sin especificar,3727A,,null,,,,
IDA8110,3727,Persona,Perpetrador,Hombre,Sin especificar,Sin especificar,3727A,,null,,,,
IDA8111,3727,Persona,Víctima,Hombre,Sin especificar,Sin especificar,3727A,,null,,,,
IDA8112,3728,Persona,Perpetrador,Hombre,Sin especificar,Sin especificar,"3728A, 3728B, 3728C, 3728D, 3728E, 3728F",,null,,,,
IDA8113,3728,Institución,Víctima,null,null,null,3728A,,La justicia/jueces,,,,
IDA8114,3728,Persona,Víctima,Hombre,Sin especificar,Eclesiástico,3728B,1,null,,,,
IDA8115,3728,Persona,Víctima,Hombre,Sin especificar,Eclesiástico,3728B,1,null,,,,
IDA8116,3728,Persona,Víctima,Hombre,Sin especificar,Sin especificar,3728D,,null,,,,
IDA8117,3729,Persona,Perpetrador,Hombre,Sin especificar,Sin especificar,"3729A, 3729B",,null,,,,
IDA8118,3729,Persona,Víctima,Hombre,Sin especificar,Político del Estado,3729A,,null,,,,
IDA8119,3730,Persona,Perpetrador,Hombre,Sin especificar,Sin especificar,3730A,,null,,,,
IDA8120,3730,Persona,Víctima,Hombre,Sin especificar,Político del Estado,3730A,,null,,,,
IDA8121,3731,Persona,Perpetrador,Mujer,Sin especificar,Sin especificar,3731A,,null,,,,
IDA8122,3731,Persona,Víctima,Hombre,Sin especificar,Sin especificar,3731A,,null,,,,
IDA8123,3731,Persona,Perpetrador,Hombre,Sin especificar,Sin especificar,3731A,,null,,,,
IDA8124,3732,Persona,Perpetrador,Hombre,Sin especificar,Sin especificar,3732A,,null,,,,
IDA8125,3732,Persona,Víctima,Hombre,Sin especificar,Sin especificar,3732A,,null,,,,
IDA8126,3733,Persona,Perpetrador,Hombre,Sin especificar,Sin especificar,"3733A, 3733B",,null,,,,
IDA8127,3733,Persona,Víctima,Hombre,Sin especificar,Sin especificar,"3733A, 3733B",,null,,,,
IDA8128,3734,Persona,Perpetrador,Hombre,Sin especificar,Sin especificar,3734A,,null,,,,
IDA8129,3734,Persona,Víctima,Hombre,Sin especificar,Político del Estado,3734A,,null,,,,
IDA8130,3735,Persona,Perpetrador,Hombre,Sin especificar,Sin especificar,3735A,,null,,,,
IDA8131,3735,Persona,Víctima,Mujer,Sin especificar,Sin especificar,3735A,,null,,,,
IDA8132,3736,Persona,Perpetrador,Hombre,Sin especificar,Sin especificar,3736A,,null,,,,
IDA8133,3736,Persona,Perpetrador,Hombre,Sin especificar,Sin especificar,3736A,,null,,,,
IDA8134,3736,Persona,Perpetrador,Mujer,Sin especificar,Sin especificar,3736A,,null,,,,
IDA8135,3736,Persona,Víctima,Indeterminado,Indeterminado,Indeterminado,3736A,1,null,,,,
IDA8136,3737,Persona,Perpetrador,Hombre,Sin especificar,Sin especificar,3737A,1,null,,,,
IDA8137,3737,Persona,Perpetrador,Indeterminado,Indeterminado,Indeterminado,3737A,1,null,,,,
IDA8138,3737,Persona,Perpetrador,Indeterminado,Indeterminado,Indeterminado,3737A,1,null,,,,
IDA8139,3737,Institución,Víctima,null,null,null,3737A,,La autoridad,,,,
IDA8140,3738,Persona,Perpetrador,Hombre,Sin especificar,Sin especificar,3738A,,null,,,,
IDA8141,3738,Persona,Perpetrador,Hombre,Sin especificar,Sin especificar,3738A,,null,,,,
IDA8142,3738,Persona,Víctima,Indeterminado,Indeterminado,Indeterminado,3738A,1,null,,,,
IDA8143,3739,Persona,Perpetrador,Hombre,Sin especificar,Sin especificar,3739A,,null,,,,
IDA8144,3739,Persona,Perpetrador,Hombre,Sin especificar,Sin especificar,3739A,,null,,,,
IDA8145,3739,Persona,Perpetrador,Hombre,Sin especificar,Sin especificar,3739A,,null,,,,
IDA8146,3739,Persona,Víctima,Hombre,Sin especificar,Sin especificar,3739A,,null,,,,
IDA8147,3740,Persona,Perpetrador,Hombre,Sin especificar,Sin especificar,3740A,,null,,,,
IDA8148,3740,Persona,Víctima,Hombre,Sin especificar,Sin especificar,3740A,,null,,,,
IDA8149,3741,Persona,Perpetrador,Hombre,Sin especificar,Sin especificar,"3741A, 3741B, 3741C, 3741D",,null,,,,
IDA8150,3741,Persona,Víctima,Mujer,Sin especificar,Sin especificar,"3741A, 3741C",,null,,,,
IDA8151,3741,Persona,Perpetrador,Mujer,Sin especificar,Sin especificar,"3741B, 3741C",,null,,,,
IDA8152,3741,Persona,Víctima,Indeterminado,Indeterminado,Indeterminado,3741D,1,null,,,,
IDA8153,3742,Persona,Perpetrador,Hombre,Sin especificar,Sin especificar,3742A,,null,,,,
IDA8154,3742,Persona,Víctima,Indeterminado,Indeterminado,Indeterminado,3742A,1,null,,,,
IDA8155,3743,Persona,Perpetrador,Hombre,Sin especificar,Sin especificar,3743A,,null,,,,
IDA8156,3743,Persona,Víctima,Indeterminado,Indeterminado,Indeterminado,3743A,1,null,,,,
IDA8157,3744,Persona,Perpetrador,Hombre,Sin especificar,Sin especificar,"3744A, 3744B",,null,,,,
IDA8158,3744,Persona,Perpetrador,Mujer,Sin especificar,Sin especificar,3744A,,null,,,,
IDA8159,3744,Persona,Víctima,Indeterminado,Indeterminado,Indeterminado,3744B,1,null,,,,
IDA8160,3745,Persona,Perpetrador,Hombre,Sin especificar,Sin especificar,3745A,,null,,,,
IDA8161,3745,Persona,Víctima,Hombre,Sin especificar,Sin especificar,3745A,,null,,,,
IDA8162,3746,Persona,Perpetrador,Hombre,Sin especificar,Político del Estado,3746A,,null,,,,
IDA8163,3746,Persona,Víctima,Mujer,Sin especificar,Sin especificar,3746A,,null,,,,
IDA8164,3747,Persona,Perpetrador,Hombre,Sin especificar,Fuerza armada,"3747A, 3747B, 3747C",,null,,,,
IDA8165,3747,Persona,Víctima,Hombre,Sin especificar,Político del Estado,"3747A, 3747B, 3747C",,null,,,,
IDA8166,3748,Persona,Perpetrador,Hombre,Sin especificar,Sin especificar,3748A,,null,,,,
IDA8167,3748,Persona,Víctima,Hombre,Sin especificar,Sin especificar,3748A,,null,,,,
IDA8168,3749,Persona,Perpetrador,Hombre,Sin especificar,Sin especificar,3749A,,null,,,,
IDA8169,3749,Persona,Víctima,Indeterminado,Indeterminado,Indeterminado,3749A,1,null,,,,
IDA8170,3750,Persona,Perpetrador,Hombre,Sin especificar,Sin especificar,3750A,,null,,,,
IDA8171,3750,Persona,Víctima,Hombre,Sin especificar,Político del Estado,3750A,,null,,,,
IDA8172,3751,Persona,Perpetrador,Hombre,Sin especificar,Sin especificar,3751A,,null,,,,
IDA8173,3751,Persona,Víctima,Mujer,Sin especificar,Sin especificar,3751A,,null,,,,
IDA8174,3752,Persona,Perpetrador,Hombre,Sin especificar,Sin especificar,"3752A, 3752B",,null,,,,
IDA8175,3752,Persona,Víctima,Indeterminado,Indeterminado,Indeterminado,3752A,1,null,,,,
IDA8176,3752,Persona,Víctima,Hombre,Sin especificar,Político del Estado,3752B,,null,,,,
IDA8177,3753,Persona,Perpetrador,Hombre,Sin especificar,Sin especificar,3753A,,null,,,,
IDA8178,3753,Persona,Perpetrador,Mujer,Sin especificar,Sin especificar,3753A,,null,,,,
IDA8179,3753,Persona,Perpetrador,Mujer,Sin especificar,Sin especificar,3753A,,null,,,,
IDA8180,3753,Persona,Perpetrador,Mujer,Sin especificar,Sin especificar,3753B,,null,,,,
IDA8181,3753,Persona,Víctima,Hombre,Sin especificar,Sin especificar,3753B,,null,,,,
IDA8182,3753,Persona,Perpetrador,Hombre,Sin especificar,Sin especificar,3753B,,null,,,,
IDA8183,3754,Persona,Perpetrador,Hombre,Sin especificar,Sin especificar,3754A,,null,,,,
IDA8184,3754,Persona,Perpetrador,Hombre,Sin especificar,Sin especificar,3754A,,null,,,,
IDA8185,3754,Persona,Víctima,Indeterminado,Indeterminado,Indeterminado,3754A,1,null,,,,
IDA8186,3755,Persona,Perpetrador,Hombre,Sin especificar,Sin especificar,3755A,,null,,,,
IDA8187,3755,Institución,Víctima,null,null,null,3755A,,Iglesia,,,,
IDA8188,3756,Persona,Perpetrador,Hombre,Sin especificar,Sin especificar,3756A,,null,,,,
IDA8189,3756,Institución,Víctima,null,null,null,3756A,,Iglesia,,,,
IDA8190,3757,Persona,Perpetrador,Hombre,Sin especificar,Sin especificar,3757A,,null,,,,
IDA8191,3757,Persona,Perpetrador,Mujer,Sin especificar,Sin especificar,3757A,,null,,,,
IDA8192,3757,Persona,Perpetrador,Mujer,Sin especificar,Sin especificar,3757B,,null,,,,
IDA8193,3757,Persona,Víctima,Hombre,Sin especificar,Sin especificar,3757B,,null,,,,
IDA8194,3757,Persona,Perpetrador,Hombre,Sin especificar,Sin especificar,3757B,,null,,,,
IDA8195,3758,Persona,Perpetrador,Hombre,Sin especificar,Sin especificar,3758A,,null,,,,
IDA8196,3758,Persona,Víctima,Indeterminado,Indeterminado,Indeterminado,3758A,1,null,,,,
IDA8197,3759,Persona,Perpetrador,Hombre,Sin especificar,Sin especificar,3759A,,null,,,,
IDA8198,3759,Persona,Víctima,Hombre,Sin especificar,Sin especificar,3759A,,null,,,,
IDA8199,3760,Persona,Perpetrador,Hombre,Sin especificar,Sin especificar,3760A,,null,,,,
IDA8200,3760,Persona,Víctima,Indeterminado,Indeterminado,Indeterminado,3760A,1,null,,,,
IDA8201,3761,Persona,Perpetrador,Hombre,Sin especificar,Sin especificar,3761A,,null,,,,
IDA8202,3761,Persona,Perpetrador,Hombre,Sin especificar,Sin especificar,3761A,,null,,,,
IDA8203,3762,Persona,Perpetrador,Hombre,Sin especificar,Sin especificar,3762A,,null,,,,
IDA8204,3762,Persona,Perpetrador,Mujer,Sin especificar,Sin especificar,3762A,,null,,,,
IDA8205,3763,Persona,Perpetrador,Hombre,Sin especificar,Sin especificar,"3763A, 3763B",,null,,1,,
IDA8206,3763,Persona,Víctima,Hombre,Sin especificar,Sin especificar,"3763A, 3763B",,null,,1,,
IDA8207,3764,Persona,Perpetrador,Hombre,Sin especificar,Sin especificar,3764A,,null,,,,
IDA8208,3764,Persona,Perpetrador,Hombre,Sin especificar,Sin especificar,3764A,,null,,,,
IDA8209,3764,Persona,Víctima,Indeterminado,Indeterminado,Indeterminado,3764A,1,null,,,,
IDA8210,3765,Persona,Perpetrador,Hombre,Sin especificar,Sin especificar,"3765A, 3765B, 3765C",,null,,,,
IDA8211,3772,Persona,Perpetrador,Hombre,Sin especificar,Sin especificar,3772A,,null,,,,
IDA8212,3772,Persona,Víctima,Indeterminado,Indeterminado,Indeterminado,3772A,1,null,,,,
IDA8213,3773,Persona,Perpetrador,Hombre,Sin especificar,Sin especificar,3773A,,null,,,,
IDA8214,3773,Persona,Víctima,Hombre,Indígenas,Sin especificar,3773A,,null,,,,
IDA8215,3773,Persona,Víctima,Hombre,Indígenas,Sin especificar,3773A,,null,,,,
IDA8216,3776,Persona,Perpetrador,Mujer,Sin especificar,Sin especificar,3776A,,null,,,,
IDA8217,3776,Persona,Víctima,Mujer,Sin especificar,Sin especificar,3776A,,null,,,,
IDA8218,3777,Persona,Perpetrador,Indeterminado,Indeterminado,Indeterminado,3777A,1,null,,,,
IDA8219,3777,Persona,Víctima,Mujer,Sin especificar,Sin especificar,3777A,,null,,,,
IDA8220,3778,Persona,Perpetrador,Hombre,Sin especificar,Sin especificar,3778A,,null,,,,
IDA8221,3778,Persona,Víctima,Hombre,Sin especificar,Sin especificar,3778A,,null,,,,
IDA8222,3779,Persona,Perpetrador,Hombre,Sin especificar,Sin especificar,3779A,,null,,,,
IDA8223,3779,Población Indígena Completa,Víctima,null,null,null,3779A,,null,,,,
IDA8224,3780,Persona,Perpetrador,Hombre,Indígenas,Sin especificar,3780A,,null,,,,
IDA8225,3780,Persona,Víctima,Indeterminado,Indeterminado,Indeterminado,3780A,1,null,,,,
IDA8226,3781,Persona,Perpetrador,Hombre,Sin especificar,Sin especificar,3781A,,null,,,,
IDA8227,3781,Población Indígena Completa,Víctima,null,null,null,3781A,,null,,,,
IDA8228,3782,Persona,Perpetrador,Hombre,Sin especificar,Sin especificar,"3782A, 3782B",,null,,,,
IDA8229,3782,Población Indígena Completa,Víctima,null,null,null,"3782A, 3782B",,null,,,,
IDA8230,3784,Persona,Perpetrador,Hombre,Sin especificar,Político del Estado,3784A,1,null,,,,
IDA8231,3784,Persona,Perpetrador,Hombre,Sin especificar,Sin especificar,3784A,1,null,,,,
IDA8232,3784,Persona,Perpetrador,Hombre,Sin especificar,Sirviente/lacayo,3784A,1,null,,,,
IDA8233,3784,Persona,Perpetrador,Indeterminado,Indeterminado,Indeterminado,3784A,1,null,,,,
IDA8234,3784,Persona,Perpetrador,Indeterminado,Indeterminado,Indeterminado,3784A,1,null,,,,
IDA8235,3784,Persona,Víctima,Hombre,Sin especificar,Eclesiástico,3784A,,null,,,,
IDA8236,3784,Persona,Perpetrador,Hombre,Sin especificar,Político del Estado,3784A,1,null,,,,
IDA8237,3784,Persona,Perpetrador,Hombre,Sin especificar,Sin especificar,3784A,1,null,,,,
IDA8238,3784,Persona,Perpetrador,Hombre,Sin especificar,Sirviente/lacayo,3784A,1,null,,,,
IDA8239,3785,Persona,Perpetrador,Hombre,Sin especificar,Sin especificar,"3785A, 3785B",,null,,,,
IDA8240,3785,Persona,Víctima,Hombre,Sin especificar,Sin especificar,3785A,,null,,,,
IDA8241,3785,Persona,Víctima,Hombre,Sin especificar,Sin especificar,3785A,,null,,,,
IDA8242,3786,Persona,Perpetrador,Hombre,Sin especificar,Sin especificar,"3786A, 3786B",,null,,,,
IDA8243,3786,Persona,Perpetrador,Hombre,Sin especificar,Sin especificar,"3786A, 3786B",,null,,,,
IDA8244,3786,Persona,Víctima,Indeterminado,Indeterminado,Indeterminado,"3786A, 3786B",1,null,,,,
IDA8245,3786,Persona,Perpetrador,Hombre,Sin especificar,Político del Estado,3786C,,null,,,,
IDA8246,3786,Persona,Víctima,Hombre,Sin especificar,Sin especificar,3786C,,null,,,,
IDA8247,3786,Persona,Víctima,Hombre,Sin especificar,Sin especificar,3786C,,null,,,,
IDA8248,3786,Persona,Perpetrador,Hombre,Sin especificar,Sin especificar,"3786B, 3786A",,null,,,,
IDA8249,3786,Persona,Perpetrador,Hombre,Sin especificar,Sin especificar,"3786B, 3786A",,null,,,,
IDA8250,3786,Persona,Perpetrador,Hombre,Sin especificar,Político del Estado,3786C,,null,,,,
IDA8251,3786,Persona,Víctima,Hombre,Sin especificar,Sin especificar,3786C,,null,,,,
IDA8252,3786,Persona,Víctima,Hombre,Sin especificar,Sin especificar,3786C,,null,,,,
IDA8253,3787,Persona,Perpetrador,Hombre,Sin especificar,Sin especificar,3787A,,null,,,,
IDA8254,3787,Persona,Víctima,Hombre,Sin especificar,Sin especificar,3787A,,null,,,,
IDA8255,3788,Persona,Perpetrador,Hombre,Sin especificar,Sin especificar,"3788A, 3788B",,null,,,,
IDA8256,3788,Persona,Perpetrador,Hombre,Sin especificar,Sin especificar,3788A,,null,,,,
IDA8257,3788,Persona,Víctima,Hombre,Sin especificar,Sin especificar,3788B,,null,,,,
IDA8258,3788,Persona,Perpetrador,Hombre,Sin especificar,Sin especificar,"3788B, 3788A",,null,,,,
IDA8259,3788,Persona,Víctima,Hombre,Sin especificar,Sin especificar,3788B,,null,,,,
IDA8260,3788,Persona,Perpetrador,Hombre,Sin especificar,Sin especificar,3788A,,null,,,,
IDA8261,3789,Persona,Perpetrador,Hombre,Sin especificar,Sin especificar,3789A,,null,,,,
IDA8262,3789,Persona,Víctima,Hombre,Sin especificar,Sin especificar,3789A,,null,,,,
IDA8263,3790,Persona,Perpetrador,Hombre,Sin especificar,Sin especificar,"3790A, 3790B",,null,,,,
IDA8264,3790,Persona,Perpetrador,Mujer,Sin especificar,Sin especificar,3790A,,null,,,,
IDA8265,3790,Persona,Perpetrador,Mujer,Sin especificar,Sin especificar,3790A,,null,,,,
IDA8266,3790,Persona,Víctima,Hombre,Sin especificar,Sin especificar,3790B,,null,,,,
IDA8267,3791,Persona,Perpetrador,Hombre,Sin especificar,Sin especificar,3791A,,null,,,,
IDA8268,3791,Persona,Víctima,Mujer,Sin especificar,Sin especificar,3791A,,null,,,,
IDA8269,3792,Persona,Perpetrador,Hombre,Sin especificar,Sin especificar,"3792A, 3792B",,null,,,,
IDA8270,3792,Persona,Víctima,Hombre,Sin especificar,Eclesiástico,"3792A, 3792B",,null,,,,
IDA8271,3793,Persona,Perpetrador,Hombre,Sin especificar,Sin especificar,"3793A, 3793B",,null,,,,
IDA8272,3793,Persona,Víctima,Hombre,Sin especificar,Político del Estado,"3793A, 3793B",,null,,,,
IDA8273,3794,Persona,Perpetrador,Hombre,Sin especificar,Sin especificar,3794A,,null,,,,
IDA8274,3794,Persona,Víctima,Indeterminado,Indeterminado,Indeterminado,3794A,1,null,,,,
IDA8275,3795,Persona,Perpetrador,Hombre,Sin especificar,Sin especificar,"3795A, 3795B, 3795C",,null,,,,
IDA8276,3795,Persona,Perpetrador,Hombre,Sin especificar,Sin especificar,"3795A, 3795B, 3795C",,null,,,,
IDA8277,3795,Persona,Víctima,Hombre,Sin especificar,Sin especificar,3795A,,null,,,,
IDA8278,3795,Persona,Víctima,Mujer,Sin especificar,Sin especificar,"3795B, 3795C",,null,,,,
IDA8279,3796,Persona,Perpetrador,Hombre,Sin especificar,Sin especificar,3796A,,null,,,,
IDA8280,3796,Persona,Víctima,Indeterminado,Indeterminado,Indeterminado,3796A,1,null,,,,
IDA8281,3797,Persona,Perpetrador,Hombre,Sin especificar,Sin especificar,3797A,,null,,,,
IDA8282,3797,Persona,Víctima,Hombre,Sin especificar,Sin especificar,3797A,,null,,,,
IDA8283,3798,Persona,Perpetrador,Hombre,Sin especificar,Sin especificar,3798A,,null,,,,
IDA8284,3798,Persona,Víctima,Indeterminado,Indeterminado,Indeterminado,3798A,1,null,,,,
IDA8285,3799,Persona,Perpetrador,Hombre,Sin especificar,Sin especificar,3799A,,null,,,,
IDA8286,3799,Persona,Víctima,Mujer,Sin especificar,Sin especificar,3799A,,null,,,,
IDA8287,3800,Persona,Perpetrador,Hombre,Sin especificar,Sin especificar,"3800A, 3800B",,null,,,,
IDA8288,3800,Institución,Víctima,null,null,null,3800A,,La justicia/jueces,,,,
IDA8289,3800,Persona,Víctima,Indeterminado,Indeterminado,Indeterminado,3800B,1,null,,,,
IDA8290,3801,Persona,Perpetrador,Hombre,Sin especificar,Político del Estado,3801A,,null,,,,
IDA8291,3801,Persona,Víctima,Hombre,Sin especificar,Sin especificar,3801A,,null,,,,
IDA8292,3802,Persona,Perpetrador,Hombre,Sin especificar,Sin especificar,3802A,,null,,,,
IDA8293,3802,Población Completa,Víctima,null,null,null,3802A,,null,,,,
IDA8294,3803,Persona,Perpetrador,Mujer,Sin especificar,Sin especificar,3803A,,null,,,,
IDA8295,3803,Persona,Víctima,Indeterminado,Indeterminado,Indeterminado,3803A,1,null,,,,
IDA8296,3804,Persona,Perpetrador,Hombre,Sin especificar,Sin especificar,3804A,,null,,,,
IDA8297,3804,Persona,Víctima,Hombre,Sin especificar,Sin especificar,3804A,,null,,,,
IDA8298,3805,Persona,Perpetrador,Hombre,Sin especificar,Sin especificar,"3805A, 3805B, 3805C",,null,,,,
IDA8299,3805,Persona,Perpetrador,Mujer,Sin especificar,Sin especificar,"3805A, 3805B, 3805C",,null,,,,
IDA8300,3805,Institución,Víctima,null,null,null,3805B,,La autoridad,,,,
IDA8301,3805,Persona,Víctima,Mujer,Sin especificar,Sin especificar,3805C,,null,,,,
IDA8302,3806,Persona,Perpetrador,Hombre,Sin especificar,Sin especificar,3806A,,null,,,,
IDA8303,3806,Persona,Víctima,Hombre,Sin especificar,Fuerza armada,3806A,,null,,,,
IDA8304,3807,Persona,Perpetrador,Hombre,Sin especificar,Sin especificar,"3807A, 3807B",,null,,,,
IDA8305,3807,Institución,Víctima,null,null,null,3807A,,La autoridad,,,,
IDA8306,3808,Persona,Perpetrador,Hombre,Sin especificar,Sin especificar,3808A,,null,,,,
IDA8307,3808,Persona,Víctima,Mujer,Sin especificar,Sin especificar,3808A,,null,,,,
IDA8308,3808,Persona,Víctima,Mujer,Sin especificar,Sin especificar,3808A,,null,,,,
IDA8309,3809,Persona,Perpetrador,Hombre,Sin especificar,Sin especificar,3809A,,null,,,,
IDA8310,3809,Persona,Perpetrador,Hombre,Sin especificar,Sin especificar,3809A,,null,,,,
IDA8311,3809,Persona,Perpetrador,Hombre,Sin especificar,Sin especificar,3809A,,null,,,,
IDA8312,3809,Persona,Víctima,Mujer,Sin especificar,Sin especificar,3809A,,null,,,,
IDA8313,3810,Persona,Perpetrador,Hombre,Sin especificar,Sin especificar,"3810A, 3810B",,null,,1,,
IDA8314,3810,Persona,Víctima,Hombre,Sin especificar,Político del Estado,"3810A, 3810B",,null,,1,,
IDA8315,3810,Persona,Perpetrador,Hombre,Sin especificar,Político del Estado,"3810C, 3810D, 3810E",,null,,1,,
IDA8316,3810,Persona,Víctima,Hombre,Sin especificar,Sin especificar,"3810C, 3810D, 3810E",,null,,1,,
IDA8317,3812,Persona,Perpetrador,Hombre,Sin especificar,Sin especificar,"3812A, 3812B",1,null,,,,
IDA8318,3812,Persona,Perpetrador,Indeterminado,Indeterminado,Indeterminado,3812A,1,null,,,,
IDA8319,3812,Persona,Víctima,Indeterminado,Indeterminado,Indeterminado,3812B,1,null,,,,
IDA8320,3812,Persona,Perpetrador,Hombre,Sin especificar,Sin especificar,3812B,,null,,,,
IDA8321,3812,Persona,Perpetrador,Hombre,Sin especificar,Sin especificar,3812A,1,null,,,,
IDA8322,3815,Persona,Perpetrador,Hombre,Sin especificar,Sin especificar,3815A,,null,,,,
IDA8323,3815,Persona,Víctima,Mujer,Sin especificar,Sin especificar,3815A,,null,,,,
IDA8324,3819,Persona,Perpetrador,Hombre,Sin especificar,Sin especificar,3819A,,null,,,,
IDA8325,3819,Persona,Víctima,Hombre,Sin especificar,Sin especificar,3819A,,null,,,,
IDA8326,3822,Persona,Perpetrador,Hombre,Sin especificar,Sin especificar,3822A,,null,,,,
IDA8327,3822,Persona,Víctima,Indeterminado,Indeterminado,Indeterminado,3822A,1,null,,,,
IDA8328,3833,Persona,Perpetrador,Hombre,Sin especificar,Sin especificar,3833A,1,null,,,,
IDA8329,3833,Persona,Perpetrador,Indeterminado,Indeterminado,Indeterminado,3833A,1,null,,,,
IDA8330,3833,Persona,Perpetrador,Indeterminado,Indeterminado,Indeterminado,3833A,1,null,,,,
IDA8331,3834,Persona,Perpetrador,Hombre,Sin especificar,Sin especificar,3834A,,null,,,,
IDA8332,3834,Persona,Perpetrador,Mujer,Sin especificar,Sin especificar,3834A,,null,,,,
IDA8333,3837,Persona,Perpetrador,Hombre,Sin especificar,Sin especificar,3837A,,null,,,,
IDA8334,3837,Persona,Perpetrador,Mujer,Sin especificar,Sin especificar,3837A,,null,,,,
IDA8335,3838,Persona,Perpetrador,Hombre,Sin especificar,Sin especificar,3838A,,null,,,,
IDA8336,3838,Persona,Víctima,Hombre,Sin especificar,Sin especificar,3838A,,null,,,,
IDA8337,3841,Persona,Perpetrador,Hombre,Sin especificar,Sin especificar,3841A,,null,,,,
IDA8338,3841,Persona,Perpetrador,Mujer,Sin especificar,Sin especificar,3841A,,null,,,,
IDA8339,3842,Persona,Perpetrador,Hombre,Sin especificar,Sin especificar,3842A,,null,,,,
IDA8340,3842,Persona,Víctima,Indeterminado,Indeterminado,Indeterminado,3842A,1,null,,,,
IDA8341,3850,Persona,Perpetrador,Hombre,Sin especificar,Sin especificar,3850A,,null,,,,
IDA8342,3850,Persona,Víctima,Indeterminado,Indeterminado,Indeterminado,3850A,1,null,,,,
IDA8343,3858,Persona,Perpetrador,Hombre,Sin especificar,Sin especificar,3858A,,null,,,,
IDA8344,3858,Persona,Víctima,Indeterminado,Indeterminado,Indeterminado,3858A,1,null,,,,
IDA8345,3861,Persona,Perpetrador,Hombre,Sin especificar,Sin especificar,3861A,,null,,,,
IDA8346,3872,Persona,Perpetrador,Hombre,Sin especificar,Sin especificar,"3872A, 3872B",,null,,,,
IDA8347,3872,Persona,Perpetrador,Hombre,Sin especificar,Sin especificar,"3872A, 3872B",,null,,,,
IDA8348,3872,Persona,Víctima,Hombre,Sin especificar,Sin especificar,3872A,,null,,,,
IDA8349,3872,Persona,Víctima,Indeterminado,Indeterminado,Indeterminado,3872B,1,null,,,,
IDA8350,3875,Persona,Perpetrador,Indeterminado,Indeterminado,Indeterminado,3875A,1,null,,,,
IDA8351,3875,Persona,Perpetrador,Indeterminado,Indeterminado,Indeterminado,3875A,1,null,,,,
IDA8352,3875,Persona,Víctima,Hombre,Sin especificar,Sin especificar,3875A,,null,,,,
IDA8353,3877,Persona,Perpetrador,Hombre,Sin especificar,Sin especificar,3877A,,null,,,,
IDA8354,3877,Persona,Víctima,Hombre,Sin especificar,Sin especificar,3877A,,null,,,,
IDA8355,3878,Persona,Perpetrador,Hombre,Sin especificar,Sin especificar,3878A,,null,,,,
IDA8356,3878,Persona,Perpetrador,Hombre,Sin especificar,Sin especificar,3878A,,null,,,,
IDA8357,3890,Persona,Perpetrador,Indeterminado,Indeterminado,Indeterminado,3890A,1,null,,,,
IDA8358,3890,Persona,Perpetrador,Indeterminado,Indeterminado,Indeterminado,3890A,1,null,,,,
IDA8359,3891,Persona,Perpetrador,Hombre,Sin especificar,Sin especificar,3891A,,null,,,,
IDA8360,3891,Persona,Víctima,Hombre,Sin especificar,Sin especificar,3891A,,null,,,,
IDA8361,3905,Persona,Perpetrador,Hombre,Sin especificar,Político del Estado,3905A,,null,,,,
IDA8362,3905,Persona,Víctima,Indeterminado,Indeterminado,Indeterminado,3905A,1,null,,,,
IDA8363,3909,Persona,Perpetrador,Hombre,Sin especificar,Sin especificar,3909A,,null,,,,
IDA8364,3909,Persona,Víctima,Hombre,Sin especificar,Sin especificar,3909A,,null,,,,
IDA8365,3910,Persona,Perpetrador,Hombre,Sin especificar,Sin especificar,3910A,,null,,,,
IDA8366,3910,Persona,Víctima,Hombre,Sin especificar,Sin especificar,3910A,,null,,,,
IDA8367,3911,Persona,Perpetrador,Mujer,Sin especificar,Sin especificar,3911A,,null,,,,
IDA8368,3911,Persona,Víctima,Mujer,Sin especificar,Sin especificar,3911A,,null,,,,
IDA8369,3912,Persona,Perpetrador,Hombre,Sin especificar,Sin especificar,3912A,,null,,,,
IDA8370,3912,Persona,Perpetrador,Hombre,Sin especificar,Sin especificar,3912A,,null,,,,
IDA8371,3913,Persona,Perpetrador,Hombre,Indígenas,Sin especificar,"3913A, 3913B, 3913C, 3913D",1,null,,,,
IDA8372,3913,Persona,Perpetrador,Hombre,Indígenas,Sin especificar,"3913A, 3913B, 3913C, 3913D",1,null,,,,
IDA8373,3913,Persona,Perpetrador,Hombre,Indígenas,Sin especificar,"3913A, 3913B, 3913C, 3913D",1,null,,,,
IDA8374,3913,Persona,Víctima,Hombre,Sin especificar,Sin especificar,3913A,,null,,,,
IDA8375,3913,Persona,Víctima,Indeterminado,Indeterminado,Indeterminado,"3913B, 3913C, 3913D",1,null,,,,
IDA8376,3914,Persona,Perpetrador,Hombre,Sin especificar,Sin especificar,3914A,,null,,,,
IDA8377,3914,Persona,Víctima,Hombre,Sin especificar,Sin especificar,3914A,,null,,,,
IDA8378,3916,Persona,Perpetrador,Hombre,Sin especificar,Político del Estado,3916A,,null,,,,
IDA8379,3917,Persona,Perpetrador,Hombre,Sin especificar,Sin especificar,3917A,,null,,,,
IDA8380,3917,Persona,Víctima,Hombre,Sin especificar,Sin especificar,3917A,,null,,,,
IDA8381,3918,Persona,Perpetrador,Hombre,Sin especificar,Sin especificar,"3918A, 3918B",1,null,,,,
IDA8382,3918,Persona,Perpetrador,Hombre,Sin especificar,Sin especificar,"3918A, 3918B",1,null,,,,
IDA8383,3918,Persona,Perpetrador,Hombre,Sin especificar,Sin especificar,"3918A, 3918B",1,null,,,,
IDA8384,3918,Persona,Víctima,Hombre,Sin especificar,Político del Estado,"3918A, 3918B",,null,,,,
IDA8385,3919,Persona,Perpetrador,Mujer,Sin especificar,Sin especificar,3919A,,null,,,,
IDA8386,3919,Persona,Víctima,Mujer,Sin especificar,Sin especificar,3919A,,null,,,,
IDA8387,3920,Persona,Perpetrador,Hombre,Sin especificar,Sin especificar,"3920A, 3920B, 3920C",,null,,,,
IDA8388,3920,Persona,Perpetrador,Hombre,Sin especificar,Sin especificar,"3920A, 3920B, 3920C",,null,,,,
IDA8389,3920,Persona,Víctima,Hombre,Sin especificar,Sin especificar,"3920A, 3920B, 3920C",,null,,,,
IDA8390,3921,Persona,Perpetrador,Hombre,Sin especificar,Sin especificar,"3921A, 3921B",,null,,,,
IDA8391,3921,Persona,Víctima,Indeterminado,Indeterminado,Indeterminado,3921A,1,null,,,,
IDA8392,3922,Persona,Perpetrador,Hombre,Sin especificar,Sin especificar,3922A,,null,,,,
IDA8393,3924,Persona,Perpetrador,Hombre,Sin especificar,Sin especificar,3924A,,null,,,,
IDA8394,3925,Persona,Perpetrador,Hombre,Sin especificar,Sin especificar,"3925A, 3925B, 3925C, 3925D",,null,,,,
IDA8395,3925,Persona,Víctima,Indeterminado,Indeterminado,Indeterminado,"3925A, 3925B, 3925C, 3925D",1,null,,,,
IDA8396,3926,Persona,Perpetrador,Hombre,Sin especificar,Sin especificar,3926A,,null,,,,
IDA8397,3926,Persona,Víctima,Hombre,Sin especificar,Sin especificar,3926A,,null,,,,
IDA8398,3927,Persona,Perpetrador,Hombre,Sin especificar,Sin especificar,"3927A, 3927B, 3927C",,null,,,,
IDA8399,3927,Persona,Víctima,Mujer,Sin especificar,Sin especificar,"3927A, 3927C",,null,,,,
IDA8400,3927,Persona,Perpetrador,Mujer,Sin especificar,Sin especificar,"3927B, 3927C",,null,,,,
IDA8401,3928,Persona,Perpetrador,Hombre,Sin especificar,Sin especificar,3928A,,null,,,,
IDA8402,3928,Persona,Perpetrador,Mujer,Sin especificar,Sin especificar,3928A,,null,,,,
IDA8403,3929,Persona,Perpetrador,Hombre,Sin especificar,Sin especificar,3929A,,null,,,,
IDA8404,3929,Persona,Víctima,Mujer,Sin especificar,Sin especificar,3929A,,null,,,,
IDA8405,3930,Persona,Perpetrador,Hombre,Sin especificar,Sin especificar,"3930A, 3930B",,null,,,,
IDA8406,3930,Persona,Víctima,Hombre,Sin especificar,Sin especificar,"3930A, 3930B",,null,,,,
IDA8407,3932,Persona,Perpetrador,Hombre,Sin especificar,Sin especificar,3932A,,null,,,,
IDA8408,3932,Persona,Víctima,Hombre,Sin especificar,Sin especificar,3932A,,null,,,,
IDA8409,3933,Persona,Perpetrador,Mujer,Sin especificar,Sin especificar,3933A,,null,,,,
IDA8410,3934,Persona,Perpetrador,Hombre,Sin especificar,Sin especificar,3934A,,null,,,,
IDA8411,3934,Persona,Víctima,Indeterminado,Indeterminado,Indeterminado,3934A,1,null,,,,
IDA8412,3935,Persona,Perpetrador,Hombre,Sin especificar,Sin especificar,3935A,,null,,,,
IDA8413,3935,Población Completa,Víctima,null,null,null,3935A,,null,,,,
IDA8414,3936,Persona,Perpetrador,Hombre,Sin especificar,Sin especificar,3936A,,null,,,,
IDA8415,3936,Persona,Víctima,Mujer,Sin especificar,Sin especificar,3936A,,null,,,,
IDA8416,3940,Persona,Perpetrador,Hombre,Sin especificar,Sin especificar,3940A,,null,,,,
IDA8417,3940,Persona,Víctima,Hombre,Sin especificar,Sin especificar,3940A,,null,,,,
IDA8418,3941,Persona,Perpetrador,Hombre,Sin especificar,Sin especificar,3941A,,null,,,,
IDA8419,3941,Persona,Víctima,Hombre,Sin especificar,Sin especificar,3941A,,null,,,,
IDA8420,3942,Persona,Perpetrador,Hombre,Sin especificar,Sin especificar,3942A,,null,,,,
IDA8421,3942,Persona,Víctima,Indeterminado,Indeterminado,Indeterminado,3942A,1,null,,,,
IDA8422,3943,Persona,Perpetrador,Hombre,Sin especificar,Sin especificar,3943A,,null,,,,
IDA8423,3943,Persona,Víctima,Hombre,Sin especificar,Sin especificar,3943A,,null,,,,
IDA8424,3944,Persona,Perpetrador,Hombre,Sin especificar,Sin especificar,"3944A, 3944B, 3944C, 3944D",1,null,,,,
IDA8425,3944,Institución,Víctima,null,null,null,3944A,,La justicia/jueces,,,,
IDA8426,3944,Persona,Perpetrador,Indeterminado,Indeterminado,Indeterminado,"3944C, 3944D",1,null,,,,
IDA8427,3947,Persona,Perpetrador,Hombre,Sin especificar,Sin especificar,3947A,,null,,,,
IDA8428,3947,Persona,Víctima,Indeterminado,Indeterminado,Indeterminado,3947A,1,null,,,,
IDA8429,3948,Persona,Perpetrador,Hombre,Sin especificar,Eclesiástico,3948A,,null,,,,
IDA8430,3948,Persona,Víctima,Hombre,Sin especificar,Político del Estado,3948A,1,null,,,,
IDA8431,3948,Persona,Víctima,Hombre,Sin especificar,Político del Estado,3948A,1,null,,,,
IDA8432,3949,Persona,Perpetrador,Hombre,Sin especificar,Sin especificar,3949A,,null,,,,
IDA8433,3949,Persona,Víctima,Hombre,Sin especificar,Político del Estado,3949A,,null,,,,
IDA8434,3950,Persona,Perpetrador,Hombre,Sin especificar,Sin especificar,"3950A, 3950B",,null,,,,
IDA8435,3951,Persona,Perpetrador,Hombre,Sin especificar,Sin especificar,3951A,,null,,,,
IDA8436,3951,Persona,Víctima,Hombre,Sin especificar,Sin especificar,3951A,,null,,,,
IDA8437,3952,Persona,Perpetrador,Hombre,Sin especificar,Sin especificar,"3952A, 3952B",,null,,1,,
IDA8438,3952,Persona,Víctima,Hombre,Sin especificar,Fuerza armada,"3952A, 3952B",,null,,1,,
IDA8439,3952,Persona,Perpetrador,Hombre,Sin especificar,Fuerza armada,3952C,,null,,1,,
IDA8440,3952,Persona,Víctima,Hombre,Sin especificar,Sin especificar,3952C,,null,,1,,
IDA8441,3953,Persona,Perpetrador,Hombre,Sin especificar,Sin especificar,3953A,,null,,,,
IDA8442,3953,Persona,Víctima,Hombre,Sin especificar,Político del Estado,3953A,,null,,,,
IDA8443,3954,Persona,Perpetrador,Hombre,Sin especificar,Político del Estado,3954A,1,null,,,,
IDA8444,3954,Persona,Perpetrador,Hombre,Sin especificar,Político del Estado,3954A,1,null,,,,
IDA8445,3954,Persona,Perpetrador,Hombre,Sin especificar,Político del Estado,3954A,1,null,,,,
IDA8446,3954,Persona,Víctima,Hombre,Sin especificar,Político del Estado,3954A,,null,,,,
IDA8447,3954,Persona,Perpetrador,Hombre,Sin especificar,Político del Estado,3954A,1,null,,,,
IDA8448,3954,Persona,Perpetrador,Hombre,Sin especificar,Político del Estado,3954A,1,null,,,,
IDA8449,3954,Persona,Perpetrador,Hombre,Sin especificar,Político del Estado,3954A,1,null,,,,
IDA8450,3954,Persona,Víctima,Hombre,Sin especificar,Político del Estado,3954A,,null,,,,
IDA8451,3955,Persona,Perpetrador,Hombre,Sin especificar,Sin especificar,3955A,,null,,,,
IDA8452,3955,Persona,Víctima,Mujer,Sin especificar,Sin especificar,3955A,1,null,,,,
IDA8453,3955,Persona,Víctima,Mujer,Sin especificar,Sin especificar,3955A,1,null,,,,
IDA8454,3955,Persona,Víctima,Mujer,Sin especificar,Sin especificar,3955A,1,null,,,,
IDA8455,3956,Persona,Perpetrador,Hombre,Sin especificar,Sin especificar,3956A,,null,,,,
IDA8456,3956,Persona,Víctima,Hombre,Sin especificar,Político del Estado,3956A,,null,,,,
IDA8457,3957,Persona,Perpetrador,Hombre,Sin especificar,Sin especificar,3957A,,null,,,,
IDA8458,3957,Persona,Víctima,Hombre,Sin especificar,Sin especificar,3957A,,null,,,,
IDA8459,3958,Persona,Perpetrador,Hombre,Sin especificar,Sin especificar,3958A,,null,,,,
IDA8460,3958,Persona,Víctima,Hombre,Sin especificar,Fuerza armada,3958A,,null,,,,
IDA8461,3960,Persona,Perpetrador,Hombre,Sin especificar,Fuerza armada,"3960A, 3960B",1,null,,1,,
IDA8462,3960,Persona,Víctima,Hombre,Sin especificar,Fuerza armada,"3960A, 3960B",1,null,,1,,
IDA8463,3960,Persona,Víctima,Hombre,Sin especificar,Fuerza armada,3960A,1,null,,1,,
IDA8464,3960,Persona,Perpetrador,Hombre,Sin especificar,Fuerza armada,3960B,1,null,,1,,
IDA8465,3961,Persona,Perpetrador,Hombre,Sin especificar,Político del Estado,"3961A, 3961B, 3961C",1,null,,,,
IDA8466,3961,Persona,Perpetrador,Indeterminado,Indeterminado,Indeterminado,3961A,1,null,,,,
IDA8467,3961,Persona,Perpetrador,Indeterminado,Indeterminado,Indeterminado,3961A,1,null,,,,
IDA8468,3961,Persona,Víctima,Indeterminado,Indeterminado,Indeterminado,"3961B, 3961C",,null,,,,
IDA8469,3961,Persona,Víctima,Indeterminado,Indeterminado,Indeterminado,"3961B, 3961C",,null,,,,
IDA8470,3961,Persona,Perpetrador,Hombre,Sin especificar,Político del Estado,"3961B, 3961C",,null,,,,
IDA8471,3961,Persona,Perpetrador,Hombre,Sin especificar,Político del Estado,3961A,1,null,,,,
IDA8472,3962,Persona,Perpetrador,Hombre,Sin especificar,Sin especificar,3962A,,null,,,,
IDA8473,3962,Persona,Víctima,Hombre,Sin especificar,Sin especificar,3962A,,null,,,,
IDA8474,3963,Persona,Perpetrador,Hombre,Sin especificar,Sin especificar,3963A,,null,,,,
IDA8475,3963,Persona,Víctima,Hombre,Sin especificar,Sin especificar,3963A,,null,,,,
IDA8476,3965,Persona,Perpetrador,Hombre,Sin especificar,Sin especificar,3965A,1,null,,,,
IDA8477,3965,Persona,Perpetrador,Hombre,Sin especificar,Sin especificar,3965A,1,null,,,,
IDA8478,3965,Persona,Víctima,Hombre,Sin especificar,Político del Estado,3965A,,null,,,,
IDA8479,3966,Persona,Perpetrador,Hombre,Sin especificar,Sin especificar,3966A,,null,,,,
IDA8480,3966,Persona,Víctima,Hombre,Indígenas,Sin especificar,3966A,1,null,,,,
IDA8481,3966,Persona,Víctima,Hombre,Indígenas,Sin especificar,3966A,1,null,,,,
IDA8482,3967,Persona,Perpetrador,Hombre,Sin especificar,Sin especificar,3967A,,null,,,,
IDA8483,3967,Persona,Víctima,Hombre,Sin especificar,Sin especificar,3967A,,null,,,,
IDA8484,3968,Persona,Perpetrador,Hombre,Sin especificar,Sin especificar,3968A,,null,,,,
IDA8485,3968,Persona,Perpetrador,Mujer,Sin especificar,Sin especificar,3968A,,null,,,,
IDA8486,3969,Persona,Perpetrador,Hombre,Sin especificar,Sin especificar,"3969A, 3969B",,null,,,,
IDA8487,3969,Institución,Víctima,null,null,null,"3969A, 3969B",,La autoridad,,,,
IDA8488,3970,Persona,Perpetrador,Hombre,Sin especificar,Sin especificar,3970A,,null,,,,
IDA8489,3970,Persona,Víctima,Hombre,Sin especificar,Sin especificar,"3970A, 3970B",,null,,,,
IDA8490,3970,Persona,Perpetrador,Hombre,Esclavo,Sin especificar,3970B,1,null,,,,
IDA8491,3970,Persona,Perpetrador,Hombre,Esclavo,Sin especificar,3970B,1,null,,,,
IDA8492,3971,Persona,Perpetrador,Hombre,Sin especificar,Sin especificar,3971A,,null,,,,
IDA8493,3971,Persona,Perpetrador,Hombre,Esclavo,Sin especificar,3971A,,null,,,,
IDA8494,3971,Persona,Víctima,Hombre,Sin especificar,Sin especificar,3971A,,null,,,,
IDA8495,3972,Persona,Perpetrador,Hombre,Sin especificar,Sin especificar,3972A,,null,,,,
IDA8496,3972,Población Indígena Completa,Víctima,null,null,null,3972A,,null,,,,
IDA8497,3974,Persona,Perpetrador,Hombre,Sin especificar,Sin especificar,3974A,,null,,,,
IDA8498,3974,Persona,Víctima,Hombre,Sin especificar,Sin especificar,3974A,,null,,,,
IDA8499,3975,Persona,Perpetrador,Hombre,Sin especificar,Político del Estado,3975A,,null,,,,
IDA8500,3975,Persona,Víctima,Hombre,Esclavo,Sin especificar,3975A,1,null,,,,
IDA8501,3975,Persona,Víctima,Hombre,Esclavo,Sin especificar,3975A,1,null,,,,
IDA8502,3976,Persona,Perpetrador,Hombre,Sin especificar,Sin especificar,3976A,,null,,,,
IDA8503,3976,Persona,Perpetrador,Hombre,Sin especificar,Sin especificar,3976A,,null,,,,
IDA8504,3976,Persona,Víctima,Hombre,Sin especificar,Sin especificar,3976A,,null,,,,
IDA8505,3978,Persona,Perpetrador,Hombre,Sin especificar,Sin especificar,3978A,,null,,,,
IDA8506,3980,Persona,Perpetrador,Hombre,Sin especificar,Sin especificar,3980A,,null,,,,
IDA8507,3981,Persona,Perpetrador,Hombre,Sin especificar,Político del Estado,3981A,,null,,,,
IDA8508,3981,Persona,Víctima,Hombre,Sin especificar,Político del Estado,3981A,,null,,,,
IDA8509,3983,Persona,Perpetrador,Hombre,Sin especificar,Sin especificar,3983A,,null,,,,
IDA8510,3983,Persona,Víctima,Hombre,Sin especificar,Sin especificar,3983A,,null,,,,
IDA8511,3985,Persona,Perpetrador,Hombre,Sin especificar,Político del Estado,"3985A, 3985B",,null,,,,
IDA8512,3985,Persona,Víctima,Hombre,Sin especificar,Sin especificar,"3985A, 3985B",,null,,,,
IDA8513,3985,Persona,Perpetrador,Hombre,Sin especificar,Político del Estado,"3985B, 3985A",,null,,,,
IDA8514,3985,Persona,Víctima,Hombre,Sin especificar,Sin especificar,"3985B, 3985A",,null,,,,
IDA8515,3986,Persona,Perpetrador,Hombre,Sin especificar,Sin especificar,"3986A, 3986B",,null,,,,
IDA8516,3986,Persona,Víctima,Indeterminado,Indeterminado,Indeterminado,3986A,1,null,,,,
IDA8517,3987,Persona,Perpetrador,Hombre,Sin especificar,Sin especificar,3987A,,null,,,,
IDA8518,3987,Persona,Perpetrador,Hombre,Sin especificar,Sin especificar,3987A,,null,,,,
IDA8519,3987,Persona,Víctima,Hombre,Sin especificar,Sin especificar,3987A,,null,,,,
IDA8520,3988,Persona,Perpetrador,Hombre,Sin especificar,Sin especificar,3988A,,null,,,,
IDA8521,3988,Institución,Víctima,null,null,null,3988A,,Sementeras,,,,
IDA8522,3989,Persona,Perpetrador,Hombre,Sin especificar,Sin especificar,3989A,,null,,,,
IDA8523,3989,Persona,Perpetrador,Hombre,Sin especificar,Sin especificar,3989A,,null,,,,
IDA8524,3989,Persona,Víctima,Hombre,Sin especificar,Eclesiástico,3989A,,null,,,,
IDA8525,3990,Persona,Perpetrador,Hombre,Sin especificar,Sin especificar,3990A,,null,,,,
IDA8526,3990,Persona,Víctima,Hombre,Sin especificar,Sin especificar,3990A,,null,,,,
IDA8527,3991,Persona,Perpetrador,Hombre,Sin especificar,Sin especificar,3991A,,null,,,,
IDA8528,3991,Persona,Víctima,Mujer,Sin especificar,Sin especificar,3991A,,null,,,,
IDA8529,3992,Persona,Perpetrador,Mujer,Sin especificar,Sin especificar,3992A,,null,,1,,
IDA8530,3992,Persona,Víctima,Hombre,Sin especificar,Sin especificar,3992A,,null,,1,,
IDA8531,3992,Persona,Perpetrador,Indeterminado,Indeterminado,Indeterminado,3992B,,null,,1,,
IDA8532,3992,Persona,Víctima,Mujer,Sin especificar,Sin especificar,3992B,,null,,1,,
IDA8533,3992,Persona,Perpetrador,Hombre,Sin especificar,Sin especificar,3992A,,null,,1,,
IDA8534,3993,Persona,Perpetrador,Hombre,Sin especificar,Sin especificar,3993A,,null,,,,
IDA8535,3993,Persona,Víctima,Hombre,Sin especificar,Sin especificar,3993A,,null,,,,
IDA8536,3994,Persona,Perpetrador,Indeterminado,Indeterminado,Indeterminado,3994A,1,null,,,,
IDA8537,3994,Persona,Perpetrador,Hombre,Sin especificar,Político del Estado,"3994B, 3994C",,null,,,,
IDA8538,3994,Institución,Víctima,null,null,null,"3994B, 3994C",,La autoridad,,,,
IDA8539,3995,Persona,Perpetrador,Hombre,Sin especificar,Sin especificar,3995A,,null,,,,
IDA8540,3995,Persona,Víctima,Hombre,Sin especificar,Político del Estado,3995A,,null,,,,
IDA8541,3996,Persona,Perpetrador,Hombre,Sin especificar,Sin especificar,3996A,,null,,,,
IDA8542,3996,Persona,Víctima,Hombre,Sin especificar,Sin especificar,3996A,,null,,,,
IDA8543,3997,Persona,Perpetrador,Hombre,Sin especificar,Político del Estado,"3997A, 3997B",,null,,,,
IDA8544,3997,Persona,Cómplice,Hombre,Sin especificar,Sin especificar,3997A,,null,,,,
IDA8545,3997,Persona,Cómplice,Hombre,Sin especificar,Sin especificar,3997A,,null,,,,
IDA8546,3997,Persona,Cómplice,Hombre,Sin especificar,Sin especificar,3997A,,null,,,,
IDA8547,3997,Persona,Víctima,Hombre,Sin especificar,Político del Estado,3997B,,null,,,,
IDA8548,3999,Persona,Perpetrador,Hombre,Sin especificar,Sin especificar,3999A,,null,,,,
IDA8549,3999,Persona,Víctima,Mujer,Sin especificar,Sin especificar,3999A,,null,,,,
IDA8550,3999,Persona,Víctima,Mujer,Sin especificar,Sin especificar,3999A,,null,,,,
IDA8551,4000,Persona,Perpetrador,Mujer,Sin especificar,Sin especificar,4000A,,null,,,,
IDA8552,4000,Persona,Perpetrador,Hombre,Sin especificar,Sin especificar,"4000A, 4000B",,null,,,,
IDA8553,4000,Persona,Víctima,Hombre,Sin especificar,Sin especificar,4000A,,null,,,,
IDA8554,4000,Persona,Víctima,Hombre,Sin especificar,Sin especificar,4000B,,null,,,,
IDA8555,4001,Persona,Perpetrador,Hombre,Sin especificar,Político del Estado,"4001A, 4001B",,null,,1,,
IDA8556,4001,Persona,Víctima,Hombre,Sin especificar,Político del Estado,"4001A, 4001B",,null,,1,,
IDA8557,4002,Persona,Perpetrador,Hombre,Sin especificar,Político del Estado,"4002A, 4002B",,null,,1,,
IDA8558,4002,Persona,Víctima,Mujer,Sin especificar,Sin especificar,4002A,,null,,1,,
IDA8559,4002,Persona,Víctima,Hombre,Sin especificar,Sin especificar,4002B,,null,,1,,
IDA8560,4002,Persona,Perpetrador,Hombre,Sin especificar,Sin especificar,4002C,,null,,1,,
IDA8561,4002,Persona,Víctima,Hombre,Sin especificar,Político del Estado,4002C,,null,,1,,
IDA8562,4002,Persona,Perpetrador,Hombre,Sin especificar,Político del Estado,"4002B, 4002A",,null,,1,,
IDA8563,4002,Persona,Víctima,Hombre,Sin especificar,Sin especificar,4002B,,null,,1,,
IDA8564,4002,Persona,Perpetrador,Hombre,Sin especificar,Sin especificar,4002C,,null,,1,,
IDA8565,4002,Persona,Víctima,Hombre,Sin especificar,Político del Estado,4002C,,null,,1,,
IDA8566,4002,Persona,Víctima,Mujer,Sin especificar,Sin especificar,4002A,,null,,1,,
IDA8567,4003,Persona,Perpetrador,Hombre,Sin especificar,Político del Estado,"4003A, 4003B",,null,,,,
IDA8568,4003,Persona,Víctima,Mujer,Sin especificar,Sin especificar,"4003A, 4003B",,null,,,,
IDA8569,4009,Persona,Perpetrador,Hombre,Sin especificar,Sin especificar,4009A,,null,,,,
IDA8570,4009,Persona,Víctima,Hombre,Sin especificar,Sin especificar,4009A,,null,,,,
IDA8571,4010,Persona,Perpetrador,Hombre,Sin especificar,Sin especificar,4010A,,null,,,,
IDA8572,4010,Persona,Víctima,Mujer,Sin especificar,Sin especificar,4010A,,null,,,,
IDA8573,4012,Persona,Perpetrador,Hombre,Sin especificar,Sin especificar,4012A,,null,,1,,
IDA8574,4012,Persona,Perpetrador,Hombre,Sin especificar,Sin especificar,4012A,,null,,1,,
IDA8575,4012,Persona,Perpetrador,Hombre,Sin especificar,Sin especificar,4012A,,null,,1,,
IDA8576,4012,Persona,Perpetrador,Hombre,Sin especificar,Sin especificar,4012A,,null,,1,,
IDA8577,4012,Persona,Víctima,Hombre,Sin especificar,Político del Estado,4012A,,null,,1,,
IDA8578,4012,Persona,Perpetrador,Hombre,Sin especificar,Político del Estado,"4012B, 4012C, 4012D",,null,,1,,
IDA8579,4012,Persona,Perpetrador,Hombre,Sin especificar,Político del Estado,"4012B, 4012C, 4012D",,null,,1,,
IDA8580,4012,Persona,Víctima,Hombre,Sin especificar,Sin especificar,"4012B, 4012C, 4012D",,null,,1,,
IDA8581,4013,Persona,Perpetrador,Hombre,Sin especificar,Sin especificar,4013A,,null,,,,
IDA8582,4013,Persona,Perpetrador,Mujer,Sin especificar,Sin especificar,4013A,,null,,,,
IDA8583,4014,Persona,Perpetrador,Hombre,Sin especificar,Político del Estado,4014A,,null,,,,
IDA8584,4015,Persona,Perpetrador,Hombre,Sin especificar,Sin especificar,"4015A, 4015B",,null,,,,
IDA8585,4015,Persona,Víctima,Hombre,Sin especificar,Sin especificar,4015A,,null,,,,
IDA8586,4015,Persona,Víctima,Mujer,Esclavo,Sin especificar,4015B,,null,,,,
IDA8587,4016,Persona,Perpetrador,Hombre,Sin especificar,Sin especificar,4016A,,null,,,,
IDA8588,4016,Persona,Víctima,Hombre,Sin especificar,Sin especificar,4016A,,null,,,,
IDA8589,4017,Persona,Perpetrador,Hombre,Sin especificar,Sin especificar,4017A,,null,,,,
IDA8590,4017,Persona,Víctima,Hombre,Sin especificar,Sin especificar,4017A,,null,,,,
IDA8591,4018,Persona,Perpetrador,Hombre,Sin especificar,Sin especificar,"4018A, 4018B, 4018C, 4018D",,null,,,,
IDA8592,4018,Persona,Víctima,Mujer,Sin especificar,Sin especificar,"4018A, 4018C",,null,,,,
IDA8593,4018,Persona,Perpetrador,Mujer,Sin especificar,Sin especificar,"4018B, 4018C",,null,,,,
IDA8594,4018,Persona,Víctima,Indeterminado,Indeterminado,Indeterminado,4018D,1,null,,,,
IDA8595,4019,Persona,Perpetrador,Hombre,Sin especificar,Sin especificar,"4019A, 4019B",,null,,,,
IDA8596,4019,Persona,Víctima,Mujer,Sin especificar,Sin especificar,4019A,,null,,,,
IDA8597,4019,Persona,Víctima,Hombre,Sin especificar,Sin especificar,4019B,,null,,,,
IDA8598,4020,Persona,Perpetrador,Hombre,Sin especificar,Sin especificar,4020A,1,null,,,,
IDA8599,4020,Persona,Perpetrador,Hombre,Sin especificar,Sin especificar,4020A,1,null,,,,
IDA8600,4020,Persona,Víctima,Hombre,Sin especificar,Político del Estado,4020A,,null,,,,
IDA8601,4021,Persona,Perpetrador,Hombre,Sin especificar,Sin especificar,4021A,,null,,,,
IDA8602,4021,Persona,Víctima,Hombre,Sin especificar,Sin especificar,4021A,,null,,,,
IDA8603,4022,Persona,Perpetrador,Hombre,Sin especificar,Sin especificar,4022A,,null,,,,
IDA8604,4022,Persona,Perpetrador,Mujer,Sin especificar,Sin especificar,4022A,,null,,,,
IDA8605,4022,Persona,Víctima,Hombre,Sin especificar,Sin especificar,4022A,,null,,,,
IDA8606,4023,Persona,Perpetrador,Hombre,Sin especificar,Sin especificar,"4023A, 4023B",,null,,,,
IDA8607,4023,Persona,Víctima,Mujer,Sin especificar,Sin especificar,4023B,,null,,,,
IDA8608,4024,Persona,Perpetrador,Hombre,Sin especificar,Político del Estado,"4024A, 4024B",,null,,,,
IDA8609,4025,Persona,Perpetrador,Hombre,Sin especificar,Sin especificar,4025A,,null,,,,
IDA8610,4025,Persona,Víctima,Mujer,Sin especificar,Sin especificar,4025A,,null,,,,
IDA8611,4026,Persona,Perpetrador,Hombre,Sin especificar,Sin especificar,"4026A, 4026B",,null,,,,
IDA8612,4027,Persona,Perpetrador,Hombre,Sin especificar,Sin especificar,4027A,,null,,,,
IDA8613,4027,Persona,Víctima,Mujer,Sin especificar,Sin especificar,4027A,,null,,,,
IDA8614,4027,Persona,Víctima,Mujer,Sin especificar,Sin especificar,4027A,,null,,,,
IDA8615,4028,Persona,Perpetrador,Hombre,Sin especificar,Sin especificar,4028A,,null,,,,
IDA8616,4028,Persona,Víctima,Mujer,Sin especificar,Sin especificar,4028A,,null,,,,
IDA8617,4028,Persona,Perpetrador,Mujer,Mestizo,Sin especificar,4028A,,null,,,,
IDA8618,4029,Persona,Perpetrador,Hombre,Sin especificar,Sin especificar,"4029A, 4029B",,null,,,,
IDA8619,4029,Persona,Perpetrador,Hombre,Sin especificar,Sin especificar,"4029A, 4029B",,null,,,,
IDA8620,4029,Persona,Víctima,Hombre,Sin especificar,Político del Estado,"4029A, 4029B",,null,,,,
IDA8621,4030,Persona,Perpetrador,Hombre,Sin especificar,Sin especificar,4030A,,null,,,,
IDA8622,4030,Persona,Víctima,Indeterminado,Indeterminado,Indeterminado,4030A,1,null,,,,
IDA8623,4031,Persona,Perpetrador,Hombre,Sin especificar,Sin especificar,4031A,,null,,,,
IDA8624,4031,Persona,Víctima,Mujer,Sin especificar,Sin especificar,4031A,,null,,,,
IDA8625,4035,Persona,Perpetrador,Hombre,Sin especificar,Sin especificar,4035A,,null,,,,
IDA8626,4035,Persona,Perpetrador,Mujer,Esclavo,Sin especificar,4035A,,null,,,,
IDA8627,4036,Persona,Perpetrador,Hombre,Sin especificar,Sin especificar,4036A,,null,,,,
IDA8628,4036,Persona,Víctima,Indeterminado,Indeterminado,Indeterminado,4036A,1,null,,,,
IDA8629,4037,Persona,Perpetrador,Hombre,Esclavo,Sin especificar,4037A,,null,,,,
IDA8630,4037,Persona,Víctima,Hombre,Negro libre/mulato,Sin especificar,4037A,,null,,,,
IDA8631,4038,Persona,Perpetrador,Hombre,Sin especificar,Sin especificar,4038A,,null,,,,
IDA8632,4038,Persona,Perpetrador,Mujer,Sin especificar,Sin especificar,4038A,,null,,,,
IDA8633,4038,Persona,Víctima,Hombre,Sin especificar,Sin especificar,4038A,,null,,,,
IDA8634,4039,Persona,Perpetrador,Hombre,Sin especificar,Sin especificar,4039A,,null,,,,
IDA8635,4039,Persona,Perpetrador,Hombre,Esclavo,Sin especificar,4039A,,null,,,,
IDA8636,4039,Persona,Víctima,Hombre,Sin especificar,Sin especificar,4039A,,null,,,,
IDA8637,4040,Persona,Perpetrador,Hombre,Sin especificar,Sin especificar,4040A,,null,,,,
IDA8638,4040,Persona,Perpetrador,Hombre,Sin especificar,Sin especificar,4040A,,null,,,,
IDA8639,4040,Persona,Víctima,Hombre,Sin especificar,Sin especificar,4040A,,null,,,,
IDA8640,4041,Persona,Perpetrador,Hombre,Sin especificar,Sin especificar,4041A,,null,,,,
IDA8641,4041,Persona,Víctima,Hombre,Sin especificar,Sin especificar,4041A,,null,,,,
IDA8642,4042,Persona,Perpetrador,Hombre,Sin especificar,Sin especificar,4042A,,null,,,,
IDA8643,4043,Persona,Perpetrador,Mujer,Sin especificar,Sin especificar,4043A,,null,,1,,
IDA8644,4043,Persona,Víctima,Hombre,Sin especificar,Sin especificar,"4043A, 4043B",,null,,1,,
IDA8645,4043,Persona,Perpetrador,Hombre,Sin especificar,Sin especificar,"4043B, 4043C, 4043D",,null,,1,,
IDA8646,4043,Persona,Perpetrador,Mujer,Sin especificar,Sin especificar,"4043C, 4043D",,null,,1,,
IDA8647,4043,Persona,Víctima,Mujer,Sin especificar,Sin especificar,4043D,,null,,1,,
IDA8648,4043,Persona,Perpetrador,Hombre,Sin especificar,Sin especificar,"4043B, 4043C, 4043D",,null,,1,,
IDA8649,4043,Persona,Víctima,Hombre,Sin especificar,Sin especificar,"4043B, 4043A",,null,,1,,
IDA8650,4043,Persona,Perpetrador,Mujer,Sin especificar,Sin especificar,4043C,,null,,1,,
IDA8651,4043,Persona,Víctima,Mujer,Sin especificar,Sin especificar,4043D,,null,,1,,
IDA8652,4043,Persona,Perpetrador,Mujer,Sin especificar,Sin especificar,4043A,,null,,1,,
IDA8653,4044,Persona,Perpetrador,Hombre,Sin especificar,Político del Estado,"4044A, 4044B",,null,,,,
IDA8654,4044,Persona,Víctima,Hombre,Sin especificar,Político del Estado,4044A,,null,,,,
IDA8655,4045,Persona,Perpetrador,Hombre,Sin especificar,Sin especificar,4045A,,null,,,,
IDA8656,4045,Persona,Víctima,Hombre,Sin especificar,Sin especificar,4045A,,null,,,,
IDA8657,4046,Persona,Perpetrador,Hombre,Sin especificar,Político del Estado,"4046A, 4046B",,null,,,,
IDA8658,4046,Persona,Perpetrador,Hombre,Sin especificar,Sin especificar,4046C,,null,,,,
IDA8659,4046,Persona,Perpetrador,Hombre,Sin especificar,Sin especificar,4046C,,null,,,,
IDA8660,4046,Institución,Víctima,null,null,null,4046C,,Real Hacienda,,,,
IDA8661,4047,Persona,Perpetrador,Indeterminado,Indeterminado,Indeterminado,4047A,1,null,,,,
IDA8662,4047,Persona,Perpetrador,Indeterminado,Indeterminado,Indeterminado,4047A,1,null,,,,
IDA8663,4048,Persona,Perpetrador,Hombre,Sin especificar,Sin especificar,4048A,,null,,,,
IDA8664,4049,Persona,Perpetrador,Hombre,Sin especificar,Sin especificar,4049A,,null,,1,,
IDA8665,4049,Persona,Perpetrador,Mujer,Sin especificar,Sirviente/lacayo,4049A,,null,,1,,
IDA8666,4049,Persona,Perpetrador,Hombre,Sin especificar,Político del Estado,"4049B, 4049C",,null,,1,,
IDA8667,4049,Persona,Víctima,Hombre,Sin especificar,Sin especificar,"4049B, 4049C",,null,,1,,
IDA8668,4049,Persona,Víctima,Mujer,Sin especificar,Sirviente/lacayo,"4049B, 4049C",,null,,1,,
IDA8669,4049,Persona,Perpetrador,Hombre,Sin especificar,Político del Estado,"4049B, 4049C",,null,,1,,
IDA8670,4049,Persona,Víctima,Hombre,Sin especificar,Sin especificar,"4049B, 4049C",,null,,1,,
IDA8671,4049,Persona,Víctima,Mujer,Sin especificar,Sirviente/lacayo,"4049B, 4049C",,null,,1,,
IDA8672,4049,Persona,Perpetrador,Hombre,Sin especificar,Sin especificar,4049A,,null,,,,
IDA8673,4049,Persona,Perpetrador,Mujer,Sin especificar,Sirviente/lacayo,4049A,,null,,,,
IDA8674,4050,Persona,Perpetrador,Hombre,Sin especificar,Sin especificar,4050A,,null,,,,
IDA8675,4050,Persona,Víctima,Mujer,Sin especificar,Sin especificar,4050A,,null,,,,
IDA8676,4051,Persona,Perpetrador,Hombre,Sin especificar,Sin especificar,4051A,,null,,,,
IDA8677,4053,Persona,Perpetrador,Hombre,Sin especificar,Sin especificar,"4053A, 4053B, 4053C",,null,,,,
IDA8678,4053,Persona,Víctima,Indeterminado,Indeterminado,Indeterminado,4053A,1,null,,,,
IDA8679,4054,Persona,Perpetrador,Mujer,Sin especificar,Sin especificar,4054A,,null,,,,
IDA8680,4054,Persona,Víctima,Mujer,Sin especificar,Sin especificar,4054A,,null,,,,
IDA8681,4055,Persona,Perpetrador,Hombre,Sin especificar,Sin especificar,"4055A, 4055B, 4055C",,null,,,,
IDA8682,4055,Persona,Perpetrador,Hombre,Sin especificar,Sin especificar,"4055A, 4055B, 4055C",,null,,,,
IDA8683,4055,Persona,Perpetrador,Hombre,Sin especificar,Sin especificar,"4055A, 4055B, 4055C",,null,,,,
IDA8684,4055,Persona,Perpetrador,Mujer,Sin especificar,Sin especificar,"4055A, 4055B, 4055C",,null,,,,
IDA8685,4055,Persona,Víctima,Indeterminado,Indeterminado,Indeterminado,4055A,1,null,,,,
IDA8686,4055,Persona,Víctima,Indeterminado,Indeterminado,Indeterminado,4055B,1,null,,,,
IDA8687,4055,Persona,Víctima,Indeterminado,Indeterminado,Indeterminado,4055C,1,null,,,,
IDA8688,4056,Persona,Perpetrador,Hombre,Sin especificar,Sin especificar,"4056A, 4056B, 4056C",,null,,,,
IDA8689,4058,Persona,Perpetrador,Hombre,Sin especificar,Político del Estado,"4058A, 4058B",,null,,,,
IDA8690,4058,Persona,Víctima,Hombre,Sin especificar,Sin especificar,4058A,,null,,,,
IDA8691,4058,Persona,Víctima,Mujer,Sin especificar,Sin especificar,"4058A, 4058B",1,null,,,,
IDA8692,4058,Persona,Víctima,Mujer,Sin especificar,Sin especificar,"4058A, 4058B",1,null,,,,
IDA8693,4059,Persona,Perpetrador,Hombre,Sin especificar,Sin especificar,4059A,,null,,,,
IDA8694,4059,Persona,Víctima,Indeterminado,Indeterminado,Indeterminado,4059A,1,null,,,,
IDA8695,4060,Persona,Perpetrador,Hombre,Sin especificar,Sin especificar,4060A,,null,,,,
IDA8696,4060,Persona,Víctima,Hombre,Sin especificar,Sin especificar,4060A,,null,,,,
IDA8697,4061,Persona,Perpetrador,Hombre,Sin especificar,Sin especificar,4061A,,null,,,,
IDA8698,4061,Persona,Víctima,Indeterminado,Indeterminado,Indeterminado,4061A,1,null,,,,
IDA8699,4062,Persona,Perpetrador,Hombre,Sin especificar,Sin especificar,4062A,,null,,,,
IDA8700,4062,Persona,Perpetrador,Hombre,Sin especificar,Sin especificar,4062A,,null,,,,
IDA8701,4062,Persona,Víctima,Indeterminado,Indeterminado,Indeterminado,4062A,1,null,,,,
IDA8702,4063,Persona,Perpetrador,Hombre,Sin especificar,Sin especificar,4063A,,null,,,,
IDA8703,4063,Persona,Víctima,Hombre,Sin especificar,Sin especificar,4063A,,null,,,,
IDA8704,4064,Persona,Perpetrador,Hombre,Sin especificar,Sin especificar,4064A,,null,,,,
IDA8705,4064,Persona,Víctima,Hombre,Sin especificar,Político del Estado,4064A,,null,,,,
IDA8706,4065,Persona,Perpetrador,Mujer,Sin especificar,Sin especificar,4065A,,null,,,,
IDA8707,4065,Persona,Víctima,Hombre,Sin especificar,Sin especificar,4065A,,null,,,,
IDA8708,4065,Persona,Perpetrador,Hombre,Sin especificar,Sin especificar,4065A,,null,,,,
IDA8709,4066,Persona,Perpetrador,Hombre,Sin especificar,Sin especificar,4066A,,null,,,,
IDA8710,4066,Persona,Víctima,Hombre,Sin especificar,Sin especificar,4066A,,null,,,,
IDA8711,4067,Persona,Perpetrador,Hombre,Sin especificar,Político del Estado,4067A,,null,,,,
IDA8712,4067,Persona,Víctima,Hombre,Sin especificar,Sin especificar,4067A,,null,,,,
IDA8713,4068,Persona,Perpetrador,Hombre,Sin especificar,Sin especificar,4068A,,null,,,,
IDA8714,4068,Persona,Víctima,Mujer,Sin especificar,Sin especificar,4068A,,null,,,,
IDA8715,4069,Persona,Perpetrador,Hombre,Sin especificar,Sin especificar,4069A,,null,,,,
IDA8716,4069,Persona,Víctima,Hombre,Sin especificar,Político del Estado,4069A,,null,,,,
IDA8717,4070,Persona,Perpetrador,Hombre,Sin especificar,Sin especificar,4070A,,null,,,,
IDA8718,4070,Persona,Víctima,Indeterminado,Indeterminado,Indeterminado,4070A,1,null,,,,
IDA8719,4071,Persona,Perpetrador,Mujer,Sin especificar,Sin especificar,4071A,,null,,,,
IDA8720,4071,Persona,Víctima,Hombre,Sin especificar,Sin especificar,4071A,,null,,1,,
IDA8721,4071,Persona,Perpetrador,Hombre,Sin especificar,Sin especificar,4071B,,null,,Cambio de rol,,
IDA8722,4071,Persona,Perpetrador,Hombre,Sin especificar,Sin especificar,4071B,,null,,1,,
IDA8723,4071,Persona,Víctima,Hombre,Sin especificar,Sin especificar,4071A,,null,,1,,
IDA8724,4071,Persona,Perpetrador,Mujer,Sin especificar,Sin especificar,4071A,,null,,1,,
IDA8725,4072,Persona,Perpetrador,Mujer,Esclavo,Sin especificar,4072A,,null,,,,
IDA8726,4072,Persona,Víctima,Mujer,Sin especificar,Sin especificar,4072A,,null,,,,
IDA8727,4073,Persona,Perpetrador,Hombre,Sin especificar,Sin especificar,4073A,,null,,,,
IDA8728,4073,Persona,Víctima,Hombre,Sin especificar,Sin especificar,4073A,,null,,,,
IDA8729,4074,Persona,Perpetrador,Hombre,Sin especificar,Sin especificar,4074A,,null,,,,
IDA8730,4074,Persona,Víctima,Indeterminado,Indeterminado,Indeterminado,4074A,1,null,,,,
IDA8731,4075,Persona,Perpetrador,Hombre,Sin especificar,Sin especificar,4075A,,null,,,,
IDA8732,4077,Persona,Perpetrador,Hombre,Sin especificar,Sin especificar,"4077A, 4077B",,null,,,,
IDA8733,4077,Persona,Víctima,Hombre,Sin especificar,Sin especificar,4077A,,null,,,,
IDA8734,4078,Persona,Perpetrador,Hombre,Sin especificar,Sin especificar,4078A,,null,,,,
IDA8735,4078,Persona,Víctima,Mujer,Sin especificar,Sin especificar,4078A,,null,,,,
IDA8736,4081,Persona,Perpetrador,Hombre,Sin especificar,Político del Estado,"4081A, 4081B",,null,,,,
IDA8737,4081,Persona,Víctima,Hombre,Sin especificar,Político del Estado,4081A,,null,,,,
IDA8738,4081,Persona,Víctima,Hombre,Sin especificar,Sin especificar,4081B,,null,,,,
IDA8739,4082,Persona,Perpetrador,Mujer,Sin especificar,Sin especificar,4082A,,null,,,,
IDA8740,4082,Persona,Perpetrador,Mujer,Sin especificar,Sin especificar,4082A,,null,,,,
IDA8741,4082,Persona,Perpetrador,Mujer,Sin especificar,Sin especificar,4082A,,null,,,,
IDA8742,4082,Persona,Víctima,Mujer,Sin especificar,Sin especificar,4082A,,null,,,,
IDA8743,4083,Persona,Perpetrador,Hombre,Sin especificar,Sin especificar,4083A,1,null,,,,
IDA8744,4083,Persona,Perpetrador,Indeterminado,Indeterminado,Indeterminado,4083A,1,null,,,,
IDA8745,4083,Persona,Perpetrador,Indeterminado,Indeterminado,Indeterminado,4083A,1,null,,,,
IDA8746,4083,Institución,Víctima,null,null,null,4083A,,La autoridad,,,,
IDA8747,4084,Persona,Perpetrador,Hombre,Sin especificar,Político del Estado,4084A,,null,,,,
IDA8748,4084,Persona,Víctima,Hombre,Sin especificar,Sin especificar,4084A,,null,,,,
IDA8749,4085,Persona,Perpetrador,Hombre,Sin especificar,Sin especificar,4085A,,null,,,,
IDA8750,4085,Persona,Perpetrador,Mujer,Sin especificar,Sin especificar,4085A,,null,,,,
IDA8751,4086,Persona,Perpetrador,Hombre,Sin especificar,Sin especificar,4086A,,null,,,,
IDA8752,4086,Persona,Perpetrador,Mujer,Sin especificar,Sin especificar,4086A,,null,,,,
IDA8753,4087,Persona,Perpetrador,Hombre,Sin especificar,Sin especificar,4087A,,null,,,,
IDA8754,4087,Persona,Víctima,Hombre,Sin especificar,Político del Estado,4087A,,null,,,,
IDA8755,4088,Persona,Perpetrador,Mujer,Sin especificar,Sin especificar,4088A,,null,,,,
IDA8756,4088,Persona,Víctima,Hombre,Sin especificar,Sin especificar,4088A,,null,,,,
IDA8757,4088,Persona,Perpetrador,Hombre,Sin especificar,Sin especificar,4088A,,null,,,,
IDA8758,4089,Persona,Perpetrador,Hombre,Sin especificar,Sin especificar,4089A,,null,,,,
IDA8759,4089,Persona,Víctima,Hombre,Sin especificar,Sin especificar,4089A,,null,,,,
IDA8760,4090,Persona,Perpetrador,Hombre,Sin especificar,Político del Estado,"4090A, 4090B",,null,,,,
IDA8761,4090,Persona,Víctima,Hombre,Sin especificar,Sin especificar,"4090A, 4090B",,null,,,,
IDA8762,4090,Persona,Víctima,Mujer,Sin especificar,Sin especificar,"4090A, 4090B",,null,,,,
IDA8763,4091,Persona,Perpetrador,Hombre,Sin especificar,Sin especificar,4091A,,null,,,,
IDA8764,4091,Persona,Víctima,Hombre,Sin especificar,Sin especificar,4091A,,null,,,,
IDA8765,4092,Persona,Perpetrador,Hombre,Sin especificar,Sin especificar,"4092A, 4092B",,null,,,,
IDA8766,4092,Persona,Víctima,Mujer,Sin especificar,Sin especificar,4092A,,null,,,,
IDA8767,4092,Persona,Víctima,Mujer,Sin especificar,Sin especificar,4092B,,null,,,,
IDA8768,4093,Persona,Perpetrador,Hombre,Sin especificar,Sin especificar,"4093A, 4093B, 4093C",,null,,,,
IDA8769,4093,Persona,Víctima,Hombre,Sin especificar,Sin especificar,"4093A, 4093B",,null,,,,
IDA8770,4093,Institución,Víctima,null,null,null,4093C,,La autoridad,,,,
IDA8771,4094,Persona,Perpetrador,Hombre,Sin especificar,Sin especificar,4094A,,null,,,,
IDA8772,4094,Persona,Perpetrador,Hombre,Sin especificar,Sin especificar,4094A,,null,,,,
IDA8773,4094,Persona,Víctima,Hombre,Sin especificar,Sin especificar,4094A,,null,,,,
IDA8774,4095,Persona,Perpetrador,Hombre,Sin especificar,Sin especificar,4095A,,null,,,,
IDA8775,4095,Persona,Víctima,Hombre,Sin especificar,Sin especificar,4095A,,null,,,,
IDA8776,4096,Persona,Perpetrador,Hombre,Sin especificar,Sin especificar,4096A,,null,,,,
IDA8777,4096,Persona,Víctima,Hombre,Sin especificar,Sin especificar,4096A,,null,,,,
IDA8778,4097,Persona,Perpetrador,Hombre,Sin especificar,Sin especificar,4097A,,null,,,,
IDA8779,4097,Persona,Víctima,Hombre,Sin especificar,Sin especificar,4097A,,null,,,,
IDA8780,4098,Persona,Perpetrador,Hombre,Sin especificar,Sin especificar,"4098A, 4098B",,null,,,,
IDA8781,4098,Persona,Víctima,Mujer,Sin especificar,Sin especificar,"4098A, 4098B",,null,,,,
IDA8782,4098,Persona,Víctima,Mujer,Sin especificar,Sin especificar,4098B,,null,,,,
IDA8783,4099,Persona,Perpetrador,Hombre,Sin especificar,Sin especificar,4099A,,null,,,,
IDA8784,4099,Persona,Cómplice,Hombre,Sin especificar,Sin especificar,4099A,,null,,,,
IDA8785,4099,Persona,Víctima,Hombre,Sin especificar,Sin especificar,4099A,,null,,,,
IDA8786,4100,Persona,Perpetrador,Hombre,Sin especificar,Sin especificar,4100A,,null,,,,
IDA8787,4100,Institución,Víctima,null,null,null,4100A,,La justicia/jueces,,,,
IDA8788,4101,Persona,Perpetrador,Hombre,Sin especificar,Sin especificar,4101A,,null,,,,
IDA8789,4101,Persona,Víctima,Hombre,Sin especificar,Sin especificar,4101A,,null,,,,
IDA8790,4102,Persona,Perpetrador,Hombre,Sin especificar,Político del Estado,"4102A, 4102B",,null,,1,,
IDA8791,4102,Persona,Perpetrador,Hombre,Sin especificar,Sin especificar,4102A,,null,,1,,
IDA8792,4102,Persona,Perpetrador,Hombre,Sin especificar,Sin especificar,4102A,,null,,1,,
IDA8793,4102,Persona,Perpetrador,Hombre,Sin especificar,Sin especificar,4102A,,null,,1,,
IDA8794,4102,Persona,Perpetrador,Hombre,Sin especificar,Sin especificar,4102A,,null,,1,,
IDA8795,4102,Persona,Perpetrador,Hombre,Sin especificar,Sin especificar,4102A,,null,,1,,
IDA8796,4102,Persona,Víctima,Hombre,Sin especificar,Político del Estado,"4102A, 4102B",,null,,1,,
IDA8797,4103,Persona,Perpetrador,Hombre,Indígenas,Sin especificar,4103A,1,null,,,,
IDA8798,4103,Persona,Perpetrador,Hombre,Indígenas,Sin especificar,4103A,1,null,,,,
IDA8799,4103,Persona,Perpetrador,Hombre,Indígenas,Sin especificar,4103A,1,null,,,,
IDA8800,4103,Persona,Perpetrador,Indeterminado,Indeterminado,Indeterminado,4103A,1,null,,,,
IDA8801,4103,Persona,Perpetrador,Indeterminado,Indeterminado,Indeterminado,4103A,1,null,,,,
IDA8802,4103,Persona,Víctima,Hombre,Sin especificar,Sin especificar,4103A,1,null,,,,
IDA8803,4103,Persona,Víctima,Mujer,Sin especificar,Sin especificar,4103A,1,null,,,,
IDA8804,4103,Persona,Víctima,Indeterminado,Indeterminado,Indeterminado,4103A,1,null,,,,
IDA8805,4103,Persona,Víctima,Indeterminado,Indeterminado,Indeterminado,4103A,1,null,,,,
IDA8806,4104,Persona,Perpetrador,Hombre,Sin especificar,Sin especificar,"4104A, 4104B",,null,,,,
IDA8807,4104,Persona,Perpetrador,Hombre,Sin especificar,Sin especificar,"4104A, 4104B",,null,,,,
IDA8808,4104,Persona,Víctima,Indeterminado,Indeterminado,Indeterminado,4104A,1,null,,,,
IDA8809,4106,Persona,Perpetrador,Hombre,Sin especificar,Sin especificar,4106A,,null,,,,
IDA8810,4106,Persona,Víctima,Mujer,Sin especificar,Sin especificar,4106A,1,null,,,,
IDA8811,4106,Persona,Víctima,Mujer,Sin especificar,Sin especificar,4106A,1,null,,,,
IDA8812,4107,Persona,Perpetrador,Hombre,Sin especificar,Sin especificar,"4107A, 4107B",,null,,,,
IDA8813,4107,Institución,Víctima,null,null,null,"4107A, 4107B",,La autoridad,,,,
IDA8814,4108,Persona,Perpetrador,Hombre,Sin especificar,Eclesiástico,4108A,,null,,,,
IDA8815,4108,Persona,Perpetrador,Mujer,Sin especificar,Sin especificar,4108A,,null,,,,
IDA8816,4109,Persona,Perpetrador,Hombre,Sin especificar,Sin especificar,4109A,,null,,,,
IDA8817,4110,Persona,Perpetrador,Hombre,Sin especificar,Sin especificar,4110A,,null,,,,
IDA8818,4110,Persona,Víctima,Hombre,Sin especificar,Sin especificar,4110A,,null,,,,
IDA8819,4111,Persona,Perpetrador,Hombre,Sin especificar,Sin especificar,4111A,,null,,,,
IDA8820,4111,Persona,Víctima,Hombre,Sin especificar,Sin especificar,4111A,,null,,,,
IDA8821,4112,Persona,Perpetrador,Mujer,Sin especificar,Sin especificar,4112A,,null,,,,
IDA8822,4112,Persona,Víctima,Hombre,Sin especificar,Sin especificar,4112A,,null,,,,
IDA8823,4113,Persona,Perpetrador,Hombre,Sin especificar,Sin especificar,4113A,,null,,,,
IDA8824,4113,Persona,Perpetrador,Mujer,Sin especificar,Sin especificar,4113A,,null,,,,
IDA8825,4113,Persona,Perpetrador,Mujer,Sin especificar,Sin especificar,4113A,,null,,,,
IDA8826,4113,Persona,Víctima,Hombre,Sin especificar,Sin especificar,4113A,,null,,,,
IDA8827,4114,Persona,Perpetrador,Hombre,Sin especificar,Sin especificar,4114A,,null,,,,
IDA8828,4114,Persona,Víctima,Hombre,Sin especificar,Sin especificar,4114A,,null,,,,
IDA8829,4114,Persona,Víctima,Hombre,Sin especificar,Sin especificar,4114A,,null,,,,
IDA8830,4115,Persona,Perpetrador,Hombre,Sin especificar,Sin especificar,4115A,,null,,,,
IDA8831,4115,Persona,Perpetrador,Hombre,Sin especificar,Sin especificar,4115A,,null,,,,
IDA8832,4115,Persona,Perpetrador,Hombre,Sin especificar,Sin especificar,4115A,,null,,,,
IDA8833,4115,Persona,Víctima,Hombre,Sin especificar,Sin especificar,4115A,,null,,,,
IDA8834,4115,Persona,Perpetrador,Hombre,Sin especificar,Político del Estado,4115B,,null,,,,
IDA8835,4115,Persona,Víctima,Hombre,Sin especificar,Político del Estado,4115B,,null,,,,
IDA8836,4116,Persona,Perpetrador,Hombre,Sin especificar,Sin especificar,4116A,,null,,,,
IDA8837,4116,Persona,Víctima,Hombre,Sin especificar,Sin especificar,4116A,,null,,,,
IDA8838,4118,Persona,Perpetrador,Hombre,Sin especificar,Sin especificar,"4118A, 4118B, 4118C",,null,Víctima,1,,
IDA8839,4118,Persona,Víctima,Hombre,Sin especificar,Sin especificar,"4118A, 4118B, 4118C",,null,Perpetrador,1,,
IDA8840,4119,Persona,Perpetrador,Hombre,Sin especificar,Sin especificar,4119A,,null,,,,
IDA8841,4121,Persona,Perpetrador,Hombre,Sin especificar,Sin especificar,4121A,,null,,,,
IDA8842,4121,Persona,Víctima,Hombre,Sin especificar,Sin especificar,4121A,,null,,,,
IDA8843,4122,Persona,Perpetrador,Hombre,Sin especificar,Sin especificar,"4122A, 4122B",,null,,,,
IDA8844,4123,Persona,Perpetrador,Hombre,Sin especificar,Sin especificar,4123A,,null,,,,
IDA8845,4123,Persona,Víctima,Hombre,Sin especificar,Sin especificar,4123A,,null,,,,
IDA8846,4124,Persona,Perpetrador,Hombre,Sin especificar,Sin especificar,4124A,,null,,,,
IDA8847,4124,Persona,Víctima,Hombre,Sin especificar,Eclesiástico,4124A,,null,,,,
IDA8848,4125,Persona,Perpetrador,Hombre,Sin especificar,Sin especificar,4125A,,null,,1,,
IDA8849,4125,Persona,Víctima,Hombre,Sin especificar,Político del Estado,4125A,,null,,1,,
IDA8850,4125,Persona,Perpetrador,Hombre,Sin especificar,Político del Estado,"4125B, 4125C",,null,,1,,
IDA8851,4125,Persona,Víctima,Hombre,Sin especificar,Sin especificar,"4125B, 4125C",,null,,1,,
IDA8852,4125,Persona,Perpetrador,Hombre,Sin especificar,Sin especificar,4125A,,null,,,,
IDA8853,4125,Persona,Víctima,Hombre,Sin especificar,Político del Estado,4125A,,null,,,,
IDA8854,4126,Persona,Perpetrador,Hombre,Sin especificar,Sin especificar,4126A,,null,,,,
IDA8855,4126,Institución,Víctima,null,null,null,4126A,,Iglesia,,,,
IDA8856,4127,Persona,Perpetrador,Hombre,Sin especificar,Sin especificar,4127A,,null,,,,
IDA8857,4127,Persona,Cómplice,Hombre,Sin especificar,Sin especificar,4127B,,null,,,,
IDA8858,4127,Persona,Cómplice,Hombre,Sin especificar,Sin especificar,4127B,,null,,,,
IDA8859,4128,Persona,Perpetrador,Hombre,Sin especificar,Sin especificar,"4128A, 4128B",,null,,,,
IDA8860,4129,Persona,Perpetrador,Hombre,Sin especificar,Sin especificar,"4129A, 4129B",,null,,,,
IDA8861,4129,Persona,Víctima,Hombre,Sin especificar,Sin especificar,4129A,,null,,,,
IDA8862,4130,Persona,Perpetrador,Hombre,Sin especificar,Sin especificar,4130A,,null,,,,
IDA8863,4130,Persona,Víctima,Mujer,Sin especificar,Sin especificar,4130A,,null,,,,
IDA8864,4131,Persona,Perpetrador,Hombre,Sin especificar,Sin especificar,4131A,,null,,,,
IDA8865,4131,Población Indígena Completa,Víctima,null,null,null,4131A,,null,,,,
IDA8866,4132,Persona,Perpetrador,Hombre,Sin especificar,Político del Estado,"4132A, 4132B, 4132C",,null,,,,
IDA8867,4132,Persona,Víctima,Hombre,Sin especificar,Sin especificar,"4132A, 4132B",,null,,,,
IDA8868,4132,Persona,Víctima,Mujer,Sin especificar,Sin especificar,4132C,,null,,,,
IDA8869,4133,Persona,Perpetrador,Hombre,Sin especificar,Sin especificar,"4133A, 4133B",,null,,,,
IDA8870,4133,Persona,Víctima,Hombre,Sin especificar,Sin especificar,"4133A, 4133B",,null,,,,
IDA8871,4134,Persona,Perpetrador,Hombre,Sin especificar,Político del Estado,4134A,,null,,,,
IDA8872,4134,Persona,Víctima,Hombre,Sin especificar,Sin especificar,4134A,,null,,,,
IDA8873,4135,Persona,Perpetrador,Hombre,Sin especificar,Sin especificar,4135A,,null,,,,
IDA8874,4135,Persona,Víctima,Hombre,Sin especificar,Sin especificar,4135A,,null,,,,
IDA8875,4136,Persona,Perpetrador,Hombre,Sin especificar,Sin especificar,4136A,,null,,,,
IDA8876,4136,Persona,Víctima,Hombre,Sin especificar,Sin especificar,4136A,,null,,,,
IDA8877,4137,Persona,Perpetrador,Hombre,Sin especificar,Sin especificar,4137A,,null,,,,
IDA8878,4137,Persona,Perpetrador,Hombre,Sin especificar,Sin especificar,4137A,,null,,,,
IDA8879,4137,Persona,Víctima,Hombre,Sin especificar,Sin especificar,4137A,,null,,,,
IDA8880,4138,Persona,Perpetrador,Hombre,Sin especificar,Sin especificar,4138A,,null,,,,
IDA8881,4138,Persona,Perpetrador,Mujer,Sin especificar,Sin especificar,4138A,,null,,,,
IDA8882,4139,Persona,Perpetrador,Hombre,Sin especificar,Sin especificar,4139A,,null,,,,
IDA8883,4139,Persona,Víctima,Hombre,Sin especificar,Sin especificar,4139A,,null,,,,
IDA8884,4140,Persona,Perpetrador,Hombre,Sin especificar,Sin especificar,"4140A, 4140B",,null,,,,
IDA8885,4140,Persona,Perpetrador,Mujer,Sin especificar,Sin especificar,4140A,,null,,,,
IDA8886,4140,Persona,Víctima,Mujer,Sin especificar,Sin especificar,4140B,,null,,,,
IDA8887,4141,Persona,Perpetrador,Hombre,Sin especificar,Sin especificar,4141A,,null,,,,
IDA8888,4141,Persona,Víctima,Indeterminado,Indeterminado,Indeterminado,4141A,1,null,,,,
IDA8889,4143,Persona,Perpetrador,Hombre,Sin especificar,Sin especificar,4143A,,null,,,,
IDA8890,4143,Persona,Víctima,Indeterminado,Indeterminado,Indeterminado,4143A,1,null,,,,
IDA8891,4144,Persona,Perpetrador,Hombre,Sin especificar,Sin especificar,4144A,,null,,,,
IDA8892,4144,Persona,Víctima,Indeterminado,Indeterminado,Indeterminado,4144A,1,null,,,,
IDA8893,4145,Persona,Perpetrador,Mujer,Sin especificar,Sin especificar,4145A,,null,,,,
IDA8894,4145,Persona,Víctima,Hombre,Sin especificar,Sin especificar,4145A,,null,,,,
IDA8895,4145,Persona,Perpetrador,Hombre,Sin especificar,Sin especificar,4145A,,null,,,,
IDA8896,4146,Persona,Perpetrador,Hombre,Sin especificar,Sin especificar,4146A,,null,,,,
IDA8897,4146,Persona,Víctima,Hombre,Sin especificar,Sin especificar,4146A,,null,,,,
IDA8898,4147,Persona,Perpetrador,Hombre,Sin especificar,Sin especificar,4147A,,null,,,,
IDA8899,4147,Persona,Víctima,Mujer,Sin especificar,Sin especificar,4147A,,null,,,,
IDA8900,4148,Persona,Perpetrador,Hombre,Sin especificar,Político del Estado,"4148A, 4148B, 4148E",,null,,,,
IDA8901,4148,Persona,Perpetrador,Hombre,Sin especificar,Político del Estado,"4148C, 4148D, 4148E",,null,,,,
IDA8902,4149,Persona,Perpetrador,Hombre,Sin especificar,Sin especificar,4149A,,null,,,,
IDA8903,4149,Persona,Víctima,Hombre,Sin especificar,Eclesiástico,4149A,,null,,,,
IDA8904,4149,Persona,Perpetrador,Indeterminado,Indeterminado,Indeterminado,4149B,1,null,,,,
IDA8905,4149,Persona,Víctima,Hombre,Sin especificar,Sin especificar,4149B,,null,,,,
IDA8906,4150,Persona,Perpetrador,Hombre,Sin especificar,Político del Estado,"4150A, 4150B",,null,,,,
IDA8907,4150,Persona,Víctima,Hombre,Sin especificar,Sin especificar,"4150A, 4150B",,null,,,,
IDA8908,4151,Persona,Perpetrador,Hombre,Sin especificar,Sin especificar,4151A,,null,,,,
IDA8909,4151,Persona,Perpetrador,Hombre,Sin especificar,Sin especificar,4151A,,null,,,,
IDA8910,4152,Persona,Perpetrador,Hombre,Sin especificar,Sin especificar,"4152A, 4152B",,null,,,,
IDA8911,4152,Persona,Perpetrador,Hombre,Sin especificar,Sin especificar,"4152A, 4152B",,null,,,,
IDA8912,4152,Institución,Víctima,null,null,null,4152B,,La autoridad,,,,
IDA8913,4153,Persona,Perpetrador,Hombre,Sin especificar,Sin especificar,"4153A, 4153B",,null,,,,
IDA8914,4153,Persona,Víctima,Hombre,Sin especificar,Eclesiástico,4153A,,null,,,,
IDA8915,4154,Persona,Perpetrador,Mujer,Sin especificar,Sin especificar,4154A,,null,,,,
IDA8916,4154,Persona,Víctima,Mujer,Sin especificar,Sin especificar,4154A,,null,,,,
IDA8917,4155,Persona,Perpetrador,Mujer,Sin especificar,Sin especificar,4155A,,null,,,,
IDA8918,4155,Persona,Víctima,Hombre,Sin especificar,Sin especificar,4155A,,null,,,,
IDA8919,4155,Persona,Perpetrador,Hombre,Sin especificar,Sin especificar,4155A,,null,,,,
IDA8920,4155,Persona,Perpetrador,Mujer,Sin especificar,Sin especificar,4155A,,null,,,,
IDA8921,4156,Persona,Perpetrador,Hombre,Sin especificar,Sin especificar,4156A,,null,,,,
IDA8922,4156,Persona,Perpetrador,Hombre,Sin especificar,Sin especificar,4156A,,null,,,,
IDA8923,4156,Persona,Perpetrador,Hombre,Sin especificar,Sin especificar,4156A,,null,,,,
IDA8924,4156,Persona,Víctima,Hombre,Sin especificar,Sin especificar,4156A,,null,,,,
IDA8925,4157,Persona,Perpetrador,Hombre,Sin especificar,Sin especificar,4157A,,null,,,,
IDA8926,4157,Persona,Víctima,Mujer,Sin especificar,Sin especificar,4157A,,null,,,,
IDA8927,4158,Persona,Perpetrador,Hombre,Sin especificar,Sin especificar,4158A,,null,,,,
IDA8928,4158,Persona,Víctima,Hombre,Sin especificar,Sin especificar,4158A,,null,,,,
IDA8929,4159,Persona,Perpetrador,Hombre,Sin especificar,Eclesiástico,4159A,,null,,,,
IDA8930,4159,Institución,Víctima,null,null,null,4159A,,La autoridad,,,,
IDA8931,4160,Persona,Perpetrador,Hombre,Sin especificar,Sin especificar,"4160A, 4160B, 4160C, 4160D",,null,,,,
IDA8932,4160,Persona,Víctima,Indeterminado,Sin especificar,Sin especificar,4160A,1,null,,,,
IDA8933,4160,Persona,Víctima,Mujer,Sin especificar,Sin especificar,"4160B, 4160C",,null,,,,
IDA8934,4160,Persona,Víctima,Mujer,Sin especificar,Sin especificar, 4160C,,null,,,,
IDA8935,4161,Persona,Perpetrador,Hombre,Sin especificar,Sin especificar,4161A,,null,,,,
IDA8936,4161,Persona,Víctima,Hombre,Sin especificar,Sin especificar,4161A,,null,,,,
IDA8937,4162,Persona,Perpetrador,Hombre,Sin especificar,Sin especificar,4162A,,null,,,,
IDA8938,4162,Persona,Víctima,Hombre,Sin especificar,Fuerza armada,4162A,,null,,,,
IDA8939,4163,Persona,Perpetrador,Hombre,Sin especificar,Sin especificar,4163A,,null,,,,
IDA8940,4163,Persona,Víctima,Indeterminado,Indeterminado,Indeterminado,4163A,1,null,,,,
IDA8941,4164,Persona,Perpetrador,Hombre,Sin especificar,Sin especificar,"4164A, 4164B",,null,,,,
IDA8942,4164,Persona,Víctima,Hombre,Sin especificar,Sin especificar,4164A,,null,,,,
IDA8943,4164,Persona,Víctima,Hombre,Sin especificar,Sin especificar,4164B,,null,,,,
IDA8944,4165,Persona,Perpetrador,Hombre,Sin especificar,Político del Estado,4165A,,null,,,,
IDA8945,4165,Persona,Víctima,Hombre,Sin especificar,Político del Estado,4165A,,null,,,,
IDA8946,4166,Persona,Perpetrador,Hombre,Sin especificar,Político del Estado,4166A,,null,,,,
IDA8947,4166,Persona,Víctima,Mujer,Sin especificar,Sin especificar,4166A,,null,,,,
IDA8948,4167,Persona,Perpetrador,Hombre,Sin especificar,Sin especificar,4167A,,null,,,,
IDA8949,4167,Persona,Víctima,Mujer,Sin especificar,Sin especificar,4167A,,null,,,,
IDA8950,4168,Persona,Perpetrador,Hombre,Sin especificar,Sin especificar,4168A,,null,,,,
IDA8951,4168,Persona,Víctima,Hombre,Sin especificar,Sin especificar,4168A,,null,,,,
IDA8952,4169,Persona,Perpetrador,Hombre,Sin especificar,Sin especificar,4169A,,null,,,,
IDA8953,4169,Persona,Víctima,Indeterminado,Indeterminado,Indeterminado,4169A,1,null,,,,
IDA8954,4170,Persona,Perpetrador,Hombre,Sin especificar,Sin especificar,"4170A, 4170B",,null,Víctima,1,,
IDA8955,4170,Persona,Perpetrador,Mujer,Sin especificar,Sin especificar,4170A,,null,,1,,
IDA8956,4170,Persona,Perpetrador,Hombre,Sin especificar,Político del Estado,4170B,,null,,1,,
IDA8957,4171,Persona,Perpetrador,Hombre,Sin especificar,Sin especificar,"4171A, 4171B",1,null,,,,
IDA8958,4171,Persona,Víctima,Indeterminado,Indeterminado,Indeterminado,"4171A, 4171B",1,null,,,,
IDA8959,4172,Persona,Perpetrador,Hombre,Sin especificar,Sin especificar,"4172A, 4172B",,null,,,,
IDA8960,4172,Persona,Perpetrador,Mujer,Negro libre/mulato,Sin especificar,4172A,,null,,,,
IDA8961,4173,Persona,Perpetrador,Hombre,Sin especificar,Sin especificar,4173A,,null,,,,
IDA8962,4173,Persona,Perpetrador,Hombre,Sin especificar,Sin especificar,4173A,,null,,,,
IDA8963,4173,Persona,Perpetrador,Hombre,Esclavo,Sin especificar,4173A,,null,,,,
IDA8964,4173,Persona,Víctima,Mujer,Sin especificar,Sin especificar,4173A,,null,,,,
IDA8965,4174,Persona,Perpetrador,Hombre,Sin especificar,Fuerza armada,4174A,,null,,,,
IDA8966,4174,Persona,Perpetrador,Hombre,Sin especificar,Fuerza armada,4174A,,null,,,,
IDA8967,4175,Persona,Perpetrador,Hombre,Sin especificar,Sin especificar,4175A,,null,,,,
IDA8968,4175,Persona,Perpetrador,Mujer,Sin especificar,Sin especificar,4175A,,null,,,,
IDA8969,4176,Persona,Perpetrador,Hombre,Sin especificar,Sin especificar,"4176A, 4176B, 4176C",,null,,,,
IDA8970,4176,Persona,Perpetrador,Hombre,Sin especificar,Sin especificar,"4176A, 4176B, 4176C",,null,,,,
IDA8971,4176,Persona,Perpetrador,Hombre,Sin especificar,Sin especificar,"4176A, 4176B, 4176C",,null,,,,
IDA8972,4176,Persona,Víctima,Indeterminado,Indeterminado,Indeterminado,4176C,1,null,,,,
IDA8973,4177,Persona,Perpetrador,Hombre,Sin especificar,Sin especificar,"4177A, 4177B",,null,,,,
IDA8974,4177,Persona,Víctima,Hombre,Sin especificar,Político del Estado,4177A,,null,,,,
IDA8975,4177,Población Indígena Completa,Víctima,null,null,null,4177B,,null,,,,
IDA8976,4178,Persona,Perpetrador,Hombre,Sin especificar,Sin especificar,"4178A, 4178B, 4178C",,null,,,,
IDA8977,4178,Persona,Perpetrador,Hombre,Sin especificar,Fuerza armada,4178A,,null,,,,
IDA8978,4179,Persona,Perpetrador,Hombre,Indígenas,Sin especificar,4179A,,null,,,,
IDA8979,4179,Persona,Víctima,Mujer,Sin especificar,Sin especificar,4179A,,null,,,,
IDA8980,4180,Persona,Perpetrador,Mujer,Sin especificar,Sin especificar,4180A,,null,,,,
IDA8981,4180,Persona,Víctima,Indeterminado,Indeterminado,Indeterminado,4180A,1,null,,,,
IDA8982,4181,Persona,Perpetrador,Hombre,Sin especificar,Sin especificar,4181A,,null,,,,
IDA8983,4181,Persona,Perpetrador,Hombre,Sin especificar,Político del Estado,4181A,,null,,,,
IDA8984,4181,Persona,Víctima,Mujer,Sin especificar,Sin especificar,4181A,,null,,,,
IDA8985,4182,Persona,Perpetrador,Hombre,Indígenas,Sin especificar,4182A,,null,,,,
IDA8986,4183,Persona,Perpetrador,Hombre,Sin especificar,Sin especificar,4183A,,null,,,,
IDA8987,4183,Institución,Víctima,null,null,null,4183A,,La autoridad,,,,
IDA8988,4184,Persona,Perpetrador,Hombre,Sin especificar,Sin especificar,"4184A, 4184B",,null,,,,
IDA8989,4184,Persona,Perpetrador,Hombre,Sin especificar,Sin especificar,"4184A, 4184B",,null,,,,
IDA8990,4184,Persona,Víctima,Hombre,Sin especificar,Sin especificar,4184A,,null,,,,
IDA8991,4184,Persona,Víctima,Hombre,Sin especificar,Sin especificar,4184B,1,null,,,,
IDA8992,4184,Persona,Víctima,Hombre,Sin especificar,Sin especificar,4184B,1,null,,,,
IDA8993,4185,Persona,Perpetrador,Hombre,Sin especificar,Sin especificar,"4185A, 4185B, 4185C, 4185D, 4185F",,null,,,,
IDA8994,4185,Persona,Perpetrador,Hombre,Sin especificar,Sin especificar,"4185A, 4185B, 4185C, 4185D, 4185F",,null,,,,
IDA8995,4185,Persona,Perpetrador,Hombre,Sin especificar,Sin especificar,"4185A, 4185B, 4185C, 4185D, 4185F",,null,,,,
IDA8996,4185,Persona,Víctima,Hombre,Sin especificar,Sin especificar,"4185A, 4185B, 4185C",,null,,,,
IDA8997,4185,Población Indígena Completa,Víctima,null,null,null,"4185D, 4185F",,null,,,,
IDA8998,4185,Persona,Víctima,Hombre,Sin especificar,Sin especificar,"4185B, 4185C, 4185A",,null,,,,
IDA8999,4186,Persona,Perpetrador,Hombre,Sin especificar,Sin especificar,4186A,,null,,,,
IDA9000,4186,Persona,Perpetrador,Hombre,Sin especificar,Sin especificar,4186A,,null,,,,
IDA9001,4187,Persona,Perpetrador,Hombre,Sin especificar,Político del Estado,4187A,,null,,,,
IDA9002,4187,Persona,Víctima,Hombre,Sin especificar,Político del Estado,4187A,,null,,,,
IDA9003,4189,Persona,Perpetrador,Hombre,Sin especificar,Sin especificar,"4189A, 4189B, 4189C",,null,Víctima,1,,
IDA9004,4189,Persona,Víctima,Hombre,Sin especificar,Político del Estado,"4189A, 4189B, 4189C",,null,Perpetrador,1,,
IDA9005,4191,Persona,Perpetrador,Hombre,Sin especificar,Sin especificar,4191A,,null,,,,
IDA9006,4192,Persona,Perpetrador,Hombre,Sin especificar,Sin especificar,4192A,,null,,,,
IDA9007,4192,Persona,Víctima,Indeterminado,Indeterminado,Indeterminado,4192A,1,null,,,,
IDA9008,4193,Persona,Perpetrador,Indeterminado,Indeterminado,Indeterminado,4193A,1,null,,,,
IDA9009,4193,Persona,Víctima,Hombre,Sin especificar,Sin especificar,4193A,,null,,,,
IDA9010,4194,Persona,Perpetrador,Hombre,Sin especificar,Sin especificar,4194A,,null,,1,,
IDA9011,4194,Persona,Víctima,Hombre,Sin especificar,Político del Estado,4194A,,null,,1,,
IDA9012,4194,Persona,Perpetrador,Hombre,Sin especificar,Político del Estado,"4194B, 4194C",,null,,1,,
IDA9013,4194,Persona,Víctima,Hombre,Sin especificar,Sin especificar,"4194B, 4194C",,null,,1,,
IDA9014,4195,Persona,Perpetrador,Hombre,Sin especificar,Sin especificar,4195A,,null,,,,
IDA9015,4195,Persona,Víctima,Hombre,Sin especificar,Sin especificar,4195A,,null,,,,
IDA9016,4196,Persona,Perpetrador,Hombre,Sin especificar,Sin especificar,4196A,,null,,,,
IDA9017,4197,Persona,Perpetrador,Hombre,Sin especificar,Sin especificar,4197A,,null,,,,
IDA9018,4197,Persona,Víctima,Indeterminado,Indeterminado,Indeterminado,4197A,1,null,,,,
IDA9019,4197,Persona,Perpetrador,Hombre,Sin especificar,Político del Estado,"4197B, 4197C",,null,,,,
IDA9020,4197,Persona,Víctima,Hombre,Sin especificar,Sin especificar,"4197B, 4197C",,null,,,,
IDA9021,4198,Persona,Perpetrador,Hombre,Sin especificar,Sin especificar,4198A,,null,,,,
IDA9022,4198,Persona,Víctima,Hombre,Sin especificar,Sin especificar,4198A,,null,,,,
IDA9023,4199,Persona,Perpetrador,Hombre,Sin especificar,Sin especificar,"4199A, 4199B, 4199C",,null,,,,
IDA9024,4199,Persona,Víctima,Indeterminado,Indeterminado,Indeterminado,"4199A, 4199B",1,null,,,,
IDA9025,4199,Persona,Perpetrador,Mujer,Sin especificar,Sin especificar,4199B,,null,,,,
IDA9026,4199,Persona,Víctima,Hombre,Sin especificar,Sin especificar,4199D,,null,,,,
IDA9027,4199,Persona,Perpetrador,Hombre,Sin especificar,Político del Estado,4199D,,null,,,,
IDA9028,4200,Persona,Perpetrador,Hombre,Sin especificar,Sin especificar,4200A,,null,,,,
IDA9029,4200,Persona,Perpetrador,Mujer,Sin especificar,Sin especificar,4200A,,null,,,,
IDA9030,4201,Persona,Perpetrador,Hombre,Sin especificar,Sin especificar,"4201A, 4201B",,null,,,,
IDA9031,4203,Persona,Perpetrador,Hombre,Sin especificar,Sin especificar,4203A,,null,,,,
IDA9032,4203,Persona,Víctima,Indeterminado,Indeterminado,Indeterminado,4203A,1,null,,,,
IDA9033,4205,Persona,Perpetrador,Hombre,Sin especificar,Sin especificar,4205A,,null,,,,
IDA9034,4205,Persona,Perpetrador,Mujer,Sin especificar,Sin especificar,4205A,,null,,,,
IDA9035,4206,Persona,Perpetrador,Hombre,Sin especificar,Sin especificar,4206A,,null,,,,
IDA9036,4206,Persona,Perpetrador,Mujer,Sin especificar,Sin especificar,4206A,,null,,,,
IDA9037,4207,Persona,Perpetrador,Hombre,Sin especificar,Sin especificar,"4207A, 4207B, 4207C",,null,,,,
IDA9038,4207,Persona,Víctima,Indeterminado,Indeterminado,Indeterminado,4207A,1,null,,,,
IDA9039,4208,Persona,Perpetrador,Hombre,Sin especificar,Sin especificar,4208A,,null,,,,
IDA9040,4208,Persona,Víctima,Indeterminado,Indeterminado,Indeterminado,4208A,1,null,,,,
IDA9041,4209,Persona,Perpetrador,Hombre,Sin especificar,Sin especificar,4209A,,null,,,,
IDA9042,4209,Persona,Perpetrador,Mujer,Sin especificar,Sin especificar,4209A,,null,,,,
IDA9043,4210,Persona,Perpetrador,Hombre,Sin especificar,Sin especificar,4210A,,null,,,,
IDA9044,4210,Persona,Víctima,Mujer,Sin especificar,Sin especificar,4210A,,null,,,,
IDA9045,4211,Persona,Perpetrador,Hombre,Sin especificar,Sin especificar,4211A,,null,,,,
IDA9046,4211,Persona,Víctima,Mujer,Sin especificar,Sin especificar,4211A,,null,,,,
IDA9047,4212,Persona,Perpetrador,Hombre,Sin especificar,Sin especificar,"4212A, 4212B",,null,,,,
IDA9048,4213,Persona,Perpetrador,Hombre,Sin especificar,Sin especificar,4213A,,null,,,,
IDA9049,4213,Persona,Perpetrador,Mujer,Esclavo,Sin especificar,4213A,,null,,,,
IDA9050,4214,Institución,Perpetrador,null,null,null,4214A,,La autoridad,,,,
IDA9051,4214,Persona,Víctima,Hombre,Sin especificar,Sin especificar,4214A,,null,,,,
IDA9052,4215,Persona,Perpetrador,Hombre,Sin especificar,Sin especificar,4215A,,null,,,,
IDA9053,4215,Persona,Víctima,Hombre,Sin especificar,Sin especificar,4215A,,null,,,,
IDA9054,4216,Persona,Perpetrador,Hombre,Sin especificar,Sin especificar,4216A,,null,,,,
IDA9055,4216,Persona,Víctima,Hombre,Indígenas,Sin especificar,4216A,1,null,,,,
IDA9056,4216,Persona,Víctima,Hombre,Indígenas,Sin especificar,4216A,1,null,,,,
IDA9057,4217,Persona,Perpetrador,Hombre,Sin especificar,Sin especificar,4217A,,null,,,,
IDA9058,4217,Persona,Perpetrador,Indeterminado,Indeterminado,Indeterminado,4217A,1,null,,,,
IDA9059,4217,Persona,Perpetrador,Indeterminado,Indeterminado,Indeterminado,4217A,1,null,,,,
IDA9060,4217,Institución,Víctima,null,null,null,4217A,,La autoridad,,,,
IDA9061,4218,Persona,Perpetrador,Hombre,Sin especificar,Sin especificar,4218A,,null,,,,
IDA9062,4218,Persona,Perpetrador,Mujer,Sin especificar,Sin especificar,4218A,,null,,,,
IDA9063,4226,Persona,Perpetrador,Hombre,Sin especificar,Sin especificar,4226A,,null,,,,
IDA9064,4229,Persona,Perpetrador,Hombre,Sin especificar,Político del Estado,"4229A, 4229B",,null,,,,
IDA9065,4229,Población Completa,Víctima,null,null,null,"4229A, 4229B",,null,,,,
IDA9066,4230,Persona,Perpetrador,Hombre,Sin especificar,Sin especificar,4230A,,null,,,,
IDA9067,4230,Persona,Víctima,Hombre,Sin especificar,Sin especificar,4230A,,null,,,,
IDA9068,4231,Persona,Perpetrador,Hombre,Sin especificar,Sin especificar,4231A,,null,,,,
IDA9069,4231,Persona,Perpetrador,Mujer,Sin especificar,Sin especificar,4231A,,null,,,,
IDA9070,4232,Persona,Perpetrador,Hombre,Sin especificar,Sin especificar,4232A,,null,,,,
IDA9071,4233,Persona,Perpetrador,Hombre,Sin especificar,Sin especificar,4233A,,null,,,,
IDA9072,4233,Persona,Víctima,Hombre,Sin especificar,Sin especificar,4233A,,null,,,,
IDA9073,4235,Persona,Perpetrador,Hombre,Sin especificar,Sin especificar,4235A,,null,,,,
IDA9074,4235,Persona,Víctima,Hombre,Sin especificar,Sin especificar,4235A,,null,,,,
IDA9075,4235,Persona,Víctima,Hombre,Sin especificar,Político del Estado,4235A,,null,,,,
IDA9076,4236,Persona,Perpetrador,Hombre,Sin especificar,Sin especificar,4236A,,null,,,,
IDA9077,4236,Persona,Víctima,Indeterminado,Indeterminado,Indeterminado,4236A,1,null,,,,
IDA9078,4237,Persona,Perpetrador,Hombre,Sin especificar,Político del Estado,"4237A, 4237B, 4237C",,null,,,,
IDA9079,4237,Persona,Perpetrador,Indeterminado,Indeterminado,Indeterminado,"4237A, 4237B",,null,,,,
IDA9080,4240,Persona,Perpetrador,Hombre,Sin especificar,Político del Estado,"4240A, 4240B",,null,,,,
IDA9081,4240,Persona,Perpetrador,Hombre,Sin especificar,Político del Estado,4240C,,null,,,,
IDA9082,4240,Persona,Víctima,Hombre,Sin especificar,Político del Estado,4240C,,,,,,
IDA9083,4241,Persona,Perpetrador,Hombre,Sin especificar,Sin especificar,4241A,,null,,,,
IDA9084,4241,Persona,Perpetrador,Hombre,Sin especificar,Sin especificar,4241B,,null,,,,
IDA9085,4241,Persona,Perpetrador,Hombre,Sin especificar,Sin especificar,4241B,,null,,,,
IDA9086,4242,Persona,Perpetrador,Hombre,Sin especificar,Sin especificar,4242A,,null,,,,
IDA9087,4242,Persona,Víctima,Hombre,Sin especificar,Sin especificar,4242A,,null,,,,
IDA9088,4244,Persona,Perpetrador,Indeterminado,Indeterminado,Indeterminado,4244A,1,null,,,,
IDA9089,4244,Persona,Víctima,Hombre,Sin especificar,Sin especificar,4244A,,null,,,,
IDA9090,4245,Persona,Perpetrador,Hombre,Sin especificar,Sin especificar,"4245A, 4245B",,null,,,,
IDA9091,4245,Persona,Víctima,Indeterminado,Indeterminado,Indeterminado,4245A,1,null,,,,
IDA9092,4246,Persona,Perpetrador,Hombre,Sin especificar,Sin especificar,4246A,,null,,,,
IDA9093,4246,Persona,Víctima,Indeterminado,Indeterminado,Indeterminado,4246A,1,null,,,,
IDA9094,4247,Persona,Perpetrador,Hombre,Sin especificar,Sin especificar,4247A,,null,,,,
IDA9095,4247,Persona,Perpetrador,Hombre,Sin especificar,Sin especificar,4247A,,null,,,,
IDA9096,4247,Persona,Víctima,Hombre,Sin especificar,Sin especificar,4247A,,null,,,,
IDA9097,4248,Persona,Perpetrador,Hombre,Sin especificar,Sin especificar,4248A,,null,,,,
IDA9098,4248,Persona,Víctima,Hombre,Sin especificar,Sin especificar,4248A,,null,,,,
IDA9099,4249,Persona,Perpetrador,Hombre,Sin especificar,Sin especificar,4249A,,null,,,,
IDA9100,4249,Persona,Víctima,Hombre,Sin especificar,Sin especificar,4249A,,null,,,,
IDA9101,4250,Persona,Perpetrador,Hombre,Sin especificar,Sin especificar,4250A,,null,,,,
IDA9102,4250,Persona,Víctima,Indeterminado,Indeterminado,Indeterminado,4250A,1,null,,,,
IDA9103,4251,Persona,Perpetrador,Hombre,Sin especificar,Sin especificar,4251A,,null,,,,
IDA9104,4251,Persona,Víctima,Mujer,Esclavo,Sin especificar,4251A,,null,,,,
IDA9105,4252,Persona,Perpetrador,Hombre,Sin especificar,Sin especificar,4252A,,null,,,,
IDA9106,4252,Persona,Perpetrador,Mujer,Sin especificar,Sin especificar,4252A,,null,,,,
IDA9107,4253,Persona,Perpetrador,Hombre,Sin especificar,Sin especificar,4253A,,null,,,,
IDA9108,4253,Persona,Víctima,Indeterminado,Indeterminado,Indeterminado,4253A,1,null,,,,
IDA9109,4254,Persona,Perpetrador,Hombre,Sin especificar,Sin especificar,4254A,,null,,,,
IDA9110,4254,Persona,Víctima,Hombre,Sin especificar,Político del Estado,4254A,,null,,,,
IDA9111,4255,Persona,Perpetrador,Hombre,Sin especificar,Sin especificar,"4255A, 4255B",,null,Víctima,,,
IDA9112,4255,Persona,Víctima,Hombre,Sin especificar,Sin especificar,"4255A, 4255B",,null,Perpetrador,,,
IDA9113,4256,Persona,Perpetrador,Hombre,Sin especificar,Sin especificar,4256A,,null,,,,
IDA9114,4256,Persona,Víctima,Hombre,Sin especificar,Político del Estado,4256A,,null,,,,
IDA9115,4257,Persona,Perpetrador,Hombre,Sin especificar,Sin especificar,"4257A, 4257B",,null,,,,
IDA9116,4257,Persona,Víctima,Mujer,Sin especificar,Sin especificar,4257A,,null,,,,
IDA9117,4257,Persona,Víctima,Indeterminado,Indeterminado,Indeterminado,4257B,1,null,,,,
IDA9118,4258,Persona,Perpetrador,Mujer,Sin especificar,Sin especificar,4258A,,null,,,,
IDA9119,4258,Persona,Víctima,Hombre,Sin especificar,Sin especificar,4258A,,null,,,,
IDA9120,4258,Persona,Víctima,Hombre,Sin especificar,Sin especificar,4258B,,null,,,,
IDA9121,4258,Persona,Perpetrador,Mujer,Sin especificar,Sin especificar,4258B,,null,,,,
IDA9122,4259,Persona,Perpetrador,Hombre,Sin especificar,Político del Estado,4259A,,null,,,,
IDA9123,4261,Persona,Perpetrador,Hombre,Sin especificar,Sin especificar,4261A,,null,,,,
IDA9124,4261,Persona,Víctima,Hombre,Sin especificar,Político del Estado,4261A,,null,,,,
IDA9125,4262,Persona,Perpetrador,Indeterminado,Indeterminado,Indeterminado,4262A,1,null,,,,
IDA9126,4262,Persona,Víctima,Hombre,Sin especificar,Eclesiástico,4262A,,null,,,,
IDA9127,4263,Persona,Perpetrador,Hombre,Sin especificar,Sin especificar,4263A,,null,,,,
IDA9128,4263,Población Indígena Completa,Víctima,null,null,null,4263A,,null,,,,
IDA9129,4264,Persona,Perpetrador,Hombre,Sin especificar,Sin especificar,"4264A, 4264B, 4264C, 4264D, 4264E",,null,,,,
IDA9130,4264,Persona,Perpetrador,Mujer,Sin especificar,Sin especificar,4264C,,null,,,,
IDA9131,4264,Institución,Víctima,null,null,null,4264D,,La justicia/jueces,,,,
IDA9132,4265,Persona,Perpetrador,Mujer,Sin especificar,Sin especificar,"4265A, 4265B, 4265C",,null,,,,
IDA9133,4265,Persona,Perpetrador,Hombre,Sin especificar,Sin especificar,4265A,,null,,,,
IDA9134,4265,Persona,Víctima,Hombre,Sin especificar,Sin especificar,"4265B, 4265C",,null,,,,
IDA9135,4268,Persona,Perpetrador,Hombre,Sin especificar,Sin especificar,"4268A, 4268B, 4268C, 4268D",,null,,,,
IDA9136,4268,Persona,Víctima,Hombre,Sin especificar,Político del Estado,4268A,1,null,,,,
IDA9137,4268,Persona,Víctima,Hombre,Sin especificar,Político del Estado,4268A,1,null,,,,
IDA9138,4268,Institución,Víctima,null,null,null,4268A,1,Real Audiencia ,,,,
IDA9139,4270,Persona,Perpetrador,Hombre,Sin especificar,Sin especificar,4270A,,null,,,,
IDA9140,4270,Persona,Víctima,Hombre,Sin especificar,Político del Estado,4270A,,null,,,,
IDA9141,4271,Persona,Perpetrador,Hombre,Sin especificar,Sin especificar,4271A,,null,,,,
IDA9142,4271,Persona,Víctima,Hombre,Sin especificar,Sin especificar,4271A,,null,,,,
IDA9143,4272,Persona,Perpetrador,Hombre,Sin especificar,Sin especificar,4272A,,null,,,,
IDA9144,4272,Persona,Víctima,Hombre,Sin especificar,Sin especificar,4272A,,null,,,,
IDA9145,4274,Persona,Perpetrador,Hombre,Sin especificar,Sin especificar,"4274A, 4274B",,null,,,,
IDA9146,4274,Persona,Víctima,Indeterminado,Indeterminado,Indeterminado,4274A,1,null,,,,
IDA9147,4274,Persona,Víctima,Indeterminado,Indeterminado,Indeterminado,4274B,1,null,,,,
IDA9148,4275,Persona,Perpetrador,Hombre,Sin especificar,Sin especificar,4275A,,null,,,,
IDA9149,4275,Persona,Víctima,Hombre,Sin especificar,Sin especificar,4275A,,null,,,,
IDA9150,4275,Persona,Perpetrador,Hombre,Sin especificar,Político del Estado,4275B,,null,,,,
IDA9151,4276,Persona,Perpetrador,Hombre,Sin especificar,Político del Estado,4276A,,null,,,,
IDA9152,4277,Persona,Perpetrador,Hombre,Sin especificar,Sin especificar,"4277A, 4277B, 4277C",,null,,,,
IDA9153,4277,Persona,Perpetrador,Mujer,Sin especificar,Sin especificar,"4277A, 4277B",,null,,,,
IDA9154,4277,Persona,Víctima,Indeterminado,Indeterminado,Indeterminado,4277B,1,null,,,,
IDA9155,4278,Persona,Perpetrador,Hombre,Sin especificar,Sin especificar,4278A,1,null,,,,
IDA9156,4278,Persona,Perpetrador,Hombre,Sin especificar,Sin especificar,4278A,1,null,,,,
IDA9157,4278,Persona,Perpetrador,Hombre,Sin especificar,Sin especificar,4278A,1,null,,,,
IDA9158,4278,Persona,Víctima,Indeterminado,Indeterminado,Indeterminado,4278A,1,null,,,,
IDA9159,4279,Persona,Perpetrador,Hombre,Sin especificar,Sin especificar,"4279A, 4279B",,null,,,,
IDA9160,4279,Persona,Perpetrador,Hombre,Sin especificar,Sin especificar,"4279A, 4279B",,null,,,,
IDA9161,4279,Persona,Víctima,Hombre,Sin especificar,Sin especificar,"4279A, 4279B",,null,,,,
IDA9162,4280,Persona,Perpetrador,Hombre,Sin especificar,Sin especificar,"4280A, 4280B, 4280C",,null,,,,
IDA9163,4280,Persona,Víctima,Mujer,Esclavo,Sin especificar,"4280A, 4280B",,null,,,,
IDA9164,4280,Persona,Víctima,Mujer,Esclavo,Sin especificar,"4280A, 4280B",,null,,,,
IDA9165,4280,Institución,Víctima,null,null,null,4280C,,La autoridad,,,,
IDA9166,4281,Persona,Perpetrador,Hombre,Sin especificar,Político del Estado,4281A,1,null,,,,
IDA9167,4281,Persona,Perpetrador,Hombre,Sin especificar,Político del Estado,4281A,1,null,,,,
IDA9168,4282,Persona,Perpetrador,Hombre,Sin especificar,Sin especificar,4282A,,null,,,,
IDA9169,4282,Persona,Víctima,Indeterminado,Indeterminado,Indeterminado,4282A,1,null,,,,
IDA9170,4283,Persona,Perpetrador,Hombre,Sin especificar,Sin especificar,4283A,,null,,,,
IDA9171,4284,Persona,Perpetrador,Hombre,Esclavo,Sin especificar,"4284A, 4284B",,null,,,,
IDA9172,4284,Persona,Víctima,Mujer,Sin especificar,Sin especificar,4284A,,null,,,,
IDA9173,4285,Persona,Perpetrador,Hombre,Sin especificar,Fuerza armada,"4285A, 4285B, 4285C, 4285D",,null,,,,
IDA9174,4285,Población Indígena Completa,Víctima,null,null,null,"4285A, 4285B, 4285D",,null,,,,
IDA9175,4286,Persona,Perpetrador,Hombre,Sin especificar,Sin especificar,4286A,,null,,,,
IDA9176,4287,Persona,Perpetrador,Hombre,Sin especificar,Sin especificar,"4287A, 4287B",,null,,,,
IDA9177,4288,Persona,Perpetrador,Hombre,Sin especificar,Sin especificar,4288A,,null,,,,
IDA9178,4288,Persona,Perpetrador,Hombre,Sin especificar,Sin especificar,4288A,,null,,,,
IDA9179,4289,Persona,Perpetrador,Hombre,Sin especificar,Sin especificar,4289A,,null,,,,
IDA9180,4289,Persona,Víctima,Indeterminado,Indeterminado,Indeterminado,4289A,1,null,,,,
IDA9181,4289,Persona,Perpetrador,Hombre,Sin especificar,Político del Estado,4289B,,null,,,,
IDA9182,4289,Persona,Víctima,Hombre,Sin especificar,Sin especificar,4289B,,null,,,,
IDA9183,4290,Persona,Perpetrador,Mujer,Sin especificar,Sin especificar,4290A,,null,,,,
IDA9184,4290,Persona,Víctima,Mujer,Sin especificar,Sin especificar,4290A,,null,,,,
IDA9185,4290,Persona,Víctima,Mujer,Sin especificar,Sin especificar,4290A,,null,,,,
IDA9186,4291,Persona,Perpetrador,Hombre,Sin especificar,Sin especificar,"4291A, 4291B",,null,,,,
IDA9187,4291,Persona,Víctima,Indeterminado,Indeterminado,Indeterminado,4291B,1,null,,,,
IDA9188,4291,Persona,Víctima,Indeterminado,Indeterminado,Indeterminado,4291B,1,null,,,,
IDA9189,4292,Persona,Perpetrador,Hombre,Sin especificar,Sin especificar,4292A,,null,,,,
IDA9190,4292,Persona,Víctima,Hombre,Sin especificar,Sin especificar,4292A,,null,,,,
IDA9191,4293,Persona,Perpetrador,Hombre,Sin especificar,Político del Estado,4293A,,null,,,,
IDA9192,4293,Persona,Víctima,Hombre,Sin especificar,Sin especificar,4293A,,null,,,,
IDA9193,4293,Persona,Víctima,Mujer,Sin especificar,Sin especificar,4293A,,null,,,,
IDA9194,4294,Persona,Perpetrador,Hombre,Sin especificar,Sin especificar,4294A,,null,,,,
IDA9195,4294,Persona,Víctima,Mujer,Sin especificar,Sin especificar,4294A,,null,,,,
IDA9196,4296,Persona,Perpetrador,Hombre,Sin especificar,Sin especificar,4296A,,null,,,,
IDA9197,4297,Persona,null,Hombre,Sin especificar,Sin especificar,4297A,,null,,,,
IDA9198,4297,Persona,null,Mujer,Sin especificar,Sin especificar,4297A,,null,,,,
IDA9199,4297,Persona,Perpetrador,Hombre,Sin especificar,Político del Estado,4297B,,null,,,,
IDA9200,4297,Persona,Víctima,Hombre,Sin especificar,Sin especificar,4297B,,null,,,,
IDA9201,4298,Persona,Perpetrador,Hombre,Sin especificar,Sin especificar,4298A,,null,,,,
IDA9202,4298,Persona,Víctima,Mujer,Sin especificar,Sin especificar,4298A,,null,,,,
IDA9203,4299,Persona,Perpetrador,Indeterminado,Indeterminado,Indeterminado,4299A,1,null,,,,
IDA9204,4299,Institución,Víctima,null,null,null,4299A,,La autoridad,,,,
IDA9205,4300,Persona,Perpetrador,Hombre,Sin especificar,Fuerza armada,4300A,,null,,,,
IDA9206,4300,Persona,Perpetrador,Hombre,Sin especificar,Fuerza armada,4300A,,null,,,,
IDA9207,4302,Persona,Perpetrador,Hombre,Sin especificar,Sin especificar,4302A,1,null,,,,
IDA9208,4302,Persona,Perpetrador,Hombre,Sin especificar,Sin especificar,4302B,1,null,,,,
IDA9209,4302,Persona,Perpetrador,Hombre,Sin especificar,Sin especificar,4302C,1,null,,,,
IDA9210,4302,Persona,Perpetrador,Mujer,Sin especificar,Sin especificar,4302A,1,null,,,,
IDA9211,4302,Persona,Perpetrador,Mujer,Sin especificar,Sin especificar,4302B,1,null,,,,
IDA9212,4302,Persona,Perpetrador,Mujer,Sin especificar,Sin especificar,4302C,1,null,,,,
IDA9213,4304,Persona,Perpetrador,Hombre,Sin especificar,Sin especificar,4304A,,null,,,,
IDA9214,4304,Persona,Perpetrador,Hombre,Sin especificar,Sin especificar,4304A,,null,,,,
IDA9215,4304,Persona,Víctima,Indeterminado,Indeterminado,Indeterminado,4304A,1,null,,,,
IDA9216,4307,Persona,Perpetrador,Hombre,Sin especificar,Sin especificar,4307A,,null,,,,
IDA9217,4307,Persona,Víctima,Hombre,Sin especificar,Fuerza armada,4307A,,null,,,,
IDA9218,4308,Persona,Perpetrador,Hombre,Sin especificar,Sin especificar,4308A,,null,,,,
IDA9219,4308,Persona,Perpetrador,Hombre,Sin especificar,Sin especificar,4308A,,null,,,,
IDA9220,4308,Persona,Perpetrador,Hombre,Sin especificar,Sin especificar,4308A,,null,,,,
IDA9221,4308,Persona,Perpetrador,Hombre,Sin especificar,Sin especificar,4308A,,null,,,,
IDA9222,4308,Persona,Perpetrador,Hombre,Sin especificar,Sin especificar,4308A,,null,,,,
IDA9223,4308,Institución,Víctima,null,null,null,4308A,,La autoridad,,,,
IDA9224,4309,Persona,Perpetrador,Hombre,Sin especificar,Sin especificar,"4309A, 4309B",,null,,,,
IDA9225,4309,Persona,Perpetrador,Hombre,Sin especificar,Sin especificar,"4309A, 4309B",,null,,,,
IDA9226,4309,Persona,Víctima,Hombre,Sin especificar,Sin especificar,"4309A, 4309B",,null,,,,
IDA9227,4310,Persona,Perpetrador,Hombre,Sin especificar,Sin especificar,4310A,,null,,,,
IDA9228,4311,Persona,Perpetrador,Hombre,Sin especificar,Sin especificar,4311A,,null,,,,
IDA9229,4311,Persona,Víctima,Mujer,Sin especificar,Sin especificar,4311A,1,null,,,,
IDA9230,4311,Persona,Víctima,Mujer,Sin especificar,Sin especificar,4311A,1,null,,,,
IDA9231,4312,Persona,Perpetrador,Indeterminado,Indeterminado,Indeterminado,4312A,1,null,,,,
IDA9232,4314,Persona,Perpetrador,Hombre,Sin especificar,Sin especificar,4314A,,null,,,,
IDA9233,4314,Persona,Perpetrador,Hombre,Sin especificar,Sin especificar,4314B,,null,,,,
IDA9234,4314,Persona,Víctima,Hombre,Esclavo,Sin especificar,4314A,,null,,,,
IDA9235,4314,Persona,Víctima,Hombre,Sin especificar,Político del Estado,4314B,,null,,,,
IDA9236,4315,Persona,Perpetrador,Hombre,Sin especificar,Sin especificar,4315A,,null,,,,
IDA9237,4315,Persona,Víctima,Hombre,Sin especificar,Sin especificar,4315A,,null,,,,
IDA9238,4316,Persona,Perpetrador,Hombre,Sin especificar,Sin especificar,4316A,,null,,,,
IDA9239,4316,Persona,Perpetrador,Mujer,Sin especificar,Sin especificar,4316A,,null,,,,
IDA9240,4316,Persona,Víctima,Hombre,Sin especificar,Sin especificar,4316A,,null,,,,
IDA9241,4317,Persona,Perpetrador,Hombre,Sin especificar,Sin especificar,4317A,,null,,,,
IDA9242,4317,Persona,Víctima,Hombre,Sin especificar,Sin especificar,4317A,,null,,,,
IDA9243,4318,Persona,Perpetrador,Hombre,Sin especificar,Sin especificar,4318A,,null,,,,
IDA9244,4318,Persona,Víctima,Indeterminado,Indeterminado,Indeterminado,4318A,,null,,,,
IDA9245,4319,Persona,Perpetrador,Hombre,Sin especificar,Sin especificar,4319A,,null,,,,
IDA9246,4320,Persona,Perpetrador,Hombre,Sin especificar,Sin especificar,4320A,,null,,,,
IDA9247,4320,Persona,Víctima,Mujer,Sin especificar,Sin especificar,4320A,,null,,,,
IDA9248,4321,Persona,Perpetrador,Hombre,Sin especificar,Sin especificar,4321A,,null,,,,
IDA9249,4321,Persona,Víctima,Mujer,Sin especificar,Sin especificar,4321A,,null,,,,
IDA9250,4322,Persona,Perpetrador,Hombre,Sin especificar,Sin especificar,"4322A, 4322B, 4322C",,null,,,,
IDA9251,4322,Persona,Perpetrador,Mujer,Sin especificar,Sin especificar,4322A,,null,,,,
IDA9252,4322,Persona,Víctima,Mujer,Sin especificar,Sin especificar,"4322B, 4322C",,null,,,,
IDA9253,4323,Persona,Perpetrador,Hombre,Sin especificar,Sin especificar,4323A,,null,,,,
IDA9254,4323,Persona,Víctima,Mujer,Esclavo,Sin especificar,4323A,,null,,,,
IDA9255,4324,Persona,Perpetrador,Hombre,Sin especificar,Sin especificar,4324A,,null,,,,
IDA9256,4325,Persona,Víctima,Mujer,Sin especificar,Sin especificar,4325A,,null,,,,
IDA9257,4325,Persona,Víctima,Hombre,Sin especificar,Sin especificar,4325B,,null,,,,
IDA9258,4325,Persona,Perpetrador,Hombre,Sin especificar,Político del Estado,4325B,,null,,,,
IDA9259,4326,Persona,Perpetrador,Hombre,Sin especificar,Sin especificar,4326A,,null,,,,
IDA9260,4326,Persona,Víctima,Mujer,Sin especificar,Sin especificar,4326A,,null,,,,
IDA9261,4327,Persona,Perpetrador,Hombre,Sin especificar,Sin especificar,4327A,,null,,,,
IDA9262,4327,Persona,Víctima,Hombre,Sin especificar,Sin especificar,4327A,,null,,,,
IDA9263,4328,Persona,Perpetrador,Hombre,Sin especificar,Sin especificar,4328A,,null,,,,
IDA9264,4328,Persona,Cómplice,Indeterminado,Indeterminado,Indeterminado,4328A,,null,,,,
IDA9265,4328,Persona,Cómplice,Indeterminado,Indeterminado,Indeterminado,4328A,,null,,,,
IDA9266,4329,Persona,Perpetrador,Hombre,Sin especificar,Sin especificar,4329A,,null,,,,
IDA9267,4329,Persona,Víctima,Mujer,Sin especificar,Sin especificar,4329A,,null,,,,
IDA9268,4332,Persona,Perpetrador,Hombre,Sin especificar,Sin especificar,4332A,,null,,,,
IDA9269,4332,Persona,Víctima,Hombre,Sin especificar,Político del Estado,4332A,,null,,,,
IDA9270,4339,Persona,Perpetrador,Mujer,Sin especificar,Sin especificar,4339A,,null,,,,
IDA9271,4339,Persona,Víctima,Hombre,Sin especificar,Sin especificar,4339A,,null,,,,
IDA9272,4347,Persona,Perpetrador,Hombre,Sin especificar,Sin especificar,4347A,,null,,,,
IDA9273,4347,Persona,Perpetrador,Mujer,Sin especificar,Sin especificar,4347A,,null,,,,
IDA9274,4347,Persona,Víctima,Hombre,Sin especificar,Sin especificar,4347A,,null,,,,
IDA9275,4348,Persona,Perpetrador,Hombre,Sin especificar,Sin especificar,4348A,,null,,,,
IDA9276,4348,Persona,Víctima,Hombre,Sin especificar,Sin especificar,4348A,,null,,,,
IDA9277,4349,Persona,Perpetrador,Hombre,Sin especificar,Sin especificar,4349A,,null,,,,
IDA9278,4349,Persona,Perpetrador,Mujer,Sin especificar,Sin especificar,4349A,,null,,,,
IDA9279,4349,Persona,Perpetrador,Hombre,Sin especificar,Sin especificar,4349A,,null,,,,
IDA9280,4350,Persona,Perpetrador,Hombre,Sin especificar,Sin especificar,4350A,,null,,,,
IDA9281,4350,Persona,Víctima,Hombre,Sin especificar,Sin especificar,4350A,,null,,,,
IDA9282,4351,Persona,Perpetrador,Hombre,Sin especificar,Sin especificar,4351A,,null,,,,
IDA9283,4351,Persona,Víctima,Hombre,Sin especificar,Sin especificar,4351A,,null,,,,
IDA9284,4351,Persona,Víctima,Mujer,Sin especificar,Sin especificar,4351A,,null,,,,
IDA9285,4352,Persona,Perpetrador,Hombre,Sin especificar,Político del Estado,"4352A, 4352B",,null,,,,
IDA9286,4353,Persona,Perpetrador,Hombre,Sin especificar,Sin especificar,4353A,,null,,,,
IDA9287,4353,Persona,Víctima,Hombre,Sin especificar,Sin especificar,4353A,,null,,,,
IDA9288,4354,Persona,Perpetrador,Hombre,Sin especificar,Sin especificar,4354A,,null,,,,
IDA9289,4354,Persona,Víctima,Hombre,Sin especificar,Sin especificar,4354A,,null,,,,
IDA9290,4355,Persona,Perpetrador,Mujer,Sin especificar,Sin especificar,4355A,,null,,,,
IDA9291,4355,Persona,Perpetrador,Mujer,Sin especificar,Sin especificar,4355A,,null,,,,
IDA9292,4355,Persona,Perpetrador,Mujer,Sin especificar,Sin especificar,4355A,,null,,,,
IDA9293,4355,Persona,Víctima,Hombre,Sin especificar,Sin especificar,4355A,,null,,,,
IDA9294,4356,Persona,Víctima,Hombre,Sin especificar,Político del Estado,"4356A, 4356B",,null,Perpetrador,,,
IDA9295,4356,Persona,Víctima,Hombre,Sin especificar,Político del Estado,"4356C, 4356F",,,,,,
IDA9296,4356,Persona,Perpetrador,Hombre,Sin especificar,Sin especificar,"4356A, 4356B",,null,Víctima,,,
IDA9297,4356,Persona,Perpetrador,Hombre,Sin especificar,Sin especificar,"4356C, 4356F",,,,,,
IDA9298,4356,Persona,Perpetrador,Hombre,Sin especificar,Sin especificar,"4356A, 4356B",,null,Víctima,,,
IDA9299,4356,Persona,Perpetrador,Hombre,Sin especificar,Sin especificar,"4356C, 4356D, 4356E, 4356F",,null,,,,
IDA9300,4357,Persona,Perpetrador,Hombre,Sin especificar,Sin especificar,4357A,,null,,,,
IDA9301,4357,Persona,Víctima,Hombre,Sin especificar,Político del Estado,4357A,,null,,,,
IDA9302,4357,Persona,Perpetrador,Hombre,Sin especificar,Político del Estado,4357B,,null,,,,
IDA9303,4357,Persona,Víctima,Hombre,Sin especificar,Sin especificar,4357B,,null,,,,
IDA9304,4358,Persona,Perpetrador,Hombre,Sin especificar,Sin especificar,4358A,,null,,,,
IDA9305,4358,Persona,Víctima,Indeterminado,Indeterminado,Indeterminado,4358A,1,null,,,,
IDA9306,4359,Persona,Perpetrador,Hombre,Sin especificar,Sin especificar,4359A,,null,,,,
IDA9307,4359,Persona,Víctima,Hombre,Sin especificar,Sin especificar,4359A,,null,,,,